NUM_ACC,MOIS_ACC,HEU_ACC,COD_PRV,COD_ETA_CHA,COD_ETA_SUR,COD_LUM,COD_INT,TYP_LIE_ACC,NUM_ROU,PKM,LAR_CHA,COD_TYP_CHA,COD_TYP_COL,COD_OBS_HRT,COD_POI_CHO,COD_MAN,CIR_ACC
433,1.0,1,23,1,1,1,1,1,802.0,159.2,10.0,2.0,8.0,18,9.0,11.0,21
434,1.0,19,23,1,1,1,1,1,802.0,128.7,8.0,2.0,8.0,18,9.0,11.0,9
435,1.0,14,23,1,1,2,1,1,802.0,107.4,8.0,2.0,2.0,15,6.0,1.0,9
437,1.0,1,39,1,1,1,1,1,13.0,300.23,6.0,1.0,8.0,18,9.0,1.0,9
438,1.0,21,39,1,1,1,1,1,13.0,292.8,6.0,1.0,8.0,18,9.0,1.0,341
439,1.0,20,68,1,1,1,1,1,201.0,77.4,6.0,1.0,3.0,15,1.0,1.0,3
440,1.0,13,27,1,1,2,1,1,301.0,174.2,7.0,1.0,8.0,13,9.0,1.0,82
441,1.0,16,27,1,1,2,1,1,9999.0,9999.99,4.0,1.0,8.0,18,7.0,1.0,341
442,1.0,12,27,1,1,2,1,1,204.0,18.1,8.0,1.0,8.0,2,2.0,1.0,31
444,1.0,17,68,1,1,2,1,1,2339.0,10.0,6.0,1.0,7.0,15,7.0,4.0,21
445,1.0,19,27,1,1,1,1,1,1.0,624.2,8.0,1.0,8.0,6,9.0,1.0,9
446,1.0,12,27,1,1,2,1,1,1.0,620.0,8.0,1.0,8.0,13,7.0,1.0,31
448,1.0,21,27,1,1,1,1,1,301.0,115.0,8.0,1.0,8.0,13,8.0,1.0,46
449,1.0,12,27,1,1,2,1,1,204.0,38.3,8.0,1.0,1.0,15,1.0,4.0,46
453,1.0,13,27,1,1,2,1,1,2221.0,9999.99,8.0,1.0,8.0,14,3.0,16.0,33
454,1.0,8,27,1,1,2,1,1,1.0,625.8,8.0,1.0,2.0,15,4.0,1.0,31
455,1.0,18,27,1,1,1,1,1,1.0,624.4,8.0,1.0,8.0,14,2.0,16.0,9
457,1.0,12,27,1,1,2,1,1,301.0,96.3,8.0,1.0,8.0,13,8.0,1.0,9
458,1.0,1,27,1,1,1,1,1,301.0,79.7,8.0,1.0,8.0,13,9.0,1.0,9
461,1.0,19,27,1,1,1,1,1,2313.0,2.1,7.0,1.0,2.0,15,4.0,1.0,31
462,1.0,22,27,1,1,1,1,1,202.0,30.8,8.0,1.0,8.0,13,8.0,1.0,9
463,1.0,18,27,1,1,1,1,1,2314.0,9999.99,8.0,1.0,8.0,13,7.0,1.0,9
464,1.0,15,27,1,1,2,1,1,1.0,612.0,8.0,1.0,3.0,15,8.0,4.0,9
465,1.0,19,27,1,1,1,1,1,2307.0,1.8,8.0,1.0,2.0,15,4.0,1.0,459
466,1.0,12,27,1,1,2,1,1,2307.0,12.0,8.0,1.0,2.0,13,2.0,14.0,9
467,1.0,10,27,1,1,2,1,1,1.0,607.6,8.0,1.0,8.0,13,7.0,1.0,9
468,1.0,12,27,1,1,2,1,1,2323.0,15.0,7.0,1.0,3.0,15,3.0,4.0,48
469,1.0,22,27,1,1,1,1,1,204.0,39.0,8.0,1.0,2.0,15,4.0,1.0,9
470,1.0,19,27,1,1,1,1,1,204.0,36.7,8.0,1.0,1.0,1,1.0,21.0,9
471,1.0,12,27,1,1,2,1,1,2307.0,1.8,8.0,1.0,2.0,15,4.0,1.0,9
472,1.0,0,27,1,1,1,1,1,2307.0,5.5,8.0,1.0,1.0,15,1.0,1.0,31
473,1.0,13,27,1,1,2,1,1,2314.0,9999.99,8.0,1.0,8.0,14,1.0,16.0,9
474,1.0,13,27,1,1,2,1,1,2306.0,35.4,8.0,1.0,3.0,15,1.0,12.0,31
475,1.0,16,27,1,1,2,1,1,2306.0,31.0,8.0,1.0,8.0,14,4.0,16.0,31
476,1.0,19,27,3,1,1,1,1,2323.0,29.4,5.0,1.0,1.0,15,1.0,4.0,9
477,1.0,20,27,1,1,1,1,1,1.0,565.0,8.0,1.0,8.0,14,3.0,16.0,9
478,1.0,12,27,1,1,2,1,1,204.0,35.5,8.0,1.0,5.0,15,4.0,1.0,9
480,1.0,12,27,1,1,2,1,1,202.0,13.2,8.0,1.0,8.0,12,5.0,1.0,31
481,1.0,11,27,1,1,2,1,1,204.0,7.1,8.0,1.0,3.0,15,8.0,1.0,9
482,1.0,14,27,1,1,2,1,1,204.0,3.9,8.0,1.0,2.0,15,4.0,1.0,31
483,1.0,15,27,1,1,2,1,1,1.0,565.1,8.0,1.0,8.0,14,2.0,16.0,9
484,1.0,18,27,1,1,1,1,1,1.0,565.5,8.0,1.0,8.0,14,2.0,16.0,31
485,1.0,23,27,1,1,1,1,1,301.0,121.8,8.0,1.0,3.0,15,8.0,4.0,38
486,1.0,21,27,1,1,1,1,1,204.0,8.1,8.0,1.0,3.0,15,8.0,4.0,99
487,1.0,13,27,1,1,2,1,1,202.0,17.1,8.0,1.0,3.0,15,7.0,6.0,36
488,1.0,8,27,1,1,2,1,1,202.0,9.1,8.0,1.0,2.0,15,4.0,1.0,48
489,1.0,8,68,1,1,2,1,1,204.0,81.0,10.0,1.0,7.0,15,8.0,14.0,31
490,1.0,14,68,1,1,2,1,1,204.0,80.0,7.0,1.0,8.0,14,8.0,16.0,31
491,1.0,9,27,1,1,2,1,1,2300.0,16.0,7.0,1.0,3.0,15,1.0,16.0,31
493,1.0,9,27,1,1,2,1,1,2307.0,21.5,7.0,1.0,3.0,15,8.0,1.0,32
494,1.0,17,27,1,1,2,1,1,2313.0,18.8,7.0,1.0,3.0,15,8.0,9.0,32
495,1.0,10,27,1,1,2,1,1,2300.0,16.5,7.0,1.0,8.0,14,1.0,16.0,33
497,1.0,12,27,1,1,2,1,1,2307.0,9.8,7.0,1.0,2.0,15,4.0,1.0,9
498,1.0,15,27,1,1,2,1,1,2307.0,22.2,7.0,1.0,3.0,15,6.0,1.0,9
499,1.0,14,68,1,1,2,1,1,201.0,28.0,6.0,1.0,7.0,15,4.0,1.0,36
500,1.0,16,27,1,1,2,1,1,9999.0,9999.99,6.0,1.0,3.0,15,8.0,1.0,9
501,1.0,11,11,1,1,2,1,1,206.0,57.1,6.0,1.0,7.0,15,8.0,1.0,31
502,1.0,12,68,1,1,2,1,1,201.0,66.0,6.0,1.0,8.0,18,8.0,1.0,32
503,1.0,12,68,1,1,2,1,1,201.0,65.0,6.0,1.0,8.0,14,7.0,1.0,9
505,1.0,9,68,1,1,2,1,1,201.0,46.0,6.0,1.0,8.0,18,8.0,1.0,9
506,1.0,12,68,1,1,2,1,1,204.0,52.0,7.0,1.0,7.0,15,7.0,4.0,9
507,1.0,12,68,1,1,2,1,1,201.0,9999.99,11.0,1.0,7.0,14,8.0,16.0,9
509,1.0,9,68,1,1,2,1,1,2339.0,9999.99,6.0,1.0,8.0,18,8.0,1.0,33
511,1.0,16,68,1,1,2,1,1,2339.0,14.0,6.0,1.0,8.0,18,7.0,1.0,36
512,1.0,16,11,1,1,2,1,1,206.0,27.1,6.0,1.0,1.0,15,1.0,4.0,40
513,1.0,4,57,1,1,1,1,1,803.0,159.32,7.0,2.0,2.0,15,1.0,1.0,9
516,1.0,13,43,1,1,2,1,1,2017.0,46.1,8.0,1.0,3.0,15,3.0,18.0,9
517,1.0,7,43,1,1,2,1,1,9999.0,266.75,8.0,1.0,8.0,18,1.0,18.0,31
520,1.0,20,22,1,1,1,1,1,2007.0,9.0,7.0,1.0,2.0,15,4.0,18.0,9
521,1.0,17,22,1,1,2,1,1,803.0,229.3,7.0,2.0,8.0,14,1.0,18.0,9
522,1.0,20,57,1,1,1,1,1,8.0,297.3,8.0,1.0,8.0,14,7.0,1.0,9
523,1.0,22,11,1,1,1,1,1,9.0,222.7,7.0,1.0,8.0,18,1.0,11.0,71
524,1.0,6,57,1,1,1,1,1,2107.0,12.6,9.0,1.0,8.0,18,9.0,18.0,21
525,1.0,12,11,1,1,2,1,1,9.0,184.4,6.0,1.0,1.0,15,1.0,4.0,9
526,1.0,17,11,1,1,2,1,1,205.0,3.6,7.0,1.0,8.0,18,7.0,11.0,9
527,1.0,13,11,1,1,2,1,1,2135.0,22.9,7.0,1.0,3.0,15,7.0,6.0,21
529,1.0,13,11,1,1,2,1,1,2125.0,0.19,7.0,1.0,3.0,15,7.0,6.0,9
530,1.0,21,22,1,1,1,1,1,8.0,240.0,10.0,1.0,7.0,15,1.0,8.0,21
532,1.0,22,22,1,1,1,1,1,7.0,135.0,16.0,1.0,2.0,15,4.0,1.0,46
534,1.0,15,22,1,1,2,1,1,2009.0,3.0,9.0,1.0,7.0,15,7.0,4.0,9
538,1.0,12,11,1,1,2,1,1,8.0,301.0,7.0,1.0,8.0,14,7.0,16.0,21
539,1.0,20,11,1,1,1,1,1,2115.0,1.8,7.0,1.0,3.0,15,7.0,6.0,21
540,1.0,15,11,1,1,2,1,1,8.0,347.0,7.0,1.0,2.0,15,4.0,1.0,9
541,1.0,20,11,1,1,1,1,1,2125.0,18.0,7.0,1.0,1.0,15,1.0,4.0,31
545,1.0,9,22,1,1,2,1,1,7.0,137.0,16.0,1.0,7.0,15,7.0,8.0,53
546,1.0,10,22,1,1,2,1,1,7.0,136.2,16.0,1.0,2.0,15,4.0,1.0,33
547,1.0,14,22,1,1,2,1,1,7.0,127.0,16.0,1.0,2.0,15,4.0,1.0,3
550,1.0,21,22,1,1,1,1,1,8.0,239.0,9.0,2.0,8.0,13,7.0,11.0,9
551,1.0,13,22,1,1,2,1,1,8.0,266.6,9.0,1.0,7.0,15,7.0,1.0,9
556,1.0,20,22,1,1,1,1,1,2017.0,3.1,16.0,1.0,1.0,15,1.0,4.0,31
557,1.0,21,11,1,1,1,1,1,2135.0,1.0,6.0,1.0,8.0,18,1.0,10.0,9
558,1.0,23,11,1,1,1,1,1,9.0,195.5,6.0,1.0,8.0,13,9.0,11.0,21
559,1.0,22,11,1,1,1,1,1,9.0,147.8,9.0,1.0,3.0,15,5.0,18.0,21
560,1.0,18,57,1,1,1,1,1,2107.0,3.5,6.0,1.0,3.0,15,5.0,18.0,9
561,1.0,20,57,1,1,1,1,1,2104.0,6.3,7.0,1.0,8.0,18,9.0,18.0,32
562,1.0,14,57,1,1,2,1,1,8.0,297.3,8.0,1.0,3.0,15,2.0,4.0,3
563,1.0,21,48,1,1,1,1,1,803.0,334.3,12.0,2.0,2.0,15,1.0,1.0,31
564,1.0,19,48,1,1,1,1,1,201.0,6.2,6.0,1.0,1.0,15,3.0,4.0,9
565,1.0,22,48,1,1,1,1,1,8.0,157.2,11.0,1.0,1.0,15,1.0,4.0,9
566,1.0,12,43,1,1,2,1,1,2019.0,9999.99,6.0,1.0,8.0,14,1.0,18.0,38
568,1.0,9,43,1,1,2,1,1,2017.0,18.2,18.0,1.0,8.0,18,9.0,18.0,46
569,1.0,16,48,1,1,2,1,1,2022.0,20.2,6.0,1.0,8.0,14,1.0,18.0,33
570,1.0,14,43,1,1,2,1,1,2022.0,58.0,6.0,1.0,8.0,14,1.0,18.0,9
571,1.0,17,43,1,1,2,1,1,2010.0,34.3,7.0,1.0,8.0,15,1.0,18.0,36
586,1.0,11,22,1,1,2,1,1,9.0,236.0,9.0,2.0,8.0,18,1.0,1.0,9
589,1.0,0,22,1,1,1,1,1,9.0,231.8,9.0,2.0,8.0,8,1.0,10.0,71
591,1.0,15,22,1,1,2,1,1,2008.0,9999.99,9.0,1.0,7.0,15,7.0,1.0,21
593,1.0,10,22,1,1,2,1,1,9.0,236.0,9.0,2.0,7.0,15,7.0,9.0,32
594,1.0,20,11,1,1,1,1,1,2115.0,6.0,7.0,1.0,2.0,15,4.0,1.0,38
596,1.0,8,43,1,1,2,1,1,2117.0,25.6,7.0,1.0,1.0,15,1.0,4.0,31
597,1.0,18,11,1,1,1,1,1,210.0,48.5,7.0,1.0,1.0,15,1.0,4.0,9
600,1.0,12,11,1,1,2,1,1,2123.0,9.6,7.0,1.0,3.0,15,7.0,4.0,9
603,1.0,12,43,1,1,2,1,1,2016.0,18.0,7.0,1.0,8.0,14,1.0,18.0,9
604,1.0,16,11,1,1,2,1,1,2125.0,0.1,7.0,1.0,1.0,15,1.0,4.0,9
605,1.0,18,11,1,1,1,1,1,2125.0,0.03,7.0,1.0,8.0,14,7.0,16.0,9
607,1.0,16,11,1,1,2,1,1,8.0,339.3,7.0,1.0,3.0,15,7.0,6.0,9
609,1.0,16,11,1,1,2,1,1,8.0,339.0,7.0,1.0,2.0,15,4.0,1.0,31
610,1.0,7,11,1,1,2,1,1,8.0,344.0,7.0,1.0,2.0,15,4.0,1.0,31
611,1.0,17,11,1,1,2,1,1,206.0,103.5,2.0,1.0,2.0,15,4.0,1.0,32
612,1.0,10,11,1,1,2,1,1,2115.0,1.3,7.0,1.0,2.0,15,4.0,1.0,32
614,1.0,12,11,1,1,2,1,1,2135.0,0.2,7.0,1.0,8.0,18,7.0,11.0,9
615,1.0,12,11,1,1,2,1,1,208.0,0.31,7.0,1.0,8.0,14,7.0,16.0,3
616,1.0,13,11,1,1,2,1,1,8.0,301.0,7.0,1.0,3.0,15,7.0,6.0,38
617,1.0,13,11,1,1,2,1,1,8.0,301.0,7.0,1.0,2.0,15,4.0,1.0,32
618,1.0,16,11,1,1,2,1,1,8.0,301.0,7.0,1.0,3.0,15,7.0,6.0,9
619,1.0,14,11,1,1,2,1,1,8.0,303.7,7.0,1.0,3.0,15,7.0,6.0,71
620,1.0,3,11,1,1,1,1,1,8.0,300.8,7.0,1.0,8.0,7,1.0,17.0,38
621,1.0,15,11,1,1,2,1,1,8.0,308.9,7.0,1.0,2.0,15,4.0,1.0,42
622,1.0,15,11,1,1,2,1,1,8.0,301.0,7.0,1.0,2.0,15,4.0,1.0,3
623,1.0,12,11,1,1,2,1,1,2125.0,14.0,7.0,1.0,3.0,15,7.0,6.0,9
625,1.0,20,22,1,1,1,1,1,7.0,134.3,16.0,1.0,2.0,15,4.0,1.0,3
626,1.0,12,22,1,1,2,1,1,7.0,136.1,16.0,1.0,2.0,15,4.0,1.0,3
629,1.0,18,22,1,1,1,1,1,7.0,137.0,16.0,1.0,2.0,15,4.0,1.0,21
633,1.0,10,22,1,1,2,1,1,7.0,135.2,16.0,1.0,2.0,15,4.0,1.0,21
634,1.0,18,22,1,1,1,1,1,7.0,130.0,16.0,1.0,7.0,15,8.0,6.0,3
635,1.0,21,22,1,1,1,1,1,7.0,135.0,16.0,1.0,7.0,15,8.0,4.0,3
638,1.0,21,11,1,1,1,1,1,2137.0,10.0,7.0,1.0,2.0,15,4.0,1.0,21
639,1.0,8,11,1,1,2,1,1,205.0,6.5,7.0,1.0,2.0,15,4.0,1.0,38
641,1.0,18,11,1,1,1,1,1,208.0,26.8,7.0,1.0,2.0,15,4.0,1.0,38
642,1.0,19,11,1,1,1,1,1,208.0,26.2,7.0,1.0,2.0,15,4.0,1.0,9
644,1.0,18,22,1,1,1,1,1,212.0,9999.99,10.0,1.0,2.0,15,7.0,8.0,31
645,1.0,14,22,1,1,2,1,1,2008.0,9999.99,9.0,1.0,3.0,15,7.0,1.0,3
648,1.0,19,22,1,1,1,1,1,8.0,241.0,10.0,1.0,7.0,15,7.0,6.0,341
649,1.0,16,22,1,1,2,1,1,8.0,242.0,10.0,1.0,7.0,15,4.0,1.0,59
651,1.0,13,22,1,1,2,1,1,7.0,132.0,16.0,1.0,7.0,15,8.0,4.0,21
653,1.0,14,22,1,1,2,1,1,7.0,137.5,16.0,1.0,8.0,2,8.0,10.0,21
654,1.0,21,22,1,1,1,1,1,212.0,6.4,8.0,1.0,7.0,15,8.0,8.0,9
656,1.0,10,22,1,1,2,1,1,8.0,236.0,10.0,1.0,2.0,15,1.0,1.0,21
658,1.0,22,22,1,1,1,1,1,8.0,236.0,10.0,1.0,3.0,15,8.0,6.0,32
660,1.0,15,22,1,1,2,1,1,212.0,5.0,9.0,1.0,3.0,15,8.0,6.0,42
661,1.0,9,22,1,1,2,1,1,212.0,5.0,6.0,1.0,7.0,15,7.0,1.0,450
664,1.0,12,22,1,1,2,1,1,8.0,260.0,9.0,2.0,8.0,14,1.0,16.0,341
668,1.0,20,22,1,1,1,1,1,8.0,265.0,9.0,2.0,8.0,14,1.0,16.0,42
669,1.0,17,22,1,1,2,1,1,8.0,264.8,9.0,2.0,8.0,13,8.0,11.0,9
670,1.0,7,22,1,1,2,1,1,210.0,3.5,8.0,1.0,2.0,15,4.0,1.0,31
672,1.0,23,22,1,1,1,1,1,8.0,259.1,9.0,2.0,2.0,15,4.0,1.0,9
673,1.0,21,22,1,1,1,1,1,2012.0,9999.99,8.0,1.0,2.0,15,1.0,1.0,31
674,1.0,20,22,1,1,1,1,1,2006.0,14.8,7.0,1.0,1.0,15,1.0,4.0,9
675,1.0,10,22,1,1,2,1,1,2006.0,10.0,7.0,1.0,7.0,15,3.0,8.0,46
678,1.0,20,22,1,1,1,1,1,9.0,249.0,8.0,1.0,2.0,15,4.0,1.0,38
679,1.0,17,22,1,1,2,1,1,2006.0,8.2,7.0,1.0,2.0,15,4.0,1.0,21
680,1.0,12,22,1,1,2,1,1,8.0,265.0,9.0,2.0,7.0,15,8.0,8.0,43
682,1.0,20,22,1,1,1,1,1,8.0,263.7,9.0,2.0,7.0,15,7.0,1.0,31
684,1.0,23,22,1,1,1,1,1,2017.0,5.2,16.0,1.0,7.0,15,7.0,15.0,9
685,1.0,18,22,1,1,1,1,1,203.0,3.3,8.0,1.0,8.0,14,1.0,16.0,82
686,1.0,19,22,1,1,1,1,1,2017.0,9.2,16.0,1.0,2.0,15,4.0,1.0,21
689,1.0,21,22,1,1,1,1,1,2017.0,5.0,16.0,1.0,7.0,15,8.0,4.0,9
690,1.0,9,22,1,1,2,1,1,2017.0,5.0,16.0,1.0,8.0,7,1.0,11.0,9
691,1.0,19,22,1,1,1,1,1,2017.0,14.1,8.0,1.0,2.0,15,4.0,1.0,9
692,1.0,1,22,1,1,1,1,1,2017.0,10.0,16.0,1.0,7.0,15,8.0,8.0,9
693,1.0,9,22,1,1,2,1,1,2017.0,4.2,16.0,1.0,8.0,14,1.0,16.0,31
695,1.0,9,11,1,1,2,1,1,9.0,191.0,6.0,1.0,3.0,15,8.0,7.0,21
696,1.0,15,57,1,1,2,1,1,2101.0,0.3,6.0,1.0,3.0,15,1.0,6.0,21
697,1.0,13,57,1,1,2,1,1,7.0,68.2,7.0,1.0,2.0,15,1.0,1.0,9
698,1.0,18,11,1,1,1,1,1,206.0,12.8,6.0,1.0,2.0,15,1.0,1.0,21
699,1.0,13,22,1,1,2,1,1,7.0,108.5,7.0,1.0,4.0,15,4.0,1.0,9
702,1.0,11,22,1,1,2,1,1,2017.0,8.2,16.0,1.0,7.0,15,3.0,7.0,82
703,1.0,13,22,1,1,2,1,1,203.0,4.3,8.0,1.0,7.0,15,4.0,20.0,99
704,1.0,12,57,2,1,2,1,1,2114.0,20.15,6.0,1.0,8.0,18,1.0,10.0,46
705,1.0,12,57,1,1,2,1,1,2118.0,23.0,7.0,1.0,8.0,18,1.0,10.0,9
707,1.0,12,11,1,1,2,1,1,9.0,223.2,7.0,1.0,2.0,15,1.0,1.0,99
708,1.0,15,22,2,1,2,1,1,2002.0,1.0,6.0,1.0,1.0,15,1.0,4.0,32
709,1.0,12,11,1,1,2,1,1,9.0,214.8,7.0,1.0,8.0,18,1.0,11.0,21
710,1.0,19,57,1,1,1,1,1,803.0,150.5,7.0,2.0,8.0,18,1.0,10.0,31
711,1.0,6,57,1,1,1,1,1,803.0,169.0,7.0,2.0,2.0,15,1.0,1.0,9
712,1.0,18,57,1,1,1,1,1,8301.0,5.8,7.0,2.0,8.0,18,1.0,11.0,9
713,1.0,12,57,1,1,2,1,1,803.0,191.1,7.0,2.0,8.0,18,1.0,10.0,9
714,1.0,7,48,1,1,2,1,1,207.0,85.8,12.0,2.0,2.0,15,2.0,1.0,71
715,1.0,18,48,1,1,1,1,1,212.0,70.8,6.0,1.0,3.0,15,1.0,1.0,9
716,1.0,17,48,1,1,2,1,1,212.0,79.9,6.0,1.0,2.0,15,1.0,1.0,9
717,1.0,20,48,1,1,1,1,1,212.0,75.3,6.0,1.0,7.0,15,7.0,4.0,9
718,1.0,17,48,1,1,2,1,1,212.0,54.2,6.0,1.0,7.0,15,2.0,4.0,32
719,1.0,17,48,1,1,2,1,1,212.0,59.1,6.0,1.0,7.0,15,4.0,1.0,9
720,1.0,9,57,1,1,2,1,1,803.0,107.9,7.0,2.0,8.0,18,1.0,11.0,9
721,1.0,10,57,1,1,2,1,1,2118.0,2.6,7.0,1.0,8.0,18,1.0,10.0,3
722,1.0,12,57,1,1,2,1,1,8.0,289.2,7.0,1.0,3.0,15,1.0,1.0,33
723,1.0,12,57,1,1,2,1,1,8.0,276.1,8.0,1.0,1.0,15,1.0,4.0,9
725,1.0,19,22,1,1,1,1,1,8.0,221.9,7.0,1.0,2.0,15,1.0,1.0,21
726,1.0,11,22,1,1,2,1,1,8.0,223.6,7.0,1.0,7.0,15,8.0,6.0,9
727,1.0,20,22,1,1,1,1,1,8.0,225.5,7.0,1.0,8.0,18,7.0,11.0,9
728,1.0,21,22,1,1,1,1,1,8.0,223.6,7.0,1.0,8.0,14,1.0,16.0,32
729,1.0,15,22,1,1,2,1,1,2030.0,28.0,6.0,1.0,8.0,13,1.0,18.0,9
730,1.0,12,22,1,1,2,1,1,2030.0,29.6,6.0,1.0,2.0,15,4.0,18.0,32
731,1.0,17,48,1,1,2,1,1,201.0,18.0,6.0,1.0,2.0,15,2.0,1.0,21
732,1.0,11,48,1,1,2,1,1,8.0,136.0,6.0,1.0,2.0,15,1.0,1.0,42
733,1.0,16,48,1,1,2,1,1,8.0,138.2,6.0,1.0,3.0,15,1.0,1.0,31
734,1.0,3,22,1,1,1,1,1,9.0,253.8,8.0,1.0,8.0,18,4.0,18.0,38
735,1.0,15,22,1,1,2,1,1,9.0,260.0,8.0,1.0,8.0,18,9.0,18.0,21
736,1.0,11,22,1,1,2,1,1,9.0,261.0,8.0,1.0,3.0,15,5.0,18.0,82
737,1.0,18,22,1,1,1,1,1,9.0,253.4,8.0,1.0,3.0,15,5.0,18.0,21
739,1.0,12,22,1,1,2,1,1,9.0,260.2,8.0,1.0,3.0,15,5.0,18.0,430
740,1.0,21,43,1,1,1,1,1,2009.0,9.5,7.0,1.0,2.0,15,4.0,18.0,21
741,1.0,3,22,1,1,1,1,1,2007.0,9999.99,7.0,1.0,8.0,18,9.0,18.0,21
743,1.0,12,22,1,1,2,1,1,212.0,23.0,7.0,1.0,3.0,15,3.0,18.0,9
745,1.0,20,43,1,1,1,1,1,2010.0,36.2,7.0,1.0,8.0,14,1.0,18.0,9
746,1.0,20,43,1,1,1,1,1,2010.0,26.5,7.0,1.0,8.0,18,1.0,18.0,32
749,1.0,12,43,1,1,2,1,1,2010.0,22.0,7.0,1.0,3.0,15,6.0,18.0,9
750,1.0,12,43,1,1,2,1,1,2012.0,22.0,7.0,1.0,2.0,15,4.0,18.0,9
751,1.0,9,43,1,1,2,1,1,9999.0,171.1,8.0,1.0,8.0,15,1.0,18.0,9
752,1.0,23,43,1,1,1,1,1,9999.0,182.0,8.0,1.0,8.0,18,9.0,18.0,3
753,1.0,11,43,1,1,2,1,1,9999.0,171.0,8.0,1.0,8.0,18,9.0,18.0,82
754,1.0,18,43,1,1,1,1,1,9999.0,166.0,8.0,1.0,3.0,15,5.0,18.0,82
755,1.0,0,43,1,1,1,1,1,9999.0,167.0,8.0,1.0,8.0,14,1.0,18.0,21
756,1.0,12,43,1,1,2,1,1,9999.0,161.2,8.0,1.0,1.0,15,1.0,18.0,9
757,1.0,17,43,1,1,2,1,1,9999.0,9999.99,8.0,1.0,3.0,15,3.0,19.0,9
758,1.0,12,43,1,1,2,1,1,9.0,314.4,8.0,1.0,2.0,15,4.0,18.0,9
759,1.0,12,43,1,1,2,1,1,9.0,300.0,8.0,1.0,8.0,18,9.0,18.0,9
761,1.0,6,43,1,1,1,1,1,9.0,270.2,8.0,1.0,8.0,15,4.0,18.0,32
762,1.0,12,22,1,1,2,1,1,9.0,264.9,8.0,1.0,8.0,18,9.0,18.0,100
763,1.0,18,22,1,1,1,1,1,9.0,256.0,8.0,1.0,8.0,14,1.0,18.0,32
765,1.0,13,13,1,1,2,1,1,10.0,646.82,6.0,1.0,3.0,15,1.0,1.0,32
766,1.0,10,13,1,1,2,1,1,10.0,649.85,6.0,1.0,2.0,15,1.0,1.0,59
768,1.0,0,13,1,1,1,1,1,10.0,653.2,6.0,1.0,8.0,2,1.0,1.0,9
772,1.0,19,13,1,4,1,1,1,10.0,550.2,8.0,1.0,2.0,15,4.0,20.0,9
773,1.0,13,13,1,1,2,1,1,7101.0,3.7,6.0,1.0,3.0,15,2.0,1.0,31
775,1.0,20,53,1,1,1,1,1,7318.0,9999.99,3.0,1.0,8.0,18,1.0,1.0,9
776,1.0,19,53,1,1,1,1,1,9999.0,9999.99,4.0,1.0,3.0,15,3.0,2.0,46
777,1.0,12,19,1,1,2,1,1,7307.0,3.2,4.0,1.0,8.0,13,9.0,1.0,9
779,1.0,8,53,1,1,2,1,1,503.0,184.0,7.0,1.0,8.0,13,9.0,16.0,9
783,1.0,13,53,1,1,2,1,1,7319.0,9999.99,6.0,1.0,8.0,14,1.0,1.0,9
784,1.0,10,53,1,1,2,1,1,503.0,198.0,6.0,1.0,8.0,18,1.0,1.0,9
789,1.0,11,53,1,1,2,1,1,13.0,396.6,6.0,1.0,7.0,13,3.0,18.0,31
790,1.0,19,53,1,1,1,1,1,7109.0,11.0,4.0,1.0,1.0,15,2.0,4.0,31
791,1.0,16,13,1,1,2,1,1,13.0,544.68,6.0,1.0,3.0,15,2.0,1.0,31
792,1.0,9,13,1,1,2,1,1,13.0,513.18,6.0,1.0,8.0,12,1.0,1.0,43
793,1.0,4,53,1,1,1,1,1,13.0,509.5,6.0,1.0,8.0,18,1.0,1.0,21
794,1.0,11,13,1,1,2,1,1,10.0,646.3,6.0,1.0,3.0,15,1.0,1.0,9
795,1.0,12,13,1,1,2,1,1,10.0,728.0,10.0,1.0,3.0,15,4.0,1.0,9
796,1.0,17,13,1,1,2,1,1,10.0,700.75,6.0,1.0,7.0,18,9.0,10.0,9
798,1.0,19,13,1,1,1,1,1,13.0,603.0,7.0,1.0,3.0,15,8.0,2.0,31
799,1.0,15,13,1,1,2,1,1,13.0,600.0,7.0,1.0,3.0,15,8.0,4.0,9
800,1.0,10,13,1,1,2,1,1,7101.0,28.2,5.0,1.0,1.0,2,8.0,2.0,9
801,1.0,21,13,1,1,1,1,1,7101.0,2.0,6.0,1.0,7.0,15,2.0,1.0,9
802,1.0,14,13,1,1,2,1,1,7101.0,16.5,7.0,1.0,8.0,14,4.0,1.0,82
803,1.0,14,13,1,1,2,1,1,10.0,565.0,8.0,1.0,3.0,15,6.0,12.0,31
804,1.0,20,13,1,1,1,1,1,10.0,558.6,17.0,1.0,7.0,15,6.0,12.0,9
805,1.0,21,13,1,1,1,1,1,10.0,560.7,11.0,1.0,7.0,14,1.0,1.0,48
807,1.0,22,13,1,1,1,1,1,10.0,558.5,8.0,1.0,7.0,14,1.0,16.0,9
808,1.0,21,13,1,1,1,1,1,702.0,3.1,6.0,1.0,7.0,18,9.0,11.0,9
809,1.0,18,13,1,1,1,1,1,702.0,66.0,8.0,1.0,3.0,15,6.0,1.0,9
811,1.0,8,13,1,1,2,1,1,13.0,662.4,6.0,1.0,8.0,18,9.0,10.0,31
812,1.0,6,13,1,1,1,1,1,13.0,665.1,6.0,1.0,8.0,15,8.0,1.0,31
818,1.0,10,59,1,1,2,1,1,1903.0,9999.99,5.0,1.0,8.0,13,1.0,12.0,50
819,1.0,21,32,1,1,1,1,1,1300.0,10.8,10.0,1.0,8.0,18,1.0,18.0,32
820,1.0,12,32,1,1,2,1,1,102.0,13.6,5.0,1.0,1.0,15,1.0,2.0,21
822,1.0,8,37,1,1,2,1,1,1911.0,9999.99,5.0,1.0,8.0,13,9.0,12.0,9
829,1.0,8,32,1,1,2,1,1,1.0,1098.2,7.0,1.0,3.0,18,6.0,1.0,9