NUM_ACC,MOIS_ACC,HEU_ACC,COD_PRV,COD_ETA_CHA,COD_ETA_SUR,COD_LUM,COD_INT,TYP_LIE_ACC,NUM_ROU,PKM,LAR_CHA,COD_TYP_CHA,COD_TYP_COL,COD_OBS_HRT,COD_POI_CHO,COD_MAN,CIR_ACC
832,1.0,8,32,1,1,2,1,1,1.0,1166.0,6.0,1.0,8.0,18,1.0,18.0,9
833,1.0,21,32,1,1,1,1,1,1300.0,4.2,6.0,1.0,8.0,18,1.0,18.0,36
835,1.0,18,59,1,1,1,1,1,1915.0,9999.99,5.0,1.0,8.0,13,9.0,12.0,31
836,1.0,11,59,1,1,2,1,1,104.0,15.3,6.0,1.0,8.0,13,2.0,13.0,9
837,1.0,9,59,1,1,2,1,1,104.0,28.7,6.0,1.0,3.0,15,1.0,9.0,31
839,1.0,21,31,1,1,1,1,1,1.0,1221.2,7.0,1.0,8.0,18,9.0,1.0,59
840,1.0,21,31,1,1,1,1,1,1.0,1290.6,7.0,1.0,8.0,18,9.0,1.0,9
841,1.0,23,59,1,1,1,1,1,1.0,1018.9,6.0,1.0,8.0,13,3.0,12.0,9
843,1.0,17,59,1,1,2,1,1,1.0,1013.5,6.0,1.0,3.0,15,9.0,7.0,9
846,1.0,19,12,1,1,1,1,1,1.0,691.0,6.0,1.0,3.0,15,3.0,1.0,9
848,1.0,19,12,1,1,1,1,1,1.0,681.98,6.0,1.0,2.0,15,4.0,1.0,31
851,1.0,8,12,1,1,2,1,1,1.0,699.7,6.0,1.0,2.0,1,1.0,1.0,31
852,1.0,18,12,1,1,1,1,1,1.0,702.7,6.0,1.0,8.0,13,9.0,1.0,9
853,1.0,14,12,1,1,2,1,1,1.0,690.0,6.0,1.0,8.0,13,9.0,1.0,96
855,1.0,18,12,1,1,1,1,1,2026.0,9999.99,4.0,1.0,8.0,18,1.0,1.0,31
857,1.0,9,12,1,1,2,1,1,1.0,670.7,7.0,2.0,2.0,15,6.0,1.0,9
860,1.0,20,12,1,1,1,1,1,1.0,666.0,6.0,1.0,2.0,15,4.0,1.0,3
862,1.0,19,27,1,1,1,1,1,1.0,627.0,12.0,1.0,8.0,14,4.0,1.0,9
866,1.0,14,12,1,1,2,1,1,1.0,721.5,9.0,1.0,3.0,15,3.0,1.0,32
867,1.0,14,12,1,1,2,1,1,1.0,751.2,19.0,1.0,7.0,14,1.0,1.0,9
868,1.0,12,12,1,1,2,1,1,1.0,750.4,10.0,1.0,3.0,15,3.0,4.0,341
869,1.0,19,12,1,1,1,1,1,2201.0,9999.99,5.0,1.0,3.0,15,2.0,4.0,32
870,1.0,20,24,1,1,1,1,1,16.0,414.4,7.0,1.0,7.0,5,1.0,10.0,33
871,1.0,18,24,1,1,1,1,1,2.0,427.0,9.0,1.0,8.0,18,9.0,11.0,33
874,1.0,20,55,1,1,1,1,1,511.0,29.8,6.0,1.0,7.0,15,2.0,1.0,9
875,1.0,18,55,1,1,1,1,1,16.0,322.5,6.0,1.0,3.0,15,8.0,4.0,3
876,1.0,16,55,1,1,2,1,1,2.0,372.3,6.0,1.0,3.0,15,3.0,4.0,31
880,1.0,14,24,1,1,2,1,1,19.0,22.0,7.0,1.0,2.0,15,4.0,1.0,9
881,1.0,21,55,1,1,1,1,1,2.0,400.3,7.0,1.0,1.0,15,1.0,4.0,9
883,1.0,20,24,1,1,1,1,1,2.0,420.2,7.0,1.0,2.0,15,4.0,1.0,9
886,1.0,19,55,1,1,1,1,1,6201.0,9999.99,6.0,1.0,3.0,15,7.0,4.0,9
888,1.0,11,55,1,1,2,1,1,610.0,77.0,6.0,1.0,7.0,18,8.0,1.0,9
889,1.0,12,24,1,1,2,1,1,16.0,354.0,6.0,1.0,7.0,18,8.0,1.0,31
890,1.0,11,55,1,1,2,1,1,6201.0,20.0,6.0,1.0,7.0,18,8.0,1.0,31
896,1.0,21,24,1,1,1,1,1,16.0,427.3,8.0,1.0,8.0,7,2.0,11.0,9
898,1.0,23,24,1,1,1,1,1,19.0,69.0,7.0,1.0,8.0,18,2.0,11.0,9
899,1.0,17,24,1,1,2,1,1,2.0,437.1,10.0,1.0,3.0,15,1.0,4.0,9
900,1.0,20,24,1,1,1,1,1,2.0,427.4,9.0,1.0,3.0,15,7.0,4.0,342
918,1.0,11,19,1,1,2,1,1,710.0,34.0,6.0,1.0,8.0,18,9.0,1.0,9
950,1.0,6,18,1,1,1,1,1,802.0,48.2,7.0,2.0,2.0,15,1.0,1.0,9
957,1.0,17,18,1,1,2,1,1,6.0,40.1,6.0,1.0,2.0,15,1.0,1.0,21
964,1.0,21,18,1,1,1,1,1,6.0,28.3,6.0,1.0,2.0,15,1.0,1.0,9
968,1.0,16,18,1,1,2,1,1,6.0,55.5,6.0,1.0,8.0,13,1.0,11.0,9
971,1.0,17,18,1,1,2,1,1,407.0,88.2,6.0,1.0,1.0,15,1.0,2.0,32
992,1.0,14,18,1,1,2,1,1,404.0,27.2,6.0,1.0,2.0,15,1.0,1.0,82
998,1.0,18,18,1,1,1,1,1,404.0,10.1,6.0,1.0,8.0,14,3.0,16.0,59
1040,1.0,16,51,1,1,2,1,1,9.0,5.0,7.0,1.0,3.0,15,2.0,8.0,341
1049,1.0,0,51,1,1,1,1,1,1.0,338.0,7.0,2.0,8.0,9,1.0,10.0,46
1052,1.0,18,50,1,1,1,1,1,801.0,73.0,8.0,2.0,2.0,15,4.0,1.0,32
1061,1.0,14,72,1,1,2,1,1,315.0,6.95,8.0,2.0,3.0,15,3.0,8.0,32
1069,1.0,22,51,1,1,1,1,1,9.0,3.9,7.0,2.0,3.0,15,8.0,20.0,9
1070,1.0,17,51,1,1,2,1,1,3000.0,9999.99,6.0,1.0,3.0,15,3.0,4.0,38
1077,1.0,10,71,1,1,2,1,1,3305.0,9999.99,6.0,1.0,7.0,15,4.0,1.0,46
1078,1.0,19,51,1,1,1,1,1,3004.0,9999.99,7.0,2.0,3.0,15,4.0,1.0,9
1085,1.0,20,6,1,1,1,1,1,3324.0,4.3,5.0,1.0,1.0,15,1.0,2.0,42
1086,1.0,20,50,1,1,1,1,1,3015.0,7.0,6.0,1.0,8.0,18,1.0,18.0,9
1089,1.0,21,6,1,1,1,1,1,3324.0,2.3,5.0,1.0,8.0,14,1.0,16.0,48
1092,1.0,16,50,1,1,2,1,1,3015.0,7.0,6.0,1.0,7.0,15,1.0,18.0,21
1093,1.0,10,71,1,1,2,1,1,3010.0,10.4,6.0,1.0,2.0,15,4.0,1.0,32
1094,1.0,19,72,1,1,1,1,1,320.0,11.7,7.0,1.0,2.0,15,5.0,1.0,21
1095,1.0,9,72,1,1,2,1,1,3011.0,12.0,7.0,1.0,3.0,15,7.0,4.0,21
1104,1.0,18,72,1,1,1,1,1,320.0,21.0,7.0,1.0,2.0,15,2.0,8.0,33
1134,1.0,10,51,1,1,2,1,1,1.0,343.0,18.0,2.0,8.0,13,1.0,11.0,50
1145,1.0,10,51,2,1,2,1,1,3019.0,9999.99,6.0,1.0,7.0,15,1.0,14.0,59
1152,1.0,23,51,1,1,1,1,1,3006.0,9999.99,6.0,1.0,3.0,15,8.0,6.0,9
1156,1.0,10,51,1,1,2,1,1,3006.0,9999.99,6.0,1.0,3.0,15,8.0,6.0,9
1159,1.0,13,51,1,1,2,1,1,3006.0,9999.99,6.0,1.0,8.0,14,1.0,16.0,38
1160,1.0,19,51,1,1,1,1,1,3019.0,9999.99,6.0,1.0,2.0,15,4.0,1.0,82
1161,1.0,14,51,1,1,2,1,1,3301.0,9999.99,6.0,1.0,8.0,14,1.0,16.0,31
1162,1.0,16,51,1,1,2,1,1,3002.0,9999.99,6.0,1.0,8.0,14,1.0,16.0,31
1163,1.0,11,51,1,1,2,1,1,9.0,5.0,12.0,1.0,8.0,14,1.0,16.0,31
1167,1.0,16,51,1,1,2,1,1,3002.0,9999.99,6.0,1.0,8.0,14,1.0,16.0,82
1168,1.0,17,51,1,1,2,1,1,3006.0,9999.99,6.0,1.0,3.0,15,3.0,12.0,9
1169,1.0,17,51,1,1,2,1,1,3006.0,9999.99,6.0,1.0,8.0,13,1.0,10.0,31
1170,1.0,9,51,2,1,2,1,1,3002.0,9999.99,6.0,1.0,3.0,15,8.0,6.0,3
1173,1.0,9,51,2,1,2,4,1,3006.0,9999.99,6.0,1.0,7.0,15,8.0,10.0,33
1178,1.0,16,72,1,1,2,1,1,3038.0,2.8,6.0,2.0,2.0,15,4.0,1.0,9
1185,1.0,15,72,1,1,2,1,1,3011.0,9999.99,6.0,1.0,2.0,15,4.0,1.0,9
1186,1.0,13,50,1,1,2,1,1,9999.0,1.5,25.0,1.0,3.0,15,9.0,1.0,33
1187,1.0,16,72,1,1,2,1,1,3011.0,3.0,7.0,2.0,3.0,15,3.0,1.0,82
1189,1.0,9,72,1,1,2,1,1,3032.0,3.0,7.0,2.0,3.0,15,7.0,1.0,21
1191,1.0,19,72,1,1,1,1,1,3011.0,3.0,15.0,2.0,3.0,15,9.0,12.0,21
1193,1.0,9,72,1,1,2,1,1,3013.0,1.0,16.0,2.0,3.0,15,3.0,16.0,32
1195,1.0,10,72,1,1,2,1,1,3009.0,9999.99,8.0,2.0,2.0,15,4.0,1.0,82
1196,1.0,8,72,1,1,2,1,1,3011.0,3.0,4.0,2.0,3.0,15,3.0,2.0,32
1199,1.0,22,50,2,1,1,1,1,3011.0,9999.99,7.0,1.0,3.0,15,3.0,2.0,21
1200,1.0,13,72,1,1,2,1,1,3009.0,0.3,15.0,1.0,3.0,15,8.0,2.0,31
1202,1.0,17,72,1,1,2,1,1,3009.0,9999.99,17.0,1.0,1.0,15,1.0,2.0,9
1203,1.0,10,50,1,1,2,1,1,3011.0,9999.99,14.0,1.0,2.0,15,4.0,1.0,9
1204,1.0,9,72,1,1,2,1,1,3011.0,3.8,6.0,1.0,7.0,14,1.0,15.0,32
1205,1.0,11,72,1,1,2,1,1,3011.0,3.3,7.0,1.0,3.0,15,5.0,13.0,100
1207,1.0,17,72,1,1,2,1,1,3009.0,3.0,8.0,1.0,3.0,15,9.0,2.0,96
1208,1.0,19,72,1,1,1,1,1,3011.0,3.0,7.0,1.0,3.0,15,2.0,1.0,9
1209,1.0,15,72,1,1,2,1,1,3011.0,3.2,7.0,1.0,7.0,15,1.0,1.0,38
1210,1.0,23,72,1,1,1,1,1,3011.0,9999.99,7.0,1.0,3.0,15,7.0,1.0,42
1211,1.0,9,72,1,1,2,1,1,3011.0,3.0,10.0,1.0,3.0,15,2.0,2.0,21
1212,1.0,15,72,1,1,2,1,1,3011.0,9999.99,12.0,1.0,1.0,15,1.0,2.0,9
1213,1.0,14,72,1,1,2,1,1,3009.0,9999.99,7.0,1.0,2.0,15,4.0,1.0,36
1214,1.0,20,72,1,1,1,1,1,3009.0,3.5,9.0,1.0,8.0,14,9.0,16.0,38
1215,1.0,20,72,1,2,1,2,1,3009.0,2.3,8.0,1.0,2.0,15,6.0,1.0,38
1216,1.0,18,72,1,1,1,1,1,3011.0,9999.99,7.0,1.0,7.0,14,1.0,16.0,21
1217,1.0,16,72,1,1,2,1,1,3032.0,9999.99,9.0,1.0,7.0,15,1.0,2.0,48
1218,1.0,18,72,1,1,1,1,1,3011.0,9999.99,14.0,1.0,7.0,14,1.0,16.0,21
1220,1.0,15,72,1,1,2,1,1,3011.0,4.0,7.0,2.0,2.0,15,6.0,1.0,82
1221,1.0,19,72,1,1,1,1,1,3011.0,9999.99,12.0,2.0,3.0,15,8.0,8.0,9
1224,1.0,9,71,1,1,2,1,1,315.0,10.0,9.0,2.0,7.0,9,1.0,1.0,32
1225,1.0,18,71,1,1,1,1,1,315.0,9.5,8.0,2.0,3.0,15,9.0,9.0,9
1227,1.0,18,71,1,1,1,1,1,3330.0,9999.99,6.0,1.0,2.0,15,4.0,1.0,9
1228,1.0,9,71,1,1,2,1,1,3336.0,9999.99,6.0,1.0,8.0,14,1.0,16.0,409
1229,1.0,14,71,1,1,2,1,1,3330.0,9999.99,6.0,1.0,3.0,15,6.0,15.0,9
1230,1.0,14,72,1,1,2,1,1,3038.0,6.0,7.0,1.0,2.0,15,1.0,1.0,21
1231,1.0,14,51,1,1,2,1,1,801.0,58.2,11.0,2.0,3.0,15,7.0,2.0,9
1232,1.0,8,51,1,1,2,1,1,8101.0,2.7,11.0,2.0,2.0,15,4.0,1.0,21
1233,1.0,19,51,1,1,1,1,1,801.0,9999.99,11.0,2.0,2.0,15,4.0,1.0,9
1234,1.0,12,51,1,1,2,1,1,801.0,54.1,11.0,2.0,8.0,18,1.0,1.0,9
1235,1.0,17,51,1,1,2,1,1,801.0,54.0,11.0,2.0,2.0,15,4.0,1.0,48
1236,1.0,14,50,1,1,2,1,1,9999.0,9999.99,5.0,1.0,2.0,15,1.0,1.0,3
1237,1.0,1,50,1,1,1,1,1,803.0,2.1,8.0,2.0,2.0,15,4.0,1.0,9
1238,1.0,11,50,1,1,2,1,1,3011.0,0.5,7.0,2.0,3.0,15,9.0,8.0,9
1239,1.0,21,72,1,1,1,1,1,3011.0,3.2,7.0,2.0,2.0,15,9.0,8.0,21
1243,1.0,17,72,1,1,2,1,1,3011.0,3.0,12.0,1.0,3.0,15,7.0,12.0,53
1244,1.0,10,72,1,1,2,1,1,1.0,379.0,9.0,1.0,2.0,1,4.0,1.0,9
1247,1.0,18,72,1,1,1,1,1,1.0,377.0,7.0,1.0,7.0,15,2.0,16.0,21
1248,1.0,21,72,1,1,1,1,1,3032.0,4.1,8.0,1.0,2.0,15,4.0,1.0,21
1250,1.0,18,72,2,1,1,1,1,3014.0,10.2,21.0,1.0,1.0,15,2.0,4.0,59
1251,1.0,15,72,1,1,2,1,1,3014.0,9.3,2.0,2.0,2.0,15,4.0,1.0,38
1254,1.0,14,71,1,1,2,1,1,9.0,20.0,9.0,1.0,2.0,15,4.0,1.0,38
1255,1.0,14,50,1,1,2,1,1,3015.0,9999.99,10.0,2.0,3.0,15,6.0,1.0,31
1258,1.0,11,71,1,1,2,1,1,9.0,21.0,8.0,1.0,8.0,18,1.0,18.0,21
1260,1.0,10,71,1,1,2,1,1,9.0,19.0,9.0,1.0,8.0,18,1.0,18.0,430
1265,1.0,9,50,1,1,2,1,1,3015.0,4.0,8.0,2.0,7.0,15,7.0,1.0,9
1268,1.0,10,71,1,1,2,1,1,9.0,28.2,7.0,2.0,2.0,15,4.0,1.0,31
1271,1.0,20,71,1,1,1,1,1,3336.0,9999.99,9.0,1.0,3.0,15,8.0,1.0,59
1272,1.0,19,71,1,1,1,1,1,9.0,29.0,8.0,1.0,3.0,15,2.0,4.0,9
1273,1.0,15,71,1,1,2,1,1,3330.0,9999.99,6.0,1.0,7.0,18,2.0,13.0,3
1274,1.0,21,51,1,1,1,1,1,322.0,10.0,8.0,1.0,7.0,2,1.0,1.0,3
1275,1.0,14,72,1,1,2,1,1,1.0,380.1,7.0,1.0,3.0,15,2.0,14.0,341
1278,1.0,17,72,1,1,2,1,1,3014.0,14.2,8.0,1.0,3.0,15,4.0,1.0,21
1280,1.0,7,72,1,1,2,1,1,3014.0,8.6,7.0,1.0,3.0,15,2.0,12.0,3
1282,1.0,19,72,1,1,1,1,1,3014.0,8.9,8.0,1.0,3.0,15,2.0,2.0,33
1283,1.0,22,72,1,1,1,1,1,3001.0,2.6,8.0,1.0,3.0,15,8.0,1.0,46
1284,1.0,20,72,1,1,1,1,1,3032.0,4.2,7.0,1.0,4.0,15,3.0,16.0,38
1286,1.0,13,72,1,1,2,1,1,1.0,382.0,9.0,1.0,3.0,15,2.0,2.0,9
1287,1.0,19,72,1,1,1,1,1,1.0,384.2,0.0,1.0,1.0,15,2.0,7.0,9
1288,1.0,10,72,1,1,2,1,1,3001.0,3.4,9.0,1.0,3.0,15,7.0,3.0,32
1289,1.0,21,72,1,1,1,1,1,3009.0,6.1,8.0,1.0,3.0,15,7.0,2.0,9
1290,1.0,19,72,1,1,1,1,1,1.0,378.1,7.0,1.0,2.0,15,5.0,14.0,9
1292,1.0,16,50,1,1,2,1,1,1.0,9999.99,7.0,1.0,7.0,15,7.0,14.0,9
1294,1.0,20,28,2,1,1,1,1,3615.0,9999.99,6.0,1.0,8.0,14,1.0,16.0,32
1295,1.0,21,54,1,1,1,1,1,803.0,37.5,8.0,1.0,8.0,14,1.0,16.0,31
1296,1.0,20,72,1,1,1,1,1,9.0,33.4,7.0,1.0,8.0,14,1.0,16.0,9
1297,1.0,1,72,1,1,1,1,1,9.0,35.2,7.0,1.0,8.0,14,1.0,16.0,3
1298,1.0,6,72,1,1,1,1,1,9.0,32.8,7.0,1.0,8.0,14,1.0,16.0,9
1299,1.0,9,54,1,1,2,1,1,3603.0,9999.99,7.0,1.0,7.0,14,1.0,2.0,9
1300,1.0,20,54,1,1,1,1,1,3607.0,9999.99,7.0,1.0,8.0,13,9.0,10.0,9
1301,1.0,13,54,1,1,2,1,1,305.0,78.0,6.0,1.0,3.0,15,2.0,1.0,9
1302,1.0,18,54,1,1,1,1,1,3627.0,9999.99,5.0,1.0,1.0,15,1.0,2.0,9
1303,1.0,7,54,1,1,2,1,1,3625.0,9999.99,7.0,1.0,8.0,14,4.0,1.0,82
1305,1.0,5,28,1,1,1,1,1,11.0,79.8,8.0,1.0,8.0,14,1.0,16.0,82
1307,1.0,22,54,1,1,1,1,1,9.0,41.4,7.0,1.0,1.0,15,1.0,4.0,3
1308,1.0,17,54,1,1,2,1,1,3602.0,9999.99,7.0,1.0,7.0,15,8.0,6.0,9
1309,1.0,17,28,1,1,2,1,1,11.0,97.1,8.0,1.0,2.0,15,4.0,14.0,3
1310,1.0,23,28,1,1,1,1,1,9.0,107.6,8.0,1.0,8.0,14,1.0,16.0,9
1311,1.0,10,28,1,1,2,1,1,11.0,90.1,8.0,1.0,8.0,14,1.0,16.0,36
1312,1.0,21,6,1,1,1,1,1,1.0,312.82,12.0,1.0,2.0,15,4.0,1.0,9
1313,1.0,18,6,1,1,1,1,1,3329.0,16.0,7.0,1.0,8.0,14,7.0,16.0,9
1314,1.0,9,6,1,1,2,1,1,3305.0,9999.99,6.0,1.0,1.0,15,1.0,4.0,9
1317,1.0,17,54,2,1,2,1,1,3606.0,9999.99,4.0,1.0,1.0,15,1.0,2.0,82
1318,1.0,13,54,1,1,2,1,1,318.0,60.9,7.0,1.0,2.0,15,4.0,1.0,9
1320,1.0,18,54,1,1,1,1,1,1.0,396.4,7.0,1.0,8.0,14,2.0,16.0,31
1321,1.0,1,54,1,1,1,1,1,1.0,388.4,7.0,1.0,8.0,18,2.0,1.0,9
1322,1.0,0,72,1,1,1,1,1,9.0,34.9,7.0,1.0,8.0,14,1.0,5.0,9
1323,1.0,13,54,1,1,2,1,1,3613.0,9999.99,5.0,1.0,8.0,14,1.0,16.0,9
1324,1.0,16,28,1,1,2,1,1,305.0,107.1,6.0,1.0,8.0,13,9.0,10.0,21
1325,1.0,20,28,2,1,1,1,1,3626.0,9999.99,5.0,1.0,7.0,15,8.0,6.0,9
1326,1.0,14,28,1,1,2,1,1,11.0,65.2,8.0,1.0,7.0,15,3.0,2.0,21
1329,1.0,11,28,2,1,2,1,1,3333.0,9999.99,6.0,1.0,8.0,14,1.0,16.0,21
1330,1.0,11,28,1,1,2,1,1,11.0,76.6,8.0,1.0,8.0,13,2.0,11.0,21
1331,1.0,13,28,1,1,2,1,1,11.0,93.0,7.0,1.0,4.0,15,4.0,1.0,31
1332,1.0,14,28,1,1,2,1,1,308.0,27.0,7.0,1.0,8.0,14,1.0,16.0,31
1333,1.0,13,28,1,1,2,1,1,308.0,21.0,7.0,1.0,8.0,14,1.0,16.0,46
1334,1.0,8,28,1,1,2,1,1,308.0,25.0,7.0,1.0,8.0,13,9.0,11.0,32
1338,1.0,19,28,1,1,1,1,1,305.0,9999.99,7.0,1.0,7.0,15,8.0,2.0,36
1340,1.0,14,28,2,1,2,1,1,3630.0,9999.99,6.0,1.0,8.0,13,1.0,11.0,21
1342,1.0,14,28,1,1,2,1,1,9.0,108.0,8.0,1.0,8.0,13,9.0,11.0,31
1343,1.0,7,28,1,1,2,1,1,9.0,100.0,8.0,1.0,8.0,7,1.0,10.0,9
1344,1.0,16,28,2,1,2,1,1,3616.0,9999.99,5.0,1.0,8.0,14,1.0,16.0,9
1345,1.0,14,28,1,1,2,1,1,308.0,53.5,7.0,1.0,8.0,13,9.0,11.0,9
1347,1.0,14,28,2,1,2,1,1,3503.0,9999.99,6.0,1.0,7.0,15,8.0,2.0,9
1349,1.0,20,28,1,1,1,1,1,308.0,58.0,7.0,1.0,7.0,15,8.0,2.0,9
1351,1.0,13,28,1,1,2,1,1,308.0,67.2,7.0,1.0,1.0,15,1.0,2.0,32
1355,1.0,14,28,1,1,2,1,1,316.0,115.3,7.0,1.0,3.0,15,4.0,8.0,9
1356,1.0,20,28,1,1,1,1,1,308.0,15.0,7.0,1.0,8.0,15,8.0,2.0,9
1357,1.0,9,28,2,1,2,1,1,3618.0,9999.99,5.0,1.0,8.0,13,9.0,10.0,9
1358,1.0,14,28,2,1,2,1,1,3601.0,9999.99,5.0,1.0,3.0,15,4.0,8.0,36
1360,1.0,1,28,2,1,1,1,1,3618.0,9999.99,6.0,1.0,2.0,15,4.0,1.0,409
1361,1.0,19,28,1,1,1,1,1,9.0,64.5,8.0,1.0,3.0,15,6.0,14.0,96
1362,1.0,18,28,1,1,1,1,1,803.0,91.0,8.0,2.0,2.0,15,6.0,1.0,9
1363,1.0,16,28,1,1,2,1,1,803.0,45.8,8.0,2.0,2.0,15,6.0,1.0,9
1365,1.0,20,6,1,1,1,1,1,3326.0,5.6,6.0,1.0,2.0,15,4.0,1.0,341
1366,1.0,19,6,1,1,1,1,1,305.0,17.0,6.0,1.0,8.0,13,1.0,10.0,42
1367,1.0,20,6,1,1,1,1,1,3311.0,1.2,6.0,1.0,3.0,15,8.0,4.0,33
1368,1.0,9,6,1,1,2,1,1,801.0,31.0,46.0,1.0,8.0,2,2.0,11.0,32
1369,1.0,7,6,1,1,2,1,1,3300.0,5.4,4.0,1.0,8.0,18,9.0,11.0,9
1370,1.0,14,6,1,1,2,1,1,1.0,314.5,12.0,1.0,3.0,15,8.0,12.0,9
1371,1.0,20,6,1,1,1,1,1,313.0,6.1,7.0,1.0,2.0,15,4.0,1.0,31
1372,1.0,13,28,2,1,2,1,1,3619.0,9999.99,6.0,1.0,8.0,13,9.0,11.0,9
1373,1.0,9,50,2,1,2,1,1,3015.0,2.3,6.0,1.0,3.0,15,4.0,8.0,92
1377,1.0,23,6,1,1,1,1,1,322.0,37.9,8.0,1.0,8.0,18,7.0,11.0,341
1385,1.0,15,6,1,1,2,1,1,3321.0,18.5,6.0,1.0,2.0,15,4.0,1.0,21
1387,1.0,8,6,1,1,2,1,1,9999.0,9999.99,5.0,1.0,3.0,15,8.0,1.0,21
1388,1.0,17,6,1,1,2,1,1,305.0,52.2,6.0,1.0,8.0,14,1.0,16.0,9
1390,1.0,11,6,1,1,2,1,1,305.0,67.9,6.0,1.0,1.0,15,1.0,4.0,21
1392,1.0,7,6,1,1,2,1,1,3326.0,5.2,6.0,1.0,2.0,15,4.0,1.0,92
1393,1.0,13,6,1,1,2,1,1,3319.0,3.0,6.0,1.0,2.0,15,4.0,1.0,59
1396,1.0,12,54,1,1,2,1,1,3625.0,9999.99,7.0,1.0,8.0,14,7.0,16.0,32
1397,1.0,7,54,1,1,2,1,1,3625.0,9999.99,7.0,1.0,2.0,15,4.0,1.0,38
1399,1.0,13,54,1,1,2,1,1,3625.0,9999.99,7.0,1.0,2.0,15,4.0,1.0,21
1402,1.0,18,54,1,1,1,1,1,9999.0,9999.99,7.0,1.0,2.0,15,1.0,4.0,31
1403,1.0,23,54,1,1,1,1,1,804.0,0.15,8.0,1.0,8.0,14,1.0,16.0,32
1404,1.0,20,6,1,1,1,1,1,3304.0,9999.99,7.0,1.0,3.0,15,8.0,2.0,3
1407,1.0,20,54,1,1,1,1,1,3625.0,9999.99,7.0,1.0,3.0,15,8.0,6.0,38
1408,1.0,21,65,1,1,1,1,1,11.0,178.0,6.0,1.0,3.0,14,1.0,4.0,32
1409,1.0,8,65,1,1,2,1,1,308.0,116.0,5.0,1.0,2.0,15,1.0,1.0,32
1412,1.0,17,4,1,1,2,1,1,8.0,413.0,8.0,1.0,8.0,14,4.0,1.0,38
1413,1.0,12,5,1,1,2,1,1,3225.0,9.5,6.0,1.0,2.0,15,1.0,1.0,409
1414,1.0,0,65,1,1,1,1,1,8.0,400.0,7.0,1.0,8.0,13,2.0,11.0,21
1416,1.0,18,4,1,1,1,1,1,3108.0,27.2,4.0,1.0,8.0,18,1.0,1.0,82
1418,1.0,19,4,1,1,1,1,1,8.0,371.6,7.0,1.0,7.0,15,1.0,1.0,46
1419,1.0,21,65,1,1,1,1,1,8.0,384.7,7.0,1.0,8.0,13,2.0,11.0,21
1424,1.0,21,5,1,1,1,1,1,8.0,435.0,7.0,1.0,7.0,15,1.0,1.0,59
1425,1.0,14,5,1,1,2,1,1,8.0,455.5,7.0,1.0,7.0,14,1.0,16.0,32
1426,1.0,13,5,1,1,2,1,1,8.0,451.5,7.0,1.0,7.0,15,1.0,1.0,36
1428,1.0,23,5,1,1,1,1,1,3204.0,9999.99,5.0,1.0,8.0,13,7.0,11.0,38
1430,1.0,14,5,1,1,2,1,1,8.0,473.0,7.0,1.0,8.0,13,7.0,11.0,82
1431,1.0,16,5,1,1,2,1,1,3221.0,9999.99,5.0,1.0,8.0,13,9.0,11.0,32
1432,1.0,17,5,1,1,2,1,1,8.0,471.0,7.0,1.0,8.0,15,9.0,1.0,21
1433,1.0,12,5,1,1,2,1,1,8.0,486.0,7.0,1.0,8.0,15,1.0,4.0,21
1434,1.0,11,5,1,1,2,1,1,308.0,9999.99,6.0,1.0,8.0,13,9.0,10.0,9
1435,1.0,18,5,1,1,1,1,1,3227.0,9999.99,5.0,1.0,8.0,15,1.0,1.0,9
1436,1.0,21,5,1,1,1,1,1,312.0,71.0,6.0,1.0,8.0,15,1.0,4.0,9
1441,1.0,7,5,1,1,2,1,1,3225.0,2.2,6.0,1.0,3.0,15,8.0,9.0,36
1443,1.0,17,5,1,1,2,1,1,3217.0,9999.99,5.0,1.0,7.0,15,1.0,1.0,38
1444,1.0,19,5,1,1,1,1,1,8.0,434.0,7.0,1.0,7.0,15,1.0,1.0,9
1445,1.0,13,5,1,1,2,1,1,8.0,433.0,7.0,1.0,7.0,14,1.0,16.0,31
1446,1.0,12,5,1,1,2,1,1,3222.0,12.0,6.0,1.0,7.0,15,1.0,1.0,32
1447,1.0,8,5,1,1,2,1,1,3222.0,16.3,6.0,1.0,7.0,15,1.0,1.0,9
1448,1.0,16,5,1,1,2,1,1,3222.0,5.0,6.0,1.0,8.0,13,1.0,10.0,31
1450,1.0,19,5,1,1,1,1,1,3217.0,9999.99,5.0,1.0,7.0,15,1.0,1.0,9
1451,1.0,12,5,1,1,2,1,1,8.0,509.0,7.0,1.0,7.0,14,1.0,16.0,31
1452,1.0,12,5,1,1,2,1,1,8.0,510.0,7.0,1.0,7.0,15,1.0,1.0,9
1453,1.0,12,5,1,1,2,1,1,3200.0,40.0,6.0,1.0,7.0,15,1.0,1.0,31
1454,1.0,12,5,1,1,2,1,1,8.0,511.0,7.0,1.0,7.0,15,1.0,1.0,9
1462,1.0,1,5,1,1,1,1,1,3208.0,6.6,6.0,1.0,7.0,18,1.0,11.0,9
1463,1.0,12,5,1,1,2,1,1,3208.0,19.1,6.0,1.0,2.0,15,1.0,1.0,33
1464,1.0,12,5,1,1,2,1,1,3208.0,26.6,6.0,1.0,2.0,15,1.0,1.0,9
1465,1.0,12,5,1,1,2,1,1,3208.0,26.6,6.0,1.0,3.0,15,7.0,1.0,31
1466,1.0,12,5,1,1,2,1,1,3208.0,19.9,6.0,1.0,7.0,14,1.0,16.0,9
1468,1.0,17,5,1,1,2,1,1,3208.0,6.3,6.0,1.0,1.0,15,1.0,4.0,9
1469,1.0,19,5,1,1,1,1,1,3208.0,9.15,6.0,1.0,3.0,15,1.0,1.0,9
1470,1.0,16,5,1,1,2,1,1,3208.0,26.2,6.0,1.0,3.0,15,1.0,1.0,9
1471,1.0,12,5,1,1,2,1,1,3208.0,18.4,6.0,1.0,3.0,15,7.0,1.0,9
1472,1.0,11,5,1,1,2,1,1,3208.0,6.0,6.0,1.0,7.0,14,1.0,16.0,33