NUM_ACC,MOIS_ACC,HEU_ACC,COD_PRV,COD_ETA_CHA,COD_ETA_SUR,COD_LUM,COD_INT,TYP_LIE_ACC,NUM_ROU,PKM,LAR_CHA,COD_TYP_CHA,COD_TYP_COL,COD_OBS_HRT,COD_POI_CHO,COD_MAN,CIR_ACC
4339,2.0,18,43,1,1,1,1,1,9.0,9999.99,8.0,1.0,3.0,15,5.0,18.0,9
4340,2.0,22,22,1,1,1,1,1,9.0,260.0,8.0,1.0,8.0,14,1.0,18.0,86
4344,2.0,17,22,1,1,2,1,1,9.0,231.6,9.0,1.0,8.0,13,7.0,11.0,9
4347,2.0,21,22,1,1,1,1,1,7.0,137.0,16.0,1.0,7.0,15,7.0,1.0,9
4349,2.0,23,22,1,1,1,1,1,7.0,135.6,16.0,1.0,2.0,15,4.0,1.0,32
4350,2.0,20,22,1,1,1,1,1,7.0,129.8,16.0,1.0,7.0,15,7.0,6.0,9
4352,2.0,16,22,1,1,2,1,1,7.0,135.0,16.0,1.0,7.0,15,3.0,8.0,31
4354,2.0,21,22,1,1,1,1,1,7.0,132.0,16.0,1.0,8.0,13,7.0,11.0,9
4358,2.0,20,22,1,1,1,1,1,7.0,133.0,16.0,1.0,7.0,15,3.0,6.0,21
4360,2.0,13,22,1,1,2,1,1,8.0,224.8,7.0,1.0,2.0,15,1.0,9.0,9
4362,2.0,11,22,1,1,2,1,1,2013.0,1.0,7.0,1.0,8.0,18,7.0,11.0,3
4363,2.0,20,22,1,1,1,1,1,8.0,225.7,7.0,1.0,8.0,14,1.0,16.0,9
4364,2.0,12,22,1,1,2,1,1,8.0,225.8,7.0,1.0,1.0,1,1.0,4.0,9
4365,2.0,15,22,1,1,2,1,1,2018.0,9999.99,7.0,1.0,8.0,18,9.0,15.0,341
4367,2.0,11,22,1,1,2,1,1,8.0,236.1,10.0,1.0,7.0,15,7.0,9.0,9
4368,2.0,22,22,1,1,1,1,1,8.0,241.5,10.0,1.0,2.0,15,1.0,1.0,31
4371,2.0,20,22,1,1,1,1,1,8.0,237.0,10.0,1.0,7.0,15,1.0,1.0,9
4372,2.0,12,22,1,1,2,1,1,8.0,237.2,10.0,1.0,7.0,15,8.0,4.0,21
4373,2.0,10,22,1,1,2,1,1,8.0,235.0,10.0,1.0,7.0,15,7.0,1.0,46
4374,2.0,21,22,1,1,1,1,1,8.0,236.1,10.0,1.0,2.0,15,1.0,1.0,9
4376,2.0,14,22,1,1,2,1,1,8.0,236.1,10.0,1.0,2.0,15,4.0,1.0,32
4377,2.0,20,22,1,1,1,1,1,8.0,236.2,10.0,1.0,8.0,14,1.0,16.0,9
4379,2.0,16,22,1,1,2,1,1,8.0,234.0,10.0,1.0,1.0,15,1.0,4.0,31
4381,2.0,21,22,1,1,1,1,1,212.0,9999.99,7.0,1.0,2.0,15,1.0,1.0,36
4384,2.0,12,22,1,1,2,1,1,8.0,232.0,10.0,1.0,7.0,15,8.0,6.0,38
4385,2.0,15,22,1,1,2,1,1,2012.0,9999.99,8.0,1.0,7.0,15,2.0,19.0,31
4386,2.0,16,22,1,1,2,1,1,8.0,243.0,10.0,1.0,7.0,15,3.0,6.0,53
4388,2.0,21,22,1,1,1,1,1,8.0,242.2,10.0,1.0,7.0,15,7.0,1.0,9
4389,2.0,21,22,1,1,1,1,1,8.0,238.0,10.0,1.0,1.0,14,1.0,16.0,9
4390,2.0,18,22,1,1,1,1,1,212.0,5.0,6.0,1.0,2.0,15,4.0,1.0,9
4391,2.0,11,22,1,1,2,1,1,2008.0,9999.99,8.0,1.0,2.0,15,1.0,1.0,9
4392,2.0,12,22,1,1,2,1,1,8.0,264.0,9.0,2.0,2.0,15,4.0,1.0,31
4393,2.0,12,22,1,1,2,1,1,8.0,259.5,9.0,1.0,8.0,13,7.0,11.0,32
4394,2.0,17,22,1,1,2,1,1,8.0,266.0,9.0,1.0,7.0,15,8.0,8.0,9
4395,2.0,13,22,1,1,2,1,1,8.0,257.0,9.0,2.0,8.0,14,1.0,16.0,31
4397,2.0,22,22,1,1,1,1,1,210.0,4.0,8.0,1.0,8.0,16,1.0,16.0,9
4399,2.0,7,22,1,1,2,1,1,8.0,269.5,9.0,1.0,2.0,15,4.0,1.0,9
4400,2.0,7,22,1,1,2,1,1,2006.0,11.9,7.0,1.0,2.0,15,4.0,1.0,9
4402,2.0,0,22,1,1,1,1,1,2017.0,8.0,16.0,1.0,7.0,15,7.0,1.0,9
4403,2.0,16,22,1,1,2,1,1,203.0,5.0,8.0,1.0,7.0,1,2.0,19.0,9
4404,2.0,10,22,1,1,2,1,1,2017.0,12.1,16.0,1.0,2.0,15,4.0,1.0,46
4406,2.0,18,22,1,1,1,1,1,2017.0,15.9,8.0,1.0,7.0,15,8.0,8.0,9
4407,2.0,21,22,1,1,1,1,1,2017.0,9.3,16.0,1.0,8.0,15,7.0,1.0,82
4409,2.0,17,22,1,1,2,1,1,2017.0,15.1,8.0,1.0,2.0,15,4.0,1.0,436
4410,2.0,13,22,1,1,2,1,1,203.0,8.1,8.0,1.0,8.0,7,1.0,11.0,50
4411,2.0,11,22,1,1,2,1,1,2017.0,14.1,16.0,1.0,8.0,7,1.0,11.0,9
4412,2.0,18,22,1,1,1,1,1,2017.0,6.0,16.0,1.0,7.0,15,8.0,1.0,31
4413,2.0,11,22,1,1,2,1,1,2017.0,4.1,16.0,1.0,2.0,15,4.0,1.0,9
4414,2.0,20,22,1,1,1,1,1,2017.0,7.9,16.0,1.0,7.0,15,2.0,15.0,9
4415,2.0,20,22,1,1,1,1,1,203.0,4.6,8.0,1.0,7.0,15,3.0,8.0,32
4416,2.0,17,22,1,1,2,1,1,2017.0,12.1,16.0,1.0,2.0,15,4.0,1.0,21
4417,2.0,19,22,1,1,1,1,1,2017.0,6.2,16.0,1.0,1.0,15,1.0,1.0,9
4418,2.0,11,22,1,1,2,1,1,2017.0,5.8,16.0,1.0,2.0,15,4.0,1.0,9
4420,2.0,19,22,1,1,1,1,1,2017.0,3.8,16.0,1.0,7.0,15,5.0,16.0,9
4423,2.0,17,22,1,1,2,1,1,2017.0,8.9,16.0,1.0,8.0,14,1.0,16.0,9
4428,2.0,15,22,1,1,2,1,1,7.0,116.3,7.0,1.0,2.0,15,5.0,1.0,9
4429,2.0,6,22,1,1,1,1,1,803.0,227.7,7.0,2.0,8.0,15,4.0,18.0,32
4434,2.0,20,64,1,1,1,1,1,9999.0,18.0,14.0,1.0,3.0,14,1.0,1.0,9
4435,2.0,8,2,1,1,2,1,1,803.0,381.9,8.0,1.0,3.0,15,2.0,1.0,9
4437,2.0,20,2,1,1,1,1,1,9999.0,99.2,8.0,1.0,8.0,15,4.0,1.0,9
4438,2.0,18,2,1,1,1,1,1,9999.0,82.7,7.0,1.0,8.0,15,1.0,1.0,31
4439,2.0,21,64,1,1,1,1,1,9999.0,31.76,14.0,1.0,8.0,18,7.0,11.0,9
4440,2.0,20,45,1,1,1,1,1,1014.0,2.1,6.0,1.0,2.0,15,4.0,1.0,409
4441,2.0,9,45,2,1,2,1,1,1011.0,9999.99,6.0,1.0,1.0,15,1.0,1.0,46
4443,2.0,16,2,1,1,2,1,1,1704.0,9999.99,8.0,1.0,3.0,15,1.0,6.0,9
4444,2.0,13,2,1,1,2,1,1,9999.0,24.4,7.0,1.0,8.0,15,1.0,1.0,9
4445,2.0,20,2,1,1,1,1,1,9999.0,12.0,7.0,1.0,8.0,14,1.0,16.0,9
4446,2.0,13,2,1,1,2,1,1,9999.0,9999.99,7.0,1.0,3.0,15,1.0,4.0,9
4447,2.0,21,37,1,1,1,1,1,104.0,90.8,6.0,1.0,8.0,18,9.0,1.0,9
4449,2.0,19,45,1,1,1,1,1,1014.0,9.2,6.0,1.0,3.0,15,7.0,1.0,9
4451,2.0,21,45,1,1,1,1,1,1.0,908.2,8.0,1.0,8.0,14,1.0,16.0,32
4454,2.0,21,33,1,1,1,1,1,9999.0,9999.99,11.0,1.0,3.0,15,5.0,1.0,9
4455,2.0,9,2,1,1,2,1,1,10.0,52.4,7.0,2.0,2.0,15,4.0,1.0,9
4456,2.0,11,2,1,1,2,1,1,10.0,63.7,7.0,2.0,3.0,15,6.0,9.0,9
4457,2.0,3,45,1,1,1,1,1,1.0,900.0,7.0,2.0,2.0,15,4.0,1.0,38
4459,2.0,7,64,1,1,2,1,1,105.0,9999.99,9.0,1.0,3.0,14,7.0,16.0,3
4461,2.0,17,64,1,1,2,1,1,105.0,9999.99,9.0,1.0,3.0,15,7.0,1.0,9
4462,2.0,18,64,1,1,1,1,1,105.0,7.8,12.0,1.0,3.0,15,8.0,6.0,21
4463,2.0,20,64,1,1,1,1,1,105.0,6.5,12.0,1.0,1.0,15,1.0,4.0,36
4465,2.0,19,64,1,1,1,1,1,105.0,5.0,12.0,1.0,3.0,15,7.0,1.0,21
4466,2.0,22,64,1,1,1,1,1,105.0,6.5,12.0,1.0,3.0,15,8.0,7.0,21
4467,2.0,4,64,1,1,1,1,1,105.0,3.8,12.0,1.0,8.0,18,8.0,11.0,21
4469,2.0,17,64,1,1,2,1,1,105.0,5.6,12.0,1.0,3.0,15,8.0,1.0,38
4471,2.0,15,64,1,1,2,1,1,105.0,5.4,12.0,1.0,3.0,15,8.0,4.0,21
4472,2.0,9,64,1,1,2,1,1,105.0,8.0,12.0,1.0,3.0,15,7.0,18.0,71
4475,2.0,17,33,2,4,2,1,1,9999.0,9999.99,31.0,1.0,7.0,18,1.0,1.0,38
4476,2.0,19,64,1,1,1,1,1,9999.0,19.9,14.0,1.0,3.0,14,7.0,16.0,9
4477,2.0,21,64,1,1,1,1,1,9999.0,31.9,14.0,1.0,3.0,15,7.0,1.0,36
4478,2.0,7,64,1,1,2,1,1,9999.0,25.9,14.0,1.0,3.0,15,8.0,4.0,21
4480,2.0,18,45,1,1,1,1,1,1.0,898.0,7.0,2.0,2.0,15,4.0,1.0,33
4481,2.0,14,2,1,1,2,1,1,10.0,63.5,7.0,2.0,3.0,15,6.0,1.0,82
4485,2.0,21,41,1,1,1,1,1,9999.0,394.9,8.0,1.0,8.0,18,7.0,12.0,46
4487,2.0,19,41,1,1,1,1,1,9999.0,9999.99,5.0,1.0,1.0,15,1.0,2.0,21
4488,2.0,20,41,1,1,1,1,1,9999.0,396.6,8.0,1.0,2.0,15,4.0,1.0,31
4489,2.0,9,41,1,2,2,1,1,9999.0,9999.99,1.0,1.0,3.0,15,6.0,7.0,32
4492,2.0,22,41,1,1,1,1,1,9999.0,9999.99,5.0,1.0,1.0,15,1.0,2.0,32
4493,2.0,8,41,1,1,2,1,1,9999.0,9999.99,10.0,1.0,1.0,15,1.0,12.0,9
4494,2.0,18,41,1,1,1,1,1,9999.0,396.4,8.0,1.0,3.0,1,6.0,21.0,50
4495,2.0,19,64,1,1,1,1,1,9999.0,18.1,14.0,1.0,3.0,15,8.0,7.0,21
4496,2.0,15,64,1,1,2,1,1,9999.0,23.8,14.0,1.0,3.0,15,7.0,1.0,82
4497,2.0,17,64,1,1,2,1,1,9999.0,31.2,14.0,1.0,3.0,15,8.0,1.0,21
4498,2.0,10,64,1,1,2,1,1,9999.0,19.9,14.0,1.0,3.0,14,7.0,16.0,9
4499,2.0,14,64,1,1,2,1,1,9999.0,19.0,14.0,1.0,3.0,15,7.0,1.0,21
4501,2.0,19,41,1,1,1,1,1,9999.0,379.0,14.0,1.0,3.0,15,3.0,13.0,9
4502,2.0,12,41,1,1,2,1,1,9999.0,379.0,9.0,1.0,3.0,15,3.0,8.0,32
4507,2.0,9,45,1,1,2,1,1,1009.0,9999.99,6.0,1.0,1.0,15,1.0,4.0,3
4512,2.0,16,45,1,1,2,1,1,1009.0,11.2,6.0,1.0,2.0,15,4.0,1.0,21
4515,2.0,9,2,1,1,2,1,1,803.0,398.1,8.0,2.0,8.0,2,1.0,11.0,9
4516,2.0,17,2,1,1,2,1,1,803.0,392.1,8.0,2.0,3.0,15,1.0,1.0,82
4518,2.0,17,32,1,1,2,1,1,9999.0,118.2,9.0,1.0,3.0,15,7.0,1.0,33
4519,2.0,16,2,1,1,2,1,1,9999.0,113.4,9.0,1.0,8.0,15,1.0,4.0,36
4521,2.0,13,2,1,1,2,1,1,10.0,43.0,8.0,1.0,8.0,18,9.0,1.0,36
4522,2.0,9,2,1,1,2,1,1,9999.0,109.3,8.0,1.0,8.0,15,1.0,4.0,36
4523,2.0,9,2,1,1,2,1,1,9999.0,76.0,9.0,1.0,8.0,18,9.0,1.0,31
4526,2.0,10,64,1,1,2,1,1,10.0,20.0,7.0,1.0,8.0,14,1.0,16.0,38
4527,2.0,13,2,1,1,2,1,1,1729.0,20.5,8.0,1.0,8.0,15,1.0,1.0,31
4528,2.0,22,2,1,1,1,1,1,9999.0,10.0,7.0,1.0,3.0,15,1.0,16.0,71
4529,2.0,14,2,1,1,2,1,1,9999.0,5.5,7.0,1.0,3.0,15,7.0,1.0,31
4531,2.0,12,2,1,1,2,1,1,10.0,172.5,7.0,1.0,2.0,15,4.0,1.0,38
4533,2.0,14,2,1,1,2,1,1,10.0,9999.99,7.0,1.0,8.0,18,9.0,1.0,9
4534,2.0,19,2,1,1,1,1,1,9999.0,123.0,9.0,1.0,8.0,18,9.0,1.0,21
4535,2.0,19,2,1,1,1,1,1,1704.0,8.3,6.0,1.0,8.0,18,9.0,1.0,46
4536,2.0,19,2,1,1,1,1,1,9999.0,110.0,9.0,1.0,8.0,14,1.0,16.0,9
4538,2.0,9,2,1,1,2,1,1,9999.0,9999.99,7.0,1.0,8.0,15,1.0,1.0,81
4539,2.0,15,2,1,1,2,1,1,10.0,197.42,12.0,1.0,3.0,15,5.0,1.0,21
4540,2.0,9,2,1,1,2,1,1,10.0,199.2,6.0,1.0,1.0,15,1.0,4.0,50
4541,2.0,15,2,1,1,2,1,1,10.0,198.1,7.0,1.0,3.0,15,6.0,1.0,32
4542,2.0,10,2,1,1,2,1,1,10.0,200.5,6.0,1.0,3.0,15,1.0,1.0,409
4545,2.0,0,2,1,1,1,1,1,10.0,9999.99,7.0,1.0,2.0,15,1.0,1.0,9
4546,2.0,12,2,1,1,2,1,1,9999.0,9999.99,7.0,1.0,2.0,15,4.0,1.0,48
4547,2.0,20,2,1,1,1,1,1,1709.0,9999.99,7.0,1.0,8.0,15,1.0,16.0,32
4549,2.0,15,2,1,1,2,1,1,1709.0,9999.99,8.0,1.0,8.0,15,7.0,4.0,38
4550,2.0,16,64,1,1,2,1,1,10.0,14.6,7.0,1.0,8.0,14,1.0,16.0,32
4551,2.0,21,41,1,1,1,1,1,10.0,1.0,7.0,1.0,2.0,15,1.0,1.0,82
4552,2.0,13,2,1,1,2,1,1,10.0,9999.99,7.0,1.0,8.0,15,4.0,1.0,38
4553,2.0,13,2,1,1,2,1,1,10.0,33.0,7.0,1.0,8.0,14,1.0,16.0,21
4555,2.0,18,2,1,1,1,1,1,10.0,9999.99,7.0,1.0,8.0,14,1.0,16.0,9
4556,2.0,10,2,1,1,2,1,1,9999.0,9999.99,7.0,1.0,1.0,15,1.0,4.0,9
4557,2.0,15,2,1,1,2,1,1,9999.0,99.7,6.0,1.0,2.0,15,4.0,2.0,32
4558,2.0,18,2,1,1,1,1,1,1701.0,9999.99,8.0,1.0,2.0,15,1.0,1.0,32
4560,2.0,19,45,1,1,1,1,1,1018.0,9999.99,6.0,1.0,3.0,15,7.0,1.0,21
4563,2.0,15,37,1,1,2,1,1,107.0,12.0,5.0,1.0,8.0,18,9.0,1.0,3
4564,2.0,8,37,1,1,2,1,1,1900.0,24.4,5.0,1.0,8.0,18,9.0,1.0,82
4565,2.0,20,37,1,1,1,1,1,104.0,82.3,6.0,1.0,8.0,18,9.0,1.0,9
4566,2.0,8,37,1,1,2,1,1,1905.0,25.0,6.0,1.0,3.0,18,3.0,1.0,32
4567,2.0,20,45,1,1,1,1,1,105.0,12.1,8.0,1.0,2.0,15,4.0,1.0,32
4568,2.0,18,64,1,1,1,1,1,105.0,9.85,8.0,1.0,7.0,15,8.0,6.0,31
4569,2.0,8,64,1,1,2,1,1,105.0,10.0,8.0,1.0,2.0,15,4.0,1.0,46
4570,2.0,20,45,1,1,1,1,1,105.0,17.5,8.0,1.0,1.0,15,1.0,4.0,46
4571,2.0,18,45,1,1,1,1,1,1016.0,9999.99,6.0,1.0,1.0,15,1.0,4.0,46
4572,2.0,17,45,1,1,2,1,1,1014.0,7.5,6.0,1.0,3.0,15,8.0,8.0,9
4573,2.0,13,45,1,1,2,1,1,1.0,913.0,8.0,1.0,2.0,15,4.0,1.0,400
4574,2.0,7,45,1,1,2,1,1,1014.0,7.5,6.0,1.0,7.0,15,8.0,4.0,9
4575,2.0,20,45,1,1,1,1,1,1014.0,11.2,8.0,1.0,7.0,15,8.0,6.0,21
4576,2.0,12,45,1,1,2,1,1,1014.0,11.2,8.0,1.0,8.0,14,1.0,16.0,9
4583,2.0,8,45,1,1,2,1,1,1.0,925.1,8.0,1.0,7.0,15,8.0,6.0,21
4585,2.0,13,45,1,1,2,1,1,1.0,916.2,8.0,1.0,3.0,15,8.0,1.0,82
4587,2.0,8,45,1,1,2,1,1,1.0,929.5,8.0,1.0,3.0,15,8.0,1.0,32
4588,2.0,12,45,1,1,2,1,1,1.0,923.2,8.0,1.0,2.0,15,8.0,1.0,38
4590,2.0,22,45,1,1,1,1,1,1.0,918.8,8.0,1.0,8.0,14,1.0,16.0,9
4591,2.0,20,37,1,1,1,1,1,1.0,985.2,6.0,1.0,3.0,15,2.0,1.0,21
4592,2.0,20,37,1,1,1,1,1,1.0,961.2,6.0,1.0,3.0,15,2.0,1.0,38
4594,2.0,23,45,1,1,1,1,1,1.0,906.0,8.0,1.0,7.0,15,7.0,15.0,59
4596,2.0,14,45,1,1,2,1,1,1.0,906.3,8.0,1.0,2.0,15,4.0,1.0,9
4597,2.0,8,45,1,1,2,1,1,1.0,904.3,8.0,1.0,2.0,15,4.0,1.0,9
4600,2.0,22,45,1,1,1,1,1,1.0,901.2,8.0,1.0,7.0,15,7.0,16.0,3
4601,2.0,8,45,1,1,2,1,1,1.0,910.8,8.0,1.0,2.0,15,4.0,1.0,9
4605,2.0,20,45,1,1,1,1,1,1014.0,9.1,6.0,1.0,7.0,15,8.0,1.0,9
4606,2.0,15,45,1,1,2,1,1,1014.0,12.2,8.0,1.0,7.0,15,8.0,8.0,9
4607,2.0,13,45,1,1,2,1,1,1014.0,8.2,6.0,1.0,8.0,14,1.0,16.0,21
4610,2.0,8,45,1,1,2,1,1,1014.0,13.1,6.0,1.0,2.0,15,4.0,1.0,9
4612,2.0,18,74,1,1,1,1,1,1.0,255.8,14.0,1.0,2.0,15,4.0,1.0,21
4615,2.0,9,73,1,1,2,1,1,4036.0,6.3,7.0,1.0,8.0,18,2.0,1.0,9
4616,2.0,20,73,1,1,1,1,1,401.0,26.0,7.0,1.0,7.0,15,1.0,4.0,9
4617,2.0,17,73,1,1,2,1,1,401.0,18.1,16.0,1.0,3.0,15,3.0,4.0,9
4619,2.0,18,73,1,1,1,1,1,1.0,294.5,8.0,1.0,2.0,15,4.0,1.0,9
4620,2.0,19,73,1,1,1,1,1,1.0,295.5,8.0,1.0,3.0,15,8.0,18.0,9
4621,2.0,10,74,1,1,2,1,1,1.0,248.3,14.0,2.0,3.0,15,7.0,1.0,82
4622,2.0,16,74,1,1,2,1,1,1.0,248.2,8.0,2.0,2.0,15,4.0,1.0,9
4623,2.0,10,73,1,1,2,1,1,322.0,70.8,17.0,1.0,8.0,14,1.0,16.0,21
4624,2.0,21,74,1,1,1,1,1,6.0,13.9,7.0,2.0,3.0,15,6.0,1.0,21
4625,2.0,9,74,1,1,2,1,1,6.0,20.0,7.0,2.0,3.0,15,7.0,1.0,9
4627,2.0,18,74,1,1,1,1,1,6.0,16.4,7.0,2.0,2.0,15,4.0,1.0,21
4628,2.0,8,74,1,1,2,1,1,6.0,15.6,7.0,2.0,8.0,13,9.0,1.0,32
4630,2.0,15,74,1,1,2,1,1,6.0,19.9,7.0,2.0,3.0,15,6.0,1.0,9
4631,2.0,17,74,1,1,2,1,1,6.0,18.2,7.0,2.0,3.0,15,7.0,1.0,21
4633,2.0,21,73,1,1,1,1,1,403.0,5.5,10.0,2.0,1.0,15,1.0,21.0,9
4636,2.0,15,73,1,1,2,1,1,403.0,4.0,10.0,2.0,4.0,15,6.0,1.0,9
4648,2.0,15,73,1,1,2,1,1,1.0,290.3,9.0,1.0,8.0,14,7.0,18.0,21
4655,2.0,23,73,1,1,1,1,1,322.0,74.0,11.0,1.0,8.0,12,9.0,11.0,9
4658,2.0,12,60,1,1,2,1,1,801.0,10.9,11.0,2.0,8.0,18,8.0,1.0,341
4660,2.0,20,73,1,1,1,1,1,322.0,67.3,17.0,1.0,1.0,15,1.0,4.0,341
4661,2.0,20,73,1,1,1,1,1,322.0,70.9,17.0,1.0,7.0,14,1.0,16.0,9
4663,2.0,17,73,1,1,2,1,1,322.0,9999.99,5.0,1.0,3.0,15,3.0,8.0,9
4664,2.0,1,73,1,1,1,1,1,4020.0,9999.99,7.0,1.0,1.0,15,1.0,4.0,3
4666,2.0,14,60,1,1,2,1,1,805.0,251.2,7.0,2.0,8.0,13,3.0,1.0,9
4667,2.0,8,60,1,1,2,1,1,805.0,254.8,7.0,2.0,8.0,18,3.0,1.0,33
4668,2.0,15,74,1,1,2,1,1,4039.0,9999.99,7.0,1.0,3.0,15,2.0,1.0,9
4669,2.0,7,60,1,1,2,1,1,805.0,261.2,7.0,2.0,8.0,13,9.0,1.0,9
4673,2.0,14,74,1,1,2,1,1,1.0,253.3,14.0,1.0,8.0,13,9.0,1.0,21
4675,2.0,23,74,1,1,1,1,1,1.0,253.8,14.0,1.0,8.0,13,9.0,1.0,9
4680,2.0,16,74,1,1,2,1,1,1.0,250.0,14.0,1.0,3.0,15,7.0,1.0,9
4683,2.0,23,74,1,1,1,1,1,1.0,252.5,14.0,1.0,8.0,13,9.0,1.0,82
4686,2.0,15,74,1,1,2,1,1,1.0,250.3,14.0,1.0,3.0,15,7.0,1.0,32
4689,2.0,12,74,1,1,2,1,1,1.0,250.0,14.0,1.0,8.0,13,9.0,1.0,9
4690,2.0,17,74,1,1,2,1,1,6.0,14.0,6.0,2.0,8.0,15,1.0,4.0,9
4696,2.0,15,74,1,1,2,1,1,4004.0,9999.99,10.0,1.0,1.0,15,1.0,2.0,36
4698,2.0,13,73,1,1,2,1,1,1.0,297.0,15.0,1.0,7.0,15,7.0,18.0,38
4699,2.0,8,73,1,1,2,1,1,1.0,294.0,8.0,1.0,3.0,15,8.0,18.0,33
4700,2.0,13,73,1,1,2,1,1,1.0,296.2,8.0,1.0,8.0,15,7.0,18.0,9
4702,2.0,22,73,1,1,1,1,1,1.0,296.6,8.0,1.0,1.0,15,1.0,4.0,9
4703,2.0,19,73,1,1,1,1,1,1.0,299.8,2.0,1.0,3.0,15,7.0,10.0,3
4711,2.0,20,73,1,1,1,1,1,1.0,301.0,16.0,1.0,3.0,15,8.0,8.0,21
4713,2.0,10,73,1,1,2,1,1,1.0,300.0,16.0,1.0,2.0,15,4.0,1.0,36
4714,2.0,17,73,1,1,2,1,1,322.0,62.2,9.0,1.0,2.0,15,6.0,1.0,31
4715,2.0,14,73,1,1,2,1,1,322.0,58.5,7.0,1.0,2.0,15,4.0,1.0,9
4719,2.0,20,73,1,1,1,1,1,4030.0,9.0,1.0,1.0,3.0,15,7.0,1.0,33
4724,2.0,21,73,1,1,1,1,1,4036.0,9999.99,10.0,1.0,8.0,18,7.0,10.0,38
4731,2.0,10,73,1,1,2,1,1,401.0,9999.99,10.0,1.0,2.0,15,1.0,1.0,482
4740,2.0,19,73,1,1,1,1,1,4036.0,0.3,7.0,1.0,3.0,15,2.0,1.0,3
4741,2.0,17,73,1,1,2,1,1,4036.0,9999.99,7.0,1.0,3.0,15,2.0,1.0,21
4742,2.0,20,73,1,1,1,1,1,4036.0,2.3,7.0,1.0,8.0,15,9.0,1.0,3
4743,2.0,12,6,1,1,2,1,1,404.0,101.2,7.0,2.0,8.0,18,3.0,1.0,82
4747,2.0,10,73,1,1,2,1,1,4026.0,1.5,6.0,1.0,3.0,15,7.0,1.0,38
4748,2.0,16,73,1,1,2,1,1,401.0,14.1,16.0,1.0,3.0,15,7.0,1.0,9
4749,2.0,17,73,1,1,2,1,1,401.0,12.6,16.0,1.0,3.0,15,6.0,1.0,3
4750,2.0,19,73,1,1,1,1,1,401.0,9999.99,16.0,1.0,8.0,18,1.0,1.0,21
4751,2.0,8,73,1,1,2,1,1,401.0,10.0,16.0,1.0,3.0,15,6.0,1.0,9
4752,2.0,11,73,1,1,2,1,1,401.0,14.0,16.0,1.0,8.0,18,1.0,1.0,9
4753,2.0,10,73,1,1,2,1,1,401.0,10.0,16.0,1.0,3.0,15,8.0,1.0,36
4754,2.0,10,73,1,1,2,1,1,4016.0,9999.99,6.0,1.0,7.0,15,7.0,2.0,46
4755,2.0,8,73,1,1,2,1,1,4032.0,9999.99,7.0,1.0,2.0,15,4.0,1.0,9
4756,2.0,18,73,1,1,1,1,1,401.0,28.0,7.0,1.0,8.0,18,1.0,10.0,31
4757,2.0,18,73,1,1,1,1,1,4025.0,9999.99,10.0,2.0,2.0,15,1.0,1.0,32
4758,2.0,21,73,1,1,1,1,1,4025.0,9999.99,8.0,1.0,7.0,15,1.0,12.0,21
4759,2.0,10,73,1,1,2,1,1,4025.0,9999.99,7.0,1.0,8.0,18,1.0,1.0,21
4760,2.0,8,60,1,2,2,1,1,805.0,286.0,7.0,1.0,2.0,1,4.0,1.0,82
4761,2.0,10,60,1,1,2,1,1,805.0,283.5,7.0,1.0,8.0,2,9.0,10.0,32
4766,2.0,19,53,1,1,1,1,1,7314.0,9999.99,3.0,1.0,1.0,15,1.0,2.0,21
4767,2.0,9,13,1,1,2,1,1,13.0,602.0,7.0,1.0,7.0,14,2.0,1.0,21
4770,2.0,14,13,1,1,2,1,1,13.0,633.4,6.0,1.0,8.0,18,5.0,6.0,9
4772,2.0,13,13,1,1,2,1,1,10.0,557.2,17.0,1.0,7.0,15,8.0,12.0,9
4773,2.0,13,13,1,1,2,1,1,10.0,557.2,17.0,1.0,7.0,14,1.0,16.0,21
4774,2.0,19,13,1,1,1,1,1,10.0,559.3,17.0,1.0,7.0,15,7.0,12.0,9
4776,2.0,18,13,1,1,1,1,1,7101.0,2.8,6.0,1.0,8.0,14,4.0,3.0,21
4783,2.0,20,13,1,1,1,1,1,10.0,708.5,6.0,1.0,1.0,15,1.0,16.0,21
4784,2.0,13,13,1,1,2,1,1,10.0,624.85,6.0,1.0,3.0,15,1.0,1.0,38
4786,2.0,14,13,1,1,2,1,1,10.0,650.9,6.0,1.0,8.0,14,1.0,16.0,21
4787,2.0,19,13,1,1,1,1,1,13.0,527.8,6.0,1.0,7.0,15,3.0,4.0,33
4788,2.0,18,53,1,2,1,2,1,13.0,438.5,6.0,1.0,8.0,13,9.0,10.0,9
4792,2.0,13,53,1,1,2,1,1,503.0,177.8,6.0,1.0,8.0,18,1.0,1.0,9
4793,2.0,12,53,1,1,2,1,1,13.0,455.1,7.0,1.0,3.0,15,6.0,1.0,9
4794,2.0,15,53,1,1,2,1,1,13.0,481.5,7.0,1.0,2.0,15,4.0,1.0,9
4798,2.0,12,20,1,1,2,1,1,3508.0,9999.99,4.0,1.0,8.0,18,1.0,1.0,32
4801,2.0,12,20,1,1,2,1,1,3533.0,9999.99,5.0,1.0,8.0,15,8.0,6.0,9
4802,2.0,12,20,1,1,2,1,1,3517.0,9999.99,6.0,1.0,2.0,15,4.0,1.0,3
4803,2.0,14,20,1,1,2,1,1,3511.0,9999.99,5.0,1.0,2.0,15,1.0,1.0,9
4804,2.0,18,20,1,1,1,1,1,311.0,11.5,6.0,1.0,8.0,18,9.0,11.0,38
4805,2.0,21,20,1,1,1,1,1,3508.0,9999.99,4.0,1.0,3.0,15,9.0,4.0,9
4806,2.0,13,20,1,1,2,1,1,804.0,77.8,7.0,2.0,8.0,3,1.0,11.0,33
4808,2.0,23,20,1,1,1,1,1,9999.0,79.7,8.0,1.0,7.0,14,1.0,16.0,9
4817,2.0,11,20,1,1,2,1,1,3506.0,9999.99,7.0,1.0,3.0,15,8.0,1.0,21