NUM_ACC,MOIS_ACC,HEU_ACC,COD_PRV,COD_ETA_CHA,COD_ETA_SUR,COD_LUM,COD_INT,TYP_LIE_ACC,NUM_ROU,PKM,LAR_CHA,COD_TYP_CHA,COD_TYP_COL,COD_OBS_HRT,COD_POI_CHO,COD_MAN,CIR_ACC
4823,2.0,19,32,1,1,1,1,1,1.0,1024.0,6.0,1.0,3.0,14,8.0,16.0,21
4824,2.0,21,31,1,1,1,1,1,1.0,1213.1,7.0,1.0,7.0,15,1.0,7.0,3
4825,2.0,21,59,1,1,1,1,1,1903.0,9999.99,5.0,1.0,1.0,15,9.0,4.0,9
4826,2.0,5,32,1,1,1,1,1,1315.0,9999.99,4.0,1.0,7.0,5,3.0,1.0,9
4827,2.0,19,32,1,1,1,1,1,102.0,13.6,4.0,1.0,8.0,14,7.0,16.0,9
4829,2.0,15,59,1,1,2,1,1,1.0,1002.0,6.0,1.0,7.0,14,2.0,16.0,21
4830,2.0,20,59,1,1,1,1,1,1.0,1017.3,6.0,1.0,3.0,15,9.0,1.0,3
4837,2.0,17,59,1,1,2,1,1,1918.0,9999.99,5.0,1.0,8.0,14,2.0,16.0,9
4838,2.0,0,59,1,1,1,1,1,104.0,24.7,6.0,1.0,8.0,13,9.0,13.0,439
4839,2.0,11,59,1,1,2,1,1,104.0,36.6,6.0,1.0,8.0,13,9.0,1.0,38
4840,2.0,17,59,1,1,2,1,1,104.0,36.1,6.0,1.0,1.0,15,1.0,14.0,33
4841,2.0,15,32,1,1,2,1,1,1919.0,11.0,3.0,1.0,1.0,15,1.0,8.0,9
4842,2.0,19,32,1,1,1,1,1,1.0,1072.8,8.0,1.0,2.0,15,6.0,1.0,21
4845,2.0,1,32,1,1,1,1,1,1.0,1141.0,6.0,1.0,8.0,18,3.0,1.0,48
4846,2.0,11,32,1,1,2,1,1,1.0,1143.2,6.0,1.0,8.0,18,9.0,1.0,82
4847,2.0,12,31,1,1,2,1,1,1.0,1200.6,9.0,1.0,8.0,18,9.0,1.0,21
4848,2.0,12,31,1,1,2,1,1,1.0,1271.2,7.0,1.0,8.0,18,9.0,1.0,53
4849,2.0,14,31,1,1,2,1,1,1.0,1290.8,7.0,1.0,8.0,18,9.0,1.0,9
4850,2.0,15,31,1,1,2,1,1,1.0,9999.99,7.0,1.0,8.0,14,4.0,16.0,21
4851,2.0,8,31,1,1,2,1,1,1.0,1234.6,7.0,1.0,8.0,15,2.0,1.0,9
4854,2.0,14,67,1,1,2,1,1,17.0,89.5,6.0,1.0,7.0,15,8.0,4.0,9
4855,2.0,20,49,1,1,1,1,1,6.0,411.9,7.0,1.0,3.0,15,6.0,21.0,62
4856,2.0,21,56,1,1,1,1,1,802.0,330.0,7.0,1.0,2.0,15,8.0,1.0,32
4857,2.0,20,56,1,1,1,1,1,15.0,96.0,6.0,1.0,8.0,14,1.0,16.0,9
4858,2.0,7,47,1,1,2,1,1,607.0,26.0,7.0,2.0,8.0,14,1.0,16.0,53
4861,2.0,7,56,1,1,2,1,1,6.0,385.2,7.0,1.0,8.0,14,1.0,16.0,59
4862,2.0,9,56,1,1,2,1,1,6.0,359.1,7.0,1.0,8.0,14,1.0,16.0,50
4863,2.0,18,26,1,1,1,1,1,6.0,530.55,7.0,2.0,7.0,15,1.0,10.0,9
4864,2.0,15,26,1,1,2,1,1,2.0,553.0,8.0,1.0,3.0,15,8.0,1.0,9
4865,2.0,17,26,1,1,2,1,1,6030.0,18.0,6.0,1.0,8.0,18,1.0,18.0,9
4867,2.0,17,67,1,1,2,1,1,607.0,80.9,6.0,1.0,8.0,13,7.0,11.0,9
4870,2.0,10,67,1,1,2,1,1,17.0,78.6,6.0,1.0,8.0,13,8.0,11.0,50
4871,2.0,14,67,1,1,2,1,1,17.0,105.8,6.0,1.0,8.0,13,9.0,11.0,38
4872,2.0,20,49,1,1,1,1,1,607.0,50.0,5.0,1.0,1.0,15,1.0,1.0,42
4873,2.0,10,49,1,1,2,1,1,6005.0,26.2,4.0,1.0,8.0,13,9.0,11.0,3
4874,2.0,10,49,1,1,2,1,1,802.0,427.0,7.0,2.0,8.0,3,3.0,10.0,36
4875,2.0,15,26,1,1,2,1,1,17.0,19.5,9.0,1.0,3.0,15,3.0,12.0,9
4876,2.0,8,26,1,1,2,1,1,2.0,558.8,8.0,2.0,3.0,15,8.0,1.0,9
4879,2.0,6,26,1,1,1,1,1,6017.0,1.0,4.0,2.0,8.0,10,1.0,6.0,21
4880,2.0,10,47,1,1,2,1,1,802.0,461.0,7.0,2.0,8.0,3,3.0,10.0,341
4881,2.0,16,26,1,1,2,1,1,2.0,9999.99,7.0,2.0,2.0,15,4.0,1.0,32
4882,2.0,21,56,1,1,1,1,1,15.0,70.2,6.0,1.0,2.0,15,1.0,1.0,46
4885,2.0,16,56,1,1,2,1,1,6.0,330.7,6.0,1.0,8.0,13,4.0,11.0,9
4886,2.0,15,56,1,1,2,1,1,6.0,347.7,6.0,1.0,8.0,13,9.0,10.0,9
4888,2.0,13,56,1,1,2,1,1,6.0,373.9,7.0,1.0,3.0,15,8.0,1.0,409
4890,2.0,19,7,1,1,1,1,1,15.0,317.0,6.0,1.0,2.0,15,9.0,1.0,32
4891,2.0,12,56,1,1,2,1,1,15.0,102.8,6.0,1.0,3.0,15,8.0,8.0,59
4892,2.0,15,56,1,1,2,1,1,15.0,114.0,6.0,1.0,8.0,18,9.0,10.0,9
4893,2.0,18,56,1,1,1,1,1,15.0,110.6,6.0,1.0,2.0,15,6.0,1.0,21
4894,2.0,12,34,1,1,2,1,1,508.0,58.7,4.0,1.0,8.0,13,8.0,10.0,21
4895,2.0,2,34,2,1,1,1,1,508.0,46.7,8.0,1.0,8.0,13,8.0,10.0,21
4897,2.0,18,47,1,1,1,1,1,6015.0,11.0,6.0,1.0,8.0,13,8.0,11.0,21
4898,2.0,20,47,1,1,1,1,1,2.0,539.2,7.0,2.0,2.0,15,4.0,21.0,21
4900,2.0,15,47,1,1,2,1,1,6015.0,7.0,6.0,1.0,2.0,15,4.0,1.0,3
4901,2.0,9,47,1,1,2,1,1,6006.0,9999.99,6.0,1.0,1.0,15,1.0,2.0,21
4903,2.0,19,47,1,1,1,1,1,6008.0,9999.99,6.0,1.0,3.0,15,8.0,1.0,21
4904,2.0,20,47,1,1,1,1,1,607.0,12.5,7.0,2.0,8.0,18,1.0,16.0,9
4905,2.0,12,47,1,1,2,1,1,2.0,518.2,7.0,2.0,2.0,15,4.0,1.0,21
4906,2.0,7,47,1,1,2,1,1,6008.0,7.7,7.0,1.0,2.0,15,4.0,1.0,9
4907,2.0,12,47,1,1,2,1,1,6008.0,17.3,7.0,2.0,7.0,15,7.0,1.0,9
4909,2.0,11,47,1,1,2,1,1,6010.0,5.4,7.0,1.0,8.0,13,1.0,11.0,21
4910,2.0,21,47,1,1,1,1,1,6012.0,10.0,7.0,1.0,1.0,15,1.0,4.0,31
4911,2.0,6,47,1,1,1,1,1,6000.0,25.2,6.0,1.0,8.0,7,1.0,10.0,82
4912,2.0,21,47,1,1,1,1,1,6010.0,8.4,7.0,1.0,2.0,15,4.0,21.0,9
4913,2.0,18,34,1,1,1,1,1,5407.0,2.0,5.0,1.0,8.0,13,9.0,10.0,31
4914,2.0,20,66,1,1,1,1,1,5013.0,9999.99,5.0,1.0,7.0,15,9.0,4.0,21
4915,2.0,17,66,1,1,2,1,1,9999.0,9999.99,10.0,1.0,1.0,15,1.0,1.0,59
4917,2.0,20,66,1,1,1,1,1,5006.0,20.3,9.0,1.0,7.0,15,2.0,12.0,38
4918,2.0,20,35,1,1,1,1,1,5311.0,9999.99,5.0,1.0,8.0,13,9.0,10.0,38
4919,2.0,19,35,2,1,1,1,1,5317.0,9999.99,6.0,1.0,7.0,15,8.0,4.0,9
4921,2.0,12,42,1,1,2,1,1,802.0,231.0,7.0,2.0,8.0,13,9.0,11.0,82
4922,2.0,20,14,1,1,1,1,1,802.0,204.45,7.0,1.0,2.0,15,1.0,1.0,59
4925,2.0,16,35,1,1,2,1,1,5323.0,1.2,5.0,1.0,1.0,15,1.0,4.0,21
4926,2.0,14,66,1,1,2,1,1,5002.0,5.6,6.0,1.0,1.0,15,1.0,4.0,31
4927,2.0,11,66,1,1,2,1,1,5015.0,9999.99,6.0,1.0,8.0,13,9.0,11.0,21
4930,2.0,20,14,1,1,1,1,1,503.0,7.0,6.0,2.0,2.0,15,4.0,1.0,82
4931,2.0,15,14,1,1,2,1,1,8.0,720.0,7.0,2.0,8.0,13,9.0,11.0,31
4932,2.0,18,14,1,1,1,1,1,8.0,724.0,7.0,2.0,2.0,15,4.0,1.0,9
4934,2.0,9,14,1,1,2,1,1,8.0,725.0,7.0,2.0,3.0,15,7.0,1.0,9
4935,2.0,13,14,1,1,2,1,1,8.0,723.5,7.0,1.0,2.0,14,4.0,1.0,32
4936,2.0,17,14,1,1,2,1,1,503.0,7.2,7.0,2.0,3.0,15,6.0,1.0,3
4937,2.0,12,14,1,1,2,1,1,8.0,724.4,7.0,2.0,2.0,15,4.0,1.0,21
4938,2.0,17,14,1,1,2,1,1,8.0,722.5,7.0,2.0,2.0,15,4.0,1.0,9
4941,2.0,20,66,1,1,1,1,1,5006.0,18.0,9.0,1.0,8.0,14,1.0,16.0,9
4942,2.0,19,14,1,1,1,1,1,6.0,209.8,9.0,1.0,2.0,15,4.0,1.0,36
4943,2.0,17,66,1,1,2,1,1,5006.0,18.5,9.0,1.0,2.0,15,4.0,1.0,9
4944,2.0,20,66,1,1,1,1,1,5006.0,18.2,9.0,1.0,1.0,15,1.0,2.0,32
4945,2.0,19,14,1,1,1,1,1,9999.0,9999.99,6.0,1.0,8.0,14,1.0,16.0,46
4946,2.0,23,66,1,1,1,1,1,8.0,743.5,7.0,1.0,8.0,13,9.0,10.0,9
4953,2.0,14,66,1,1,2,1,1,8.0,741.8,7.0,1.0,2.0,15,4.0,1.0,32
4955,2.0,11,66,1,1,2,1,1,5002.0,14.6,5.0,1.0,7.0,15,8.0,4.0,3
4956,2.0,19,66,1,1,1,1,1,5002.0,40.0,6.0,1.0,1.0,15,1.0,4.0,9
4957,2.0,15,66,1,1,2,1,1,5002.0,15.3,5.0,1.0,7.0,15,9.0,6.0,31
4958,2.0,22,66,1,1,1,1,1,5003.0,18.5,6.0,1.0,7.0,15,8.0,4.0,46
4959,2.0,19,66,1,1,1,1,1,5003.0,17.0,5.0,1.0,7.0,15,8.0,4.0,50
4960,2.0,3,66,1,1,1,1,1,5013.0,9999.99,5.0,1.0,8.0,18,9.0,11.0,3
4961,2.0,11,66,1,1,2,1,1,5013.0,9999.99,5.0,1.0,7.0,15,1.0,4.0,9
4965,2.0,8,66,1,1,2,1,1,5011.0,9999.99,5.0,1.0,7.0,15,1.0,4.0,9
4967,2.0,14,35,1,1,2,1,1,509.0,7.8,6.0,1.0,7.0,15,8.0,4.0,48
4968,2.0,20,35,1,1,1,1,1,8.0,818.0,6.0,1.0,1.0,15,1.0,4.0,9
4969,2.0,11,35,1,1,2,1,1,8.0,800.0,7.0,1.0,1.0,15,1.0,4.0,9
4970,2.0,13,35,1,1,2,1,1,8.0,826.0,7.0,1.0,7.0,15,9.0,1.0,31
4973,2.0,17,35,1,1,2,1,1,8.0,781.19,6.0,1.0,7.0,15,9.0,4.0,9
4974,2.0,15,35,1,1,2,1,1,9999.0,792.2,6.0,1.0,2.0,14,4.0,1.0,21
4976,2.0,9,35,1,1,2,1,1,8.0,774.0,7.0,1.0,2.0,15,4.0,1.0,400
4977,2.0,10,35,1,1,2,1,1,5329.0,6.0,5.0,1.0,7.0,15,5.0,1.0,21
4978,2.0,11,35,1,1,2,1,1,9999.0,9999.99,5.0,1.0,2.0,15,1.0,1.0,341
4979,2.0,7,42,1,1,2,1,1,5334.0,20.5,6.0,1.0,1.0,15,1.0,4.0,9
4981,2.0,13,35,1,1,2,1,1,9999.0,9999.99,7.0,1.0,8.0,13,9.0,11.0,32
4985,2.0,20,42,1,1,1,1,1,6.0,221.5,7.0,1.0,7.0,15,8.0,4.0,9
4986,2.0,19,42,1,1,1,1,1,6.0,227.1,7.0,1.0,8.0,13,9.0,11.0,36
4987,2.0,20,42,1,1,1,1,1,6.0,246.1,6.0,1.0,7.0,15,8.0,4.0,9
4988,2.0,11,42,1,1,2,1,1,5033.0,1.7,6.0,1.0,7.0,15,3.0,4.0,9
4989,2.0,17,42,1,1,2,1,1,714.0,48.47,6.0,1.0,8.0,13,9.0,11.0,9
4990,2.0,9,42,1,1,2,1,1,5013.0,35.4,6.0,1.0,3.0,15,6.0,1.0,31
4991,2.0,18,7,1,1,1,1,1,5131.0,9999.99,5.0,1.0,8.0,13,9.0,10.0,9
4992,2.0,15,42,1,1,2,1,1,504.0,33.0,6.0,1.0,3.0,15,1.0,9.0,53
4995,2.0,12,14,1,1,2,1,1,802.0,183.3,7.0,1.0,2.0,15,1.0,1.0,9
4997,2.0,16,9,1,1,2,1,1,419.0,15.0,5.0,1.0,8.0,13,9.0,10.0,9
4999,2.0,11,35,1,1,2,1,1,5328.0,12.2,6.0,1.0,7.0,15,8.0,4.0,32
5002,2.0,17,7,1,1,2,1,1,7235.0,20.4,5.0,1.0,8.0,14,1.0,16.0,33
5004,2.0,21,7,1,1,1,1,1,5109.0,9999.99,5.0,1.0,8.0,13,9.0,11.0,50
5007,2.0,9,5,1,1,2,1,1,3221.0,4.0,6.0,1.0,3.0,15,8.0,9.0,50
5008,2.0,0,5,1,1,1,1,1,11.0,190.0,7.0,1.0,7.0,15,1.0,1.0,32
5009,2.0,12,65,1,1,2,1,1,309.0,60.0,6.0,1.0,7.0,15,1.0,1.0,9
5010,2.0,11,65,1,1,2,1,1,8.0,387.5,7.0,1.0,3.0,15,1.0,4.0,9
5014,2.0,20,65,1,1,1,1,1,11.0,176.0,7.0,1.0,3.0,15,1.0,4.0,38
5016,2.0,12,65,1,1,2,1,1,309.0,59.0,6.0,1.0,7.0,15,1.0,1.0,9
5019,2.0,23,65,1,1,1,1,1,309.0,58.0,6.0,1.0,7.0,15,1.0,4.0,21
5021,2.0,12,57,1,1,2,1,1,803.0,154.14,7.0,1.0,8.0,18,9.0,11.0,31
5022,2.0,7,5,1,1,2,1,1,8.0,453.9,7.0,1.0,8.0,13,1.0,10.0,21
5023,2.0,11,5,1,1,2,1,1,8.0,456.0,7.0,1.0,7.0,14,1.0,1.0,9
5024,2.0,13,5,1,1,2,1,1,8.0,455.1,7.0,1.0,7.0,15,1.0,1.0,9
5025,2.0,5,5,1,1,1,1,1,8.0,457.0,7.0,1.0,8.0,13,1.0,11.0,31
5027,2.0,19,4,1,1,1,1,1,3109.0,9999.99,4.0,1.0,8.0,4,9.0,13.0,32
5028,2.0,13,4,1,1,2,1,1,3109.0,9999.99,4.0,1.0,1.0,15,9.0,18.0,32
5030,2.0,12,4,1,1,2,1,1,8.0,413.0,8.0,1.0,8.0,4,8.0,1.0,9
5049,2.0,10,4,1,1,2,1,1,3100.0,39.6,6.0,1.0,7.0,14,1.0,16.0,9
5053,2.0,15,4,2,1,2,1,1,3102.0,12.9,5.0,1.0,7.0,14,1.0,16.0,9
5054,2.0,23,4,2,1,1,1,1,307.0,38.5,5.0,1.0,8.0,13,1.0,1.0,32
5057,2.0,8,65,2,1,2,1,1,3224.0,3.4,4.0,1.0,3.0,15,1.0,4.0,21
5058,2.0,20,65,2,1,1,1,1,3211.0,9999.99,4.0,1.0,2.0,15,4.0,1.0,9
5060,2.0,12,65,3,1,2,1,1,3105.0,9999.99,4.0,1.0,1.0,15,2.0,4.0,9
5066,2.0,16,5,2,1,2,1,1,3215.0,5.2,3.0,1.0,2.0,15,4.0,1.0,21
5068,2.0,9,65,1,1,2,1,1,11.0,178.0,5.0,1.0,3.0,15,3.0,4.0,21
5070,2.0,17,65,2,1,2,1,1,3211.0,13.0,3.0,1.0,1.0,15,1.0,4.0,9
5072,2.0,17,5,1,1,2,1,1,9999.0,9999.99,5.0,1.0,8.0,13,7.0,11.0,9
5073,2.0,14,5,1,1,2,1,1,3227.0,9999.99,5.0,1.0,2.0,15,1.0,1.0,9
5074,2.0,1,5,1,1,1,1,1,3227.0,9999.99,5.0,1.0,8.0,14,1.0,16.0,9
5075,2.0,18,5,1,1,1,1,1,3204.0,9999.99,5.0,1.0,8.0,15,1.0,11.0,9
5076,2.0,23,5,1,1,1,1,1,3223.0,9999.99,5.0,1.0,8.0,13,7.0,11.0,9
5077,2.0,19,5,1,1,1,1,1,8.0,470.0,7.0,1.0,8.0,13,8.0,10.0,9
5079,2.0,11,5,1,1,2,1,1,8.0,480.0,7.0,1.0,1.0,15,1.0,4.0,38
5080,2.0,9,5,1,1,2,1,1,8.0,476.0,7.0,1.0,7.0,15,1.0,1.0,9
5082,2.0,8,5,1,1,2,1,1,8.0,484.0,7.0,1.0,8.0,15,1.0,7.0,21
5083,2.0,14,5,1,1,2,1,1,3223.0,9999.99,5.0,1.0,2.0,15,1.0,1.0,21
5084,2.0,22,5,1,1,1,1,1,3221.0,3.0,6.0,1.0,8.0,18,9.0,11.0,31
5085,2.0,23,5,1,1,1,1,1,3222.0,0.8,6.0,1.0,8.0,13,1.0,11.0,21
5087,2.0,23,5,1,1,1,1,1,8.0,433.6,7.0,1.0,7.0,15,1.0,1.0,21
5089,2.0,15,5,1,1,2,1,1,3222.0,10.0,6.0,1.0,7.0,15,1.0,1.0,21
5090,2.0,13,5,1,1,2,1,1,3111.0,0.1,6.0,1.0,3.0,15,8.0,1.0,9
5091,2.0,18,5,1,1,1,1,1,8.0,511.0,7.0,1.0,3.0,15,3.0,9.0,9
5092,2.0,16,5,1,1,2,1,1,3208.0,41.0,7.0,1.0,8.0,13,1.0,10.0,82
5093,2.0,12,5,1,1,2,1,1,3229.0,9999.99,6.0,1.0,1.0,15,1.0,4.0,82
5094,2.0,14,5,1,1,2,1,1,3204.0,9999.99,6.0,1.0,8.0,14,1.0,16.0,9
5095,2.0,17,5,1,1,2,1,1,3208.0,36.0,7.0,1.0,8.0,13,3.0,10.0,9
5096,2.0,13,5,1,1,2,1,1,3208.0,30.0,7.0,1.0,3.0,15,1.0,6.0,21
5097,2.0,13,5,1,1,2,1,1,3206.0,9999.99,6.0,1.0,8.0,18,1.0,16.0,32
5098,2.0,12,5,4,1,2,1,1,9999.0,9999.99,4.0,1.0,8.0,13,1.0,11.0,21
5099,2.0,21,5,1,1,1,1,1,3208.0,26.6,6.0,1.0,7.0,15,1.0,1.0,9
5100,2.0,12,5,1,1,2,1,1,3208.0,6.5,6.0,1.0,2.0,15,1.0,1.0,32
5101,2.0,17,5,1,1,2,1,1,3208.0,7.0,6.0,1.0,8.0,18,9.0,11.0,9
5102,2.0,12,5,1,1,2,1,1,3208.0,26.6,6.0,1.0,8.0,18,9.0,11.0,42
5103,2.0,18,5,1,1,1,1,1,3208.0,9999.99,6.0,1.0,7.0,18,1.0,16.0,21
5104,2.0,17,5,1,1,2,1,1,3208.0,12.0,6.0,1.0,1.0,15,1.0,4.0,21
5105,2.0,12,5,1,1,2,1,1,3208.0,19.2,6.0,1.0,3.0,15,8.0,6.0,9
5106,2.0,18,5,1,1,1,1,1,3208.0,6.0,6.0,1.0,7.0,14,1.0,16.0,31
5107,2.0,17,5,1,1,2,1,1,3208.0,6.0,6.0,1.0,7.0,15,1.0,1.0,46
5108,2.0,12,5,1,1,2,1,1,3208.0,18.0,6.0,1.0,7.0,15,9.0,1.0,31
5109,2.0,18,19,1,1,1,1,1,3214.0,40.0,6.0,1.0,7.0,14,1.0,16.0,50
5111,2.0,16,5,1,1,2,1,1,11.0,189.0,7.0,1.0,7.0,15,1.0,1.0,21
5112,2.0,19,65,1,1,1,1,1,309.0,49.0,7.0,1.0,7.0,15,8.0,1.0,31
5113,2.0,21,65,1,1,1,1,1,309.0,54.0,7.0,1.0,8.0,13,7.0,1.0,50
5114,2.0,8,65,1,1,2,1,1,11.0,9999.99,7.0,1.0,7.0,15,7.0,21.0,100
5115,2.0,9,65,1,1,2,1,1,11.0,147.2,7.0,1.0,7.0,13,8.0,1.0,50
5116,2.0,13,65,1,1,2,1,1,309.0,42.0,7.0,1.0,2.0,15,4.0,1.0,9
5117,2.0,20,65,1,1,1,1,1,308.0,112.0,4.0,1.0,3.0,14,1.0,4.0,9
5122,2.0,13,65,2,1,2,1,1,3224.0,9999.99,3.0,1.0,1.0,15,1.0,4.0,9
5123,2.0,22,65,2,1,1,1,1,3224.0,24.0,3.0,1.0,3.0,14,1.0,4.0,46
5124,2.0,12,65,2,1,2,1,1,3224.0,20.0,4.0,1.0,3.0,14,1.0,4.0,21
5125,2.0,12,65,2,1,2,1,1,3224.0,20.0,4.0,1.0,3.0,15,3.0,1.0,21
5126,2.0,18,65,2,1,1,1,1,3203.0,47.0,4.0,1.0,2.0,15,4.0,1.0,31
5127,2.0,12,65,2,1,2,1,1,3203.0,46.0,4.0,1.0,2.0,15,4.0,1.0,21
5128,2.0,8,65,2,1,2,1,1,3224.0,9999.99,4.0,1.0,2.0,15,4.0,1.0,9
5130,2.0,13,65,1,1,2,1,1,3211.0,9999.99,4.0,1.0,3.0,15,3.0,1.0,21
5131,2.0,17,65,2,1,2,1,1,3211.0,9999.99,4.0,1.0,7.0,15,3.0,4.0,46
5132,2.0,17,65,2,1,2,1,1,3224.0,9999.99,3.0,1.0,3.0,15,3.0,4.0,21
5133,2.0,22,65,2,1,1,1,1,3211.0,5.0,4.0,1.0,1.0,15,1.0,4.0,82
5134,2.0,14,65,2,1,2,1,1,3224.0,9999.99,3.0,1.0,8.0,13,2.0,11.0,36
5135,2.0,20,65,1,1,1,1,1,8.0,422.0,7.0,1.0,1.0,15,1.0,4.0,36
5136,2.0,22,28,2,1,1,1,1,3503.0,9999.99,6.0,1.0,8.0,13,9.0,10.0,38
5137,2.0,17,28,1,1,2,1,1,308.0,45.0,7.0,1.0,1.0,15,1.0,2.0,21
5138,2.0,12,6,1,1,2,1,1,404.0,136.0,6.0,1.0,2.0,15,4.0,1.0,82
5139,2.0,15,54,1,1,2,1,1,803.0,30.2,8.0,1.0,3.0,15,4.0,20.0,32
5140,2.0,1,54,1,1,1,1,1,318.0,87.2,7.0,1.0,3.0,15,1.0,1.0,32
5141,2.0,20,54,1,1,1,1,1,3606.0,9999.99,5.0,1.0,8.0,14,1.0,16.0,9
5143,2.0,5,6,1,1,1,1,1,801.0,45.45,11.0,1.0,7.0,18,8.0,10.0,9
5144,2.0,18,6,1,1,1,1,1,3305.0,10.6,6.0,1.0,2.0,15,4.0,1.0,82
5146,2.0,18,28,1,1,1,1,1,803.0,98.25,8.0,2.0,2.0,15,4.0,1.0,9
5147,2.0,5,28,1,1,1,1,1,803.0,59.8,8.0,2.0,8.0,14,1.0,16.0,82
5148,2.0,12,28,2,1,2,1,1,3610.0,9999.99,5.0,1.0,7.0,15,1.0,14.0,82
5149,2.0,9,6,1,1,2,1,1,322.0,35.0,7.0,1.0,8.0,14,8.0,16.0,33
5151,2.0,22,54,1,1,1,1,1,318.0,42.15,7.0,1.0,7.0,15,7.0,12.0,21
5152,2.0,21,6,1,1,1,1,1,322.0,47.1,8.0,1.0,8.0,14,1.0,1.0,82
5153,2.0,9,6,1,1,2,1,1,3323.0,1.85,7.0,1.0,1.0,15,1.0,4.0,9
5154,2.0,20,28,1,1,1,1,1,308.0,27.0,7.0,1.0,8.0,14,1.0,16.0,9
5155,2.0,20,28,2,1,1,1,1,3610.0,9999.99,6.0,1.0,7.0,15,8.0,8.0,9
5156,2.0,14,28,1,1,2,1,1,9.0,64.8,8.0,1.0,3.0,15,7.0,19.0,9
5157,2.0,13,28,1,1,2,1,1,9.0,102.8,8.0,1.0,7.0,15,3.0,2.0,9
5159,2.0,13,28,2,1,2,1,1,3613.0,9999.99,6.0,1.0,2.0,15,4.0,17.0,9
5160,2.0,15,28,1,1,2,1,1,316.0,125.0,7.0,1.0,1.0,15,1.0,2.0,9
5163,2.0,22,6,1,1,1,1,1,801.0,26.5,11.0,2.0,3.0,15,6.0,1.0,21
5164,2.0,2,54,1,1,1,1,1,3330.0,9999.99,7.0,1.0,2.0,15,4.0,1.0,21
5165,2.0,21,72,1,1,1,1,1,9.0,36.4,7.0,1.0,2.0,15,4.0,1.0,21
5166,2.0,20,54,1,1,1,1,1,3607.0,9999.99,7.0,1.0,8.0,14,8.0,16.0,71
5167,2.0,21,72,1,1,1,1,1,3011.0,22.6,7.0,1.0,8.0,18,3.0,1.0,9
5169,2.0,21,54,1,1,1,1,1,3606.0,9999.99,5.0,1.0,8.0,12,1.0,11.0,82
5170,2.0,10,54,1,1,2,1,1,3610.0,9999.99,7.0,1.0,1.0,15,1.0,4.0,82
5171,2.0,8,54,1,1,2,1,1,318.0,36.0,7.0,1.0,1.0,15,1.0,4.0,82
5172,2.0,17,54,1,1,2,1,1,3614.0,9999.99,7.0,1.0,2.0,15,4.0,1.0,32
5173,2.0,21,54,1,1,1,1,1,318.0,51.8,7.0,1.0,8.0,13,9.0,10.0,9
5175,2.0,11,54,1,1,2,1,1,318.0,49.0,7.0,1.0,1.0,15,1.0,4.0,9
5179,2.0,20,28,2,1,1,1,1,3629.0,9999.99,5.0,1.0,7.0,15,8.0,2.0,9
5180,2.0,8,6,1,1,2,1,1,322.0,30.8,7.0,1.0,8.0,14,8.0,16.0,9
5181,2.0,18,6,1,1,1,1,1,322.0,29.3,7.0,1.0,1.0,15,1.0,4.0,341
5182,2.0,18,6,1,1,1,1,1,322.0,29.3,7.0,1.0,8.0,14,8.0,16.0,9
5183,2.0,13,6,1,1,2,1,1,322.0,29.0,7.0,1.0,2.0,15,4.0,21.0,9
5184,2.0,17,6,1,1,2,1,1,1.0,322.15,8.0,1.0,7.0,15,7.0,1.0,9
5185,2.0,21,6,1,1,1,1,1,1.0,309.6,8.0,1.0,8.0,13,9.0,10.0,9
5186,2.0,14,6,1,1,2,1,1,313.0,12.5,7.0,1.0,3.0,15,7.0,1.0,9
5187,2.0,15,6,1,1,2,1,1,1.0,322.6,7.0,1.0,2.0,15,4.0,1.0,33
5188,2.0,0,6,1,1,1,1,1,1.0,314.5,8.0,1.0,3.0,15,8.0,12.0,3
5189,2.0,6,6,1,1,1,1,1,305.0,6.85,7.0,1.0,8.0,14,8.0,18.0,9
5190,2.0,23,6,1,1,1,1,1,305.0,7.8,7.0,1.0,8.0,15,7.0,18.0,82
5192,2.0,14,6,1,1,2,1,1,3327.0,1.6,4.0,1.0,3.0,15,7.0,1.0,21
5194,2.0,16,28,1,1,2,1,1,11.0,81.0,8.0,1.0,8.0,14,1.0,16.0,82
5197,2.0,13,28,1,1,2,1,1,205.0,39.0,7.0,1.0,8.0,13,9.0,10.0,9
5199,2.0,20,28,1,1,1,1,1,308.0,66.9,7.0,1.0,8.0,13,1.0,11.0,32
5201,2.0,18,28,1,1,1,1,1,308.0,60.0,7.0,1.0,8.0,13,9.0,11.0,82
5203,2.0,5,28,1,1,1,1,1,9.0,65.9,8.0,1.0,8.0,13,9.0,11.0,31
5204,2.0,15,28,1,1,2,1,1,9.0,69.8,8.0,1.0,2.0,15,4.0,1.0,9
5205,2.0,18,28,1,1,1,1,1,9.0,83.6,8.0,1.0,7.0,15,5.0,7.0,9
5206,2.0,21,28,1,1,1,1,1,9.0,97.9,8.0,1.0,2.0,15,4.0,1.0,341
5208,2.0,23,28,2,1,1,1,1,3610.0,9999.99,6.0,1.0,8.0,13,9.0,10.0,9
5209,2.0,12,28,2,1,2,1,1,3606.0,9999.99,6.0,1.0,8.0,13,2.0,11.0,31
5210,2.0,1,28,1,1,1,1,1,308.0,7.0,7.0,1.0,8.0,13,9.0,10.0,9
5212,2.0,5,28,2,1,1,1,1,3626.0,9999.99,5.0,1.0,8.0,13,9.0,10.0,31
5213,2.0,9,28,1,1,2,1,1,316.0,96.0,7.0,1.0,7.0,15,4.0,1.0,50
5214,2.0,16,28,1,1,2,1,1,11.0,62.8,8.0,1.0,2.0,15,4.0,1.0,59
5215,2.0,13,28,1,1,2,1,1,11.0,75.2,8.0,1.0,8.0,14,1.0,16.0,9
5216,2.0,12,28,1,1,2,1,1,11.0,66.7,8.0,1.0,8.0,13,9.0,11.0,59
5217,2.0,21,28,2,1,1,1,1,305.0,98.2,7.0,1.0,8.0,13,9.0,10.0,36
5218,2.0,17,28,1,1,2,1,1,9.0,115.2,8.0,1.0,8.0,7,1.0,11.0,9