NUM_ACC,MOIS_ACC,HEU_ACC,COD_PRV,COD_ETA_CHA,COD_ETA_SUR,COD_LUM,COD_INT,TYP_LIE_ACC,NUM_ROU,PKM,LAR_CHA,COD_TYP_CHA,COD_TYP_COL,COD_OBS_HRT,COD_POI_CHO,COD_MAN,CIR_ACC
5220,2.0,15,28,2,1,2,1,1,3618.0,9999.99,6.0,1.0,1.0,15,1.0,2.0,53
5221,2.0,19,28,2,1,1,1,1,3632.0,9999.99,6.0,1.0,2.0,15,4.0,1.0,9
5222,2.0,16,28,2,1,2,1,1,3633.0,9999.99,5.0,1.0,2.0,15,4.0,1.0,9
5223,2.0,18,6,1,1,1,1,1,404.0,130.0,7.0,1.0,3.0,15,8.0,8.0,33
5224,2.0,14,28,1,1,2,1,1,803.0,94.4,8.0,2.0,8.0,2,2.0,11.0,33
5225,2.0,11,54,1,1,2,1,1,803.0,42.9,8.0,2.0,8.0,13,9.0,5.0,9
5226,2.0,13,28,1,1,2,1,1,803.0,67.3,8.0,2.0,8.0,13,9.0,5.0,31
5227,2.0,10,28,1,1,2,1,1,803.0,99.2,8.0,2.0,8.0,13,1.0,5.0,9
5228,2.0,15,28,2,1,2,1,1,3619.0,9999.99,6.0,1.0,8.0,14,1.0,16.0,9
5230,2.0,12,28,1,1,2,1,1,316.0,129.5,7.0,1.0,2.0,15,4.0,1.0,21
5234,2.0,19,6,1,1,1,1,1,305.0,68.0,6.0,1.0,3.0,15,8.0,4.0,32
5235,2.0,12,6,1,1,2,1,1,305.0,52.6,6.0,1.0,2.0,15,4.0,1.0,82
5236,2.0,1,6,1,1,1,1,1,305.0,67.9,6.0,1.0,8.0,13,1.0,11.0,3
5237,2.0,22,6,1,1,1,1,1,3321.0,25.0,6.0,1.0,3.0,15,8.0,8.0,33
5238,2.0,21,6,1,1,1,1,1,3305.0,9999.99,6.0,1.0,8.0,13,1.0,10.0,32
5239,2.0,10,6,1,1,2,1,1,3321.0,16.9,6.0,1.0,8.0,13,1.0,11.0,9
5240,2.0,14,6,1,1,2,1,1,3305.0,8.2,6.0,1.0,1.0,15,1.0,9.0,341
5241,2.0,18,6,1,1,1,1,1,3326.0,5.0,5.0,1.0,3.0,15,8.0,12.0,32
5242,2.0,10,6,1,1,2,1,1,305.0,5.2,6.0,1.0,3.0,15,8.0,4.0,32
5243,2.0,16,6,1,1,2,1,1,3319.0,5.0,5.0,1.0,2.0,15,4.0,1.0,341
5244,2.0,13,6,1,2,2,2,1,3305.0,10.5,6.0,1.0,8.0,13,1.0,11.0,31
5245,2.0,21,6,1,1,1,1,1,305.0,45.6,6.0,1.0,8.0,14,1.0,16.0,59
5246,2.0,15,6,1,1,2,1,1,3305.0,9.7,6.0,1.0,2.0,15,4.0,1.0,46
5247,2.0,16,51,1,1,2,1,1,3307.0,1.0,6.0,1.0,3.0,15,1.0,4.0,9
5250,2.0,16,6,1,1,2,1,1,3318.0,9999.99,5.0,1.0,3.0,15,8.0,4.0,31
5251,2.0,8,6,1,1,2,1,1,3315.0,9999.99,5.0,1.0,3.0,15,6.0,8.0,9
5256,2.0,5,6,1,1,1,1,1,801.0,30.8,65.0,2.0,2.0,15,4.0,1.0,9
5257,2.0,10,6,1,1,2,1,1,313.0,19.2,7.0,2.0,7.0,13,9.0,10.0,31
5258,2.0,7,6,1,1,2,1,1,305.0,11.2,7.0,2.0,7.0,10,1.0,11.0,36
5260,2.0,16,6,1,1,2,1,1,313.0,16.2,7.0,2.0,8.0,14,7.0,16.0,46
5261,2.0,15,6,1,1,2,1,1,3331.0,7.8,6.0,1.0,3.0,15,6.0,12.0,38
5262,2.0,14,6,1,1,2,1,1,305.0,23.7,6.0,1.0,3.0,15,3.0,14.0,9
5264,2.0,17,54,1,1,2,1,1,3602.0,9999.99,7.0,1.0,7.0,15,8.0,4.0,3
5267,2.0,20,54,1,1,1,1,1,3602.0,9999.99,7.0,1.0,8.0,13,9.0,11.0,9
5268,2.0,21,54,1,1,1,1,1,3625.0,9999.99,7.0,1.0,7.0,15,8.0,4.0,9
5273,2.0,16,72,1,1,2,1,1,9.0,32.1,7.0,1.0,2.0,15,6.0,1.0,32
5274,2.0,10,72,1,1,2,1,1,9.0,31.0,7.0,1.0,2.0,18,6.0,1.0,31
5275,2.0,23,72,1,1,1,1,1,9.0,31.8,7.0,1.0,3.0,15,8.0,4.0,341
5276,2.0,21,72,1,1,1,1,1,9.0,32.0,7.0,1.0,3.0,15,3.0,1.0,9
5277,2.0,17,72,1,1,2,1,1,9.0,33.3,7.0,1.0,2.0,18,4.0,1.0,9
5278,2.0,12,72,1,1,2,1,1,9.0,40.5,7.0,1.0,3.0,15,8.0,11.0,33
5279,2.0,19,72,1,1,1,1,1,9.0,35.4,7.0,1.0,8.0,14,1.0,16.0,33
5280,2.0,15,72,1,1,2,1,1,9.0,33.8,7.0,1.0,3.0,15,8.0,4.0,32
5281,2.0,16,72,1,1,2,1,1,9.0,32.8,7.0,1.0,2.0,15,4.0,1.0,82
5282,2.0,6,60,1,1,1,1,1,801.0,18.1,8.0,1.0,2.0,15,4.0,21.0,36
5283,2.0,13,50,1,1,2,1,1,801.0,104.7,8.0,2.0,8.0,13,7.0,11.0,38
5284,2.0,17,54,1,1,2,1,1,801.0,112.9,8.0,1.0,2.0,15,4.0,1.0,9
5285,2.0,10,54,1,1,2,1,1,3336.0,9999.99,3.0,1.0,3.0,15,2.0,1.0,82
5286,2.0,22,54,1,1,1,1,1,305.0,9999.99,6.0,1.0,8.0,18,1.0,10.0,21
5289,2.0,20,54,1,1,1,1,1,3336.0,9999.99,3.0,1.0,3.0,15,3.0,2.0,82
5291,2.0,22,54,1,1,1,1,1,3602.0,9999.99,7.0,1.0,1.0,15,1.0,4.0,32
5293,2.0,19,54,1,1,1,1,1,3005.0,9999.99,7.0,1.0,8.0,14,2.0,16.0,59
5294,2.0,13,54,1,1,2,1,1,3607.0,9999.99,7.0,1.0,2.0,15,4.0,1.0,33
5295,2.0,19,54,1,1,1,1,1,320.0,30.0,7.0,2.0,8.0,14,8.0,16.0,82
5296,2.0,21,54,1,1,1,1,1,320.0,27.2,7.0,2.0,2.0,15,7.0,1.0,82
5302,2.0,17,6,1,1,2,1,1,322.0,29.8,7.0,2.0,8.0,13,9.0,11.0,21
5304,2.0,10,54,1,1,2,1,1,1.0,391.4,7.0,1.0,7.0,15,3.0,8.0,341
5305,2.0,21,54,9,9,1,1,1,1.0,9999.99,7.0,1.0,2.0,15,4.0,1.0,9
5306,2.0,17,54,1,1,2,1,1,320.0,23.3,7.0,1.0,2.0,15,4.0,1.0,9
5308,2.0,20,54,1,1,1,1,1,320.0,26.0,7.0,1.0,7.0,15,6.0,1.0,21
5309,2.0,13,54,1,1,2,1,1,1.0,385.2,7.0,1.0,7.0,15,3.0,2.0,82
5310,2.0,16,54,1,1,2,1,1,1.0,390.2,7.0,1.0,3.0,15,6.0,1.0,9
5311,2.0,20,54,1,1,1,1,1,3603.0,9999.99,7.0,1.0,3.0,15,3.0,1.0,21
5312,2.0,23,54,1,1,1,1,1,3005.0,9999.99,7.0,1.0,2.0,15,4.0,1.0,31
5313,2.0,0,54,1,1,1,1,1,3601.0,25.1,7.0,1.0,2.0,15,4.0,1.0,9
5314,2.0,14,54,1,1,2,1,1,3617.0,9999.99,5.0,1.0,8.0,13,8.0,10.0,9
5315,2.0,7,54,1,1,2,1,1,9.0,54.3,7.0,1.0,3.0,15,8.0,4.0,3
5316,2.0,12,54,1,1,2,1,1,9.0,50.0,7.0,1.0,2.0,15,4.0,1.0,31
5317,2.0,15,28,1,1,2,1,1,9.0,96.3,7.0,1.0,3.0,15,3.0,4.0,9
5321,2.0,21,54,1,1,1,1,1,1.0,402.2,7.0,1.0,7.0,15,3.0,2.0,31
5322,2.0,21,54,1,1,1,1,1,1.0,388.8,7.0,1.0,8.0,18,3.0,1.0,82
5324,2.0,15,54,1,1,2,1,1,320.0,23.5,7.0,1.0,8.0,14,3.0,16.0,46
5325,2.0,14,54,1,1,2,1,1,1.0,389.1,7.0,1.0,2.0,15,4.0,1.0,82
5326,2.0,0,54,1,1,1,1,1,1.0,391.1,7.0,1.0,2.0,15,4.0,1.0,9
5327,2.0,15,54,1,1,2,1,1,3603.0,9999.99,7.0,1.0,2.0,15,4.0,1.0,9
5328,2.0,23,54,1,1,1,1,1,1.0,397.1,7.0,1.0,1.0,15,1.0,2.0,9
5329,2.0,23,54,1,1,1,1,1,3600.0,9999.99,7.0,1.0,1.0,15,2.0,2.0,9
5333,2.0,16,71,1,1,2,1,1,3024.0,9999.99,5.0,1.0,3.0,15,8.0,8.0,9
5334,2.0,16,51,1,1,2,1,1,3307.0,3.0,7.0,1.0,2.0,15,4.0,1.0,21
5337,2.0,22,50,1,1,1,1,1,801.0,61.9,7.0,2.0,8.0,14,1.0,16.0,82
5338,2.0,0,72,1,1,1,1,1,320.0,14.6,7.0,1.0,3.0,14,1.0,16.0,9
5340,2.0,20,72,1,1,1,1,1,3012.0,7.8,14.0,1.0,2.0,15,1.0,1.0,9
5343,2.0,21,71,1,1,1,1,1,3019.0,9999.99,6.0,1.0,3.0,15,7.0,3.0,82
5344,2.0,13,72,1,1,2,1,1,3011.0,2.5,7.0,2.0,2.0,15,1.0,1.0,82
5345,2.0,13,72,1,1,2,1,1,3011.0,9999.99,8.0,1.0,7.0,15,9.0,1.0,9
5346,2.0,8,72,1,1,2,1,1,3011.0,9999.99,7.0,1.0,7.0,15,9.0,1.0,21
5348,2.0,16,72,1,1,2,1,1,3011.0,9999.99,7.0,1.0,1.0,15,1.0,2.0,9
5349,2.0,9,72,1,1,2,1,1,3011.0,9999.99,7.0,1.0,7.0,4,9.0,1.0,32
5350,2.0,9,72,1,1,2,1,1,3011.0,9999.99,7.0,1.0,7.0,15,9.0,1.0,36
5352,2.0,18,72,1,1,1,1,1,3009.0,9999.99,1.0,1.0,1.0,4,1.0,2.0,9
5353,2.0,16,72,1,1,2,1,1,3009.0,9999.99,14.0,1.0,3.0,15,7.0,1.0,31
5354,2.0,15,50,1,1,2,1,1,3007.0,2.0,7.0,1.0,3.0,15,1.0,2.0,32
5356,2.0,19,72,1,1,1,1,1,3011.0,3.0,8.0,1.0,2.0,15,4.0,12.0,82
5358,2.0,17,72,1,1,2,1,1,3011.0,9999.99,7.0,1.0,7.0,15,9.0,1.0,36
5359,2.0,14,72,1,1,2,1,1,3009.0,4.1,10.0,1.0,3.0,15,6.0,1.0,32
5360,2.0,16,72,1,1,2,1,1,3011.0,9999.99,60.0,1.0,3.0,15,5.0,7.0,32
5361,2.0,15,72,1,1,2,1,1,3011.0,9999.99,7.0,1.0,7.0,15,9.0,1.0,3
5363,2.0,11,72,1,1,2,1,1,3011.0,3.5,7.0,2.0,7.0,14,1.0,16.0,9
5364,2.0,12,50,1,1,2,1,1,3011.0,1.5,7.0,2.0,3.0,15,8.0,7.0,21
5366,2.0,15,72,1,1,2,1,1,3007.0,4.0,12.0,1.0,3.0,15,8.0,8.0,31
5367,2.0,17,72,1,1,2,1,1,3009.0,1.5,12.0,1.0,3.0,15,8.0,16.0,31
5368,2.0,10,72,1,1,2,1,1,9999.0,9999.99,8.0,1.0,7.0,18,9.0,1.0,31
5369,2.0,10,72,1,1,2,1,1,3013.0,9999.99,7.0,1.0,8.0,14,1.0,16.0,36
5371,2.0,19,72,1,1,1,1,1,3009.0,9999.99,8.0,1.0,1.0,15,1.0,4.0,9
5374,2.0,19,72,1,1,1,1,1,3011.0,9999.99,7.0,2.0,3.0,15,6.0,8.0,21
5376,2.0,15,72,1,1,2,1,1,3011.0,9999.99,8.0,1.0,7.0,14,9.0,16.0,46
5377,2.0,21,72,1,1,1,1,1,3007.0,9999.99,12.0,1.0,1.0,15,1.0,2.0,9
5378,2.0,16,72,1,1,2,1,1,3011.0,9999.99,5.0,1.0,3.0,1,2.0,21.0,48
5379,2.0,14,72,1,1,2,1,1,3011.0,9999.99,8.0,1.0,2.0,15,2.0,1.0,9
5382,2.0,22,50,1,1,1,1,1,3011.0,1.0,7.0,2.0,3.0,14,2.0,14.0,3
5384,2.0,12,72,1,1,2,1,1,3020.0,9999.99,8.0,1.0,3.0,15,3.0,9.0,3
5389,2.0,20,50,1,1,1,1,1,803.0,3.0,7.0,2.0,4.0,15,4.0,1.0,82
5390,2.0,12,50,1,1,2,1,1,803.0,7.5,7.0,2.0,4.0,15,4.0,1.0,9
5391,2.0,10,50,1,1,2,1,1,803.0,1.4,7.0,2.0,4.0,15,4.0,1.0,33
5392,2.0,16,50,1,1,2,1,1,803.0,3.0,7.0,2.0,4.0,15,4.0,1.0,406
5393,2.0,17,50,1,1,2,1,1,803.0,2.5,7.0,2.0,4.0,15,4.0,1.0,31
5399,2.0,20,72,1,1,1,1,1,3011.0,17.8,7.0,1.0,3.0,15,3.0,1.0,9
5400,2.0,10,72,1,1,2,1,1,3011.0,23.5,7.0,1.0,8.0,14,7.0,1.0,31
5402,2.0,18,72,1,1,1,1,1,3011.0,15.1,8.0,1.0,3.0,15,8.0,1.0,33
5403,2.0,21,72,1,1,1,1,1,3012.0,2.3,14.0,1.0,2.0,15,7.0,4.0,9
5405,2.0,16,72,1,1,2,1,1,3012.0,0.5,14.0,1.0,3.0,15,8.0,4.0,9
5406,2.0,17,72,1,1,2,1,1,3012.0,10.0,14.0,1.0,7.0,15,4.0,1.0,31
5407,2.0,20,71,1,1,1,1,1,315.0,12.0,7.0,1.0,3.0,15,8.0,14.0,9
5408,2.0,21,71,1,1,1,1,1,9.0,29.0,8.0,2.0,8.0,14,1.0,1.0,50
5409,2.0,16,72,1,1,2,1,1,315.0,6.0,7.0,1.0,7.0,15,4.0,1.0,31
5410,2.0,18,71,1,1,1,1,1,315.0,10.5,8.0,2.0,3.0,15,8.0,1.0,9
5411,2.0,12,71,1,1,2,1,1,315.0,10.5,8.0,1.0,8.0,9,1.0,1.0,82
5412,2.0,16,71,1,1,2,1,1,9.0,21.0,7.0,1.0,3.0,15,2.0,1.0,9
5413,2.0,17,71,1,1,2,1,1,9.0,29.0,8.0,1.0,2.0,15,4.0,1.0,36
5414,2.0,21,71,1,1,1,1,1,3336.0,9999.99,6.0,1.0,2.0,15,1.0,1.0,33
5415,2.0,15,71,1,1,2,1,1,315.0,11.5,8.0,1.0,8.0,18,2.0,1.0,31
5416,2.0,14,71,1,1,2,1,1,315.0,11.0,8.0,1.0,1.0,15,2.0,4.0,9
5417,2.0,19,71,1,1,1,1,1,3028.0,9999.99,8.0,1.0,3.0,15,8.0,2.0,3
5418,2.0,17,51,1,1,2,1,1,3301.0,9999.99,6.0,1.0,8.0,14,1.0,16.0,9
5421,2.0,20,51,1,1,1,1,1,3006.0,9999.99,6.0,1.0,7.0,15,8.0,14.0,100
5422,2.0,17,51,1,1,2,1,1,3019.0,9999.99,6.0,1.0,2.0,15,4.0,1.0,33
5423,2.0,15,51,1,1,2,1,1,3301.0,9999.99,6.0,1.0,7.0,15,7.0,6.0,9
5424,2.0,8,51,1,1,2,1,1,3006.0,9999.99,6.0,1.0,3.0,15,7.0,12.0,31
5425,2.0,18,51,1,1,1,1,1,3301.0,9999.99,6.0,1.0,7.0,15,3.0,14.0,9
5429,2.0,18,51,1,1,1,1,1,3301.0,9999.99,8.0,1.0,3.0,15,6.0,12.0,341
5431,2.0,16,51,1,1,2,1,1,3006.0,9999.99,6.0,1.0,8.0,13,1.0,11.0,9
5433,2.0,18,51,1,1,1,1,1,3019.0,9999.99,6.0,1.0,1.0,15,1.0,1.0,9
5435,2.0,19,50,1,1,1,1,1,801.0,80.7,7.0,2.0,2.0,15,4.0,1.0,82
5436,2.0,11,50,1,1,2,1,1,801.0,74.58,7.0,2.0,4.0,15,4.0,1.0,32
5438,2.0,6,72,1,1,1,1,1,320.0,13.5,7.0,1.0,2.0,15,4.0,1.0,31
5441,2.0,18,72,1,1,1,1,1,3001.0,3.0,7.0,1.0,3.0,15,7.0,4.0,3
5444,2.0,10,72,1,1,2,1,1,320.0,15.3,7.0,1.0,2.0,15,7.0,1.0,9
5445,2.0,17,72,1,1,2,1,1,320.0,15.1,7.0,1.0,3.0,15,5.0,1.0,9
5446,2.0,11,72,1,1,2,1,1,320.0,21.0,7.0,1.0,3.0,15,3.0,1.0,3
5451,2.0,17,50,1,1,2,1,1,3015.0,7.0,6.0,1.0,8.0,18,1.0,18.0,38
5452,2.0,7,71,1,1,2,1,1,3010.0,9999.99,7.0,1.0,8.0,18,1.0,18.0,9
5453,2.0,18,51,1,1,1,1,1,3309.0,9999.99,6.0,1.0,2.0,15,4.0,1.0,9
5458,2.0,20,71,1,1,1,1,1,3010.0,9999.99,6.0,1.0,2.0,15,4.0,1.0,9
5459,2.0,14,71,1,1,2,1,1,3305.0,5.0,6.0,1.0,2.0,15,4.0,1.0,42
5463,2.0,20,51,1,1,1,1,1,3313.0,9999.99,1.0,1.0,3.0,15,2.0,1.0,9
5464,2.0,19,51,1,1,1,1,1,313.0,9999.99,1.0,1.0,7.0,14,1.0,16.0,3
5465,2.0,10,51,1,1,2,1,1,3307.0,9999.99,2.0,1.0,3.0,15,6.0,1.0,9
5466,2.0,22,51,1,1,1,1,1,3307.0,9999.99,8.0,1.0,3.0,15,5.0,8.0,9
5468,2.0,14,51,1,1,2,1,1,313.0,9999.99,8.0,1.0,2.0,15,6.0,1.0,82
5469,2.0,21,51,1,1,1,1,1,1.0,334.6,16.0,1.0,7.0,15,1.0,8.0,9
5470,2.0,10,51,1,1,2,1,1,1.0,340.0,16.0,1.0,2.0,15,6.0,1.0,9
5490,2.0,22,50,1,1,1,1,1,3015.0,9999.99,8.0,1.0,7.0,18,1.0,18.0,3
5493,2.0,18,50,1,1,1,1,1,3015.0,9999.99,8.0,1.0,1.0,15,1.0,2.0,9
5495,2.0,19,50,1,1,1,1,1,3015.0,8.0,8.0,1.0,8.0,14,1.0,16.0,9
5496,2.0,13,71,1,1,2,1,1,9.0,16.0,7.0,1.0,2.0,15,8.0,15.0,36
5498,2.0,2,72,1,1,1,1,1,3038.0,6.0,7.0,1.0,8.0,18,1.0,18.0,36
5500,2.0,20,51,1,1,1,1,1,1.0,339.0,7.0,1.0,2.0,15,4.0,1.0,9
5501,2.0,21,51,1,1,1,1,1,1.0,337.0,7.0,1.0,3.0,15,8.0,8.0,21
5504,2.0,9,51,1,1,2,1,1,1.0,334.1,7.0,1.0,2.0,15,4.0,1.0,9
5505,2.0,11,72,1,1,2,1,1,315.0,6.5,9.0,2.0,3.0,15,6.0,12.0,21
5507,2.0,21,72,1,1,1,1,1,315.0,6.8,9.0,2.0,8.0,14,1.0,16.0,21
5510,2.0,6,72,2,2,1,2,1,315.0,6.4,8.0,2.0,8.0,18,9.0,1.0,9
5513,2.0,12,72,1,1,2,1,1,315.0,5.0,8.0,2.0,2.0,15,4.0,1.0,9
5514,2.0,20,72,1,1,1,1,1,315.0,4.2,8.0,2.0,3.0,15,2.0,1.0,33
5515,2.0,15,72,1,1,2,1,1,315.0,5.7,8.0,2.0,3.0,15,3.0,1.0,31
5521,2.0,12,72,1,1,2,1,1,3014.0,11.4,8.0,1.0,2.0,15,4.0,1.0,9
5523,2.0,19,72,1,1,1,1,1,3014.0,12.6,7.0,1.0,7.0,14,2.0,15.0,3
5524,2.0,15,72,1,1,2,1,1,1.0,378.95,8.0,1.0,2.0,15,2.0,1.0,3
5525,2.0,13,72,1,2,2,2,1,3014.0,8.0,8.0,1.0,3.0,4,7.0,8.0,9
5528,2.0,11,72,1,1,2,1,1,3014.0,7.3,9.0,1.0,3.0,15,1.0,1.0,9
5529,2.0,14,72,1,1,2,1,1,1.0,376.0,8.0,1.0,3.0,15,8.0,2.0,21
5530,2.0,12,72,1,1,2,1,1,1.0,379.0,8.0,1.0,2.0,15,4.0,1.0,42
5533,2.0,17,72,1,1,2,1,1,3014.0,12.3,8.0,1.0,3.0,15,8.0,1.0,9
5534,2.0,21,72,1,1,1,1,1,3014.0,10.1,8.0,1.0,1.0,15,3.0,2.0,38
5535,2.0,18,50,1,1,1,1,1,1.0,9999.99,41.0,1.0,8.0,14,2.0,16.0,9
5537,2.0,18,51,1,1,1,1,1,3000.0,9999.99,6.0,1.0,3.0,15,8.0,8.0,3
5539,2.0,8,51,1,1,2,1,1,9.0,4.3,7.0,2.0,3.0,15,7.0,6.0,9
5540,2.0,18,51,1,1,1,1,1,3004.0,9999.99,7.0,2.0,2.0,15,4.0,1.0,33
5541,2.0,15,51,1,1,2,1,1,9999.0,9999.99,6.0,1.0,3.0,15,3.0,4.0,341
5542,2.0,18,51,1,1,1,1,1,3000.0,9999.99,6.0,1.0,2.0,15,4.0,1.0,21
5543,2.0,19,51,1,1,1,1,1,3004.0,9999.99,7.0,2.0,3.0,15,6.0,1.0,46
5544,2.0,15,51,1,1,2,1,1,3000.0,9999.99,6.0,1.0,3.0,15,1.0,6.0,21
5545,2.0,15,51,1,1,2,1,1,3004.0,9999.99,7.0,2.0,3.0,15,3.0,8.0,9
5546,2.0,10,51,1,1,2,1,1,9.0,4.3,7.0,2.0,2.0,15,6.0,1.0,9
5547,2.0,23,51,1,1,1,1,1,1.0,348.0,7.0,2.0,7.0,5,1.0,11.0,31
5548,2.0,9,51,1,1,2,1,1,1.0,338.0,7.0,2.0,3.0,15,3.0,2.0,82
5549,2.0,13,51,1,1,2,1,1,3004.0,9999.99,7.0,2.0,3.0,15,7.0,2.0,21
5550,2.0,7,51,1,1,2,1,1,3004.0,9999.99,7.0,2.0,2.0,15,4.0,1.0,9
5551,2.0,4,51,1,1,1,1,1,3004.0,9999.99,7.0,2.0,3.0,15,8.0,2.0,32
5552,2.0,6,51,1,1,1,1,1,3000.0,9999.99,6.0,1.0,2.0,15,4.0,1.0,9
5554,2.0,19,51,1,1,1,1,1,322.0,10.2,8.0,1.0,1.0,15,2.0,5.0,31
5556,2.0,19,51,1,1,1,1,1,322.0,13.2,8.0,1.0,3.0,15,6.0,1.0,32
5557,2.0,15,51,1,1,2,1,1,322.0,10.0,8.0,1.0,3.0,15,5.0,1.0,9
5558,2.0,20,51,1,1,1,1,1,8101.0,1.9,11.0,2.0,2.0,15,4.0,1.0,82
5559,2.0,15,45,1,1,2,1,1,1018.0,9999.99,11.0,2.0,7.0,14,1.0,16.0,391
5560,2.0,19,51,1,1,1,1,1,801.0,58.8,11.0,2.0,2.0,15,4.0,1.0,36
5561,2.0,19,51,1,1,1,1,1,3303.0,9999.99,6.0,1.0,2.0,15,4.0,1.0,82
5562,2.0,20,51,1,1,1,1,1,3006.0,9999.99,6.0,1.0,2.0,15,4.0,1.0,9
5564,2.0,17,51,1,1,2,1,1,3301.0,9999.99,6.0,1.0,2.0,15,4.0,1.0,82
5572,2.0,14,72,1,1,2,1,1,3038.0,3.0,7.0,2.0,7.0,15,7.0,1.0,9
5579,2.0,17,15,1,1,2,1,1,17.0,359.8,6.0,1.0,2.0,15,4.0,1.0,9
5580,2.0,7,15,1,1,2,1,1,17.0,247.4,6.0,1.0,8.0,18,7.0,11.0,400
5581,2.0,16,15,1,1,2,1,1,601.0,129.8,8.0,1.0,7.0,15,1.0,1.0,9
5584,2.0,2,62,1,1,1,1,1,1.0,1319.0,7.0,1.0,8.0,18,3.0,1.0,31
5585,2.0,9,62,1,1,2,1,1,1.0,1363.0,7.0,1.0,8.0,18,9.0,1.0,38
5586,2.0,14,21,1,1,2,1,1,5.0,22.0,5.0,1.0,8.0,18,9.0,1.0,341
5587,2.0,2,21,1,1,1,1,1,9999.0,9999.99,5.0,1.0,8.0,18,2.0,1.0,9
5589,2.0,5,62,1,1,1,1,1,1.0,1503.0,8.0,1.0,8.0,18,3.0,1.0,9
5590,2.0,0,62,1,1,1,1,1,1.0,1326.0,8.0,1.0,8.0,18,2.0,1.0,38
5591,2.0,6,62,1,1,1,1,1,1.0,1334.0,8.0,1.0,8.0,18,9.0,1.0,21
5592,2.0,15,29,1,1,2,1,1,14.0,318.5,6.0,1.0,8.0,18,1.0,1.0,9
5593,2.0,10,29,1,1,2,1,1,101.0,165.17,6.0,1.0,8.0,15,8.0,1.0,32
5594,2.0,21,29,1,1,1,1,1,14.0,124.0,6.0,1.0,8.0,18,7.0,1.0,46
5597,2.0,13,3,1,1,2,1,1,16.0,262.26,7.0,1.0,8.0,18,9.0,1.0,342
5598,2.0,18,3,1,1,1,1,1,509.0,20.1,6.0,1.0,1.0,15,1.0,18.0,21
5599,2.0,15,3,1,1,2,1,1,2.0,220.1,7.0,1.0,1.0,15,1.0,2.0,9
5600,2.0,11,3,1,1,2,1,1,5202.0,9999.99,10.0,1.0,8.0,18,1.0,1.0,31
5606,2.0,11,3,1,1,2,1,1,2.0,320.2,7.0,2.0,8.0,14,1.0,18.0,9
5608,2.0,18,3,1,1,1,1,1,2.0,320.0,14.0,2.0,8.0,14,1.0,18.0,21
5609,2.0,11,3,1,1,2,1,1,2.0,318.5,16.0,1.0,8.0,14,1.0,18.0,341
5610,2.0,8,3,1,1,2,1,1,2.0,320.0,15.0,1.0,8.0,14,4.0,3.0,9
5611,2.0,9,3,1,1,2,1,1,5211.0,0.3,15.0,1.0,3.0,15,2.0,18.0,21
5612,2.0,14,3,1,1,2,1,1,5211.0,0.2,17.0,1.0,1.0,15,1.0,18.0,9
5616,2.0,18,19,1,1,1,1,1,8.0,545.5,9.0,1.0,3.0,15,2.0,1.0,9
5619,2.0,18,20,1,1,1,1,1,3533.0,25.3,5.0,1.0,1.0,15,3.0,4.0,31
5620,2.0,21,19,1,1,1,1,1,712.0,116.2,6.0,1.0,8.0,14,1.0,16.0,9
5621,2.0,5,19,1,1,1,1,1,712.0,116.4,5.0,1.0,8.0,13,9.0,10.0,9
5622,2.0,12,19,1,1,2,1,1,712.0,53.3,6.0,1.0,8.0,18,1.0,1.0,9
5623,2.0,11,19,1,1,2,1,1,7302.0,1.1,6.0,1.0,8.0,14,1.0,16.0,33
5624,2.0,16,19,1,1,2,1,1,407.0,170.8,6.0,1.0,2.0,15,4.0,1.0,9
5630,2.0,12,19,1,1,2,1,1,710.0,32.0,6.0,1.0,8.0,14,1.0,13.0,21
5636,2.0,13,12,1,1,2,1,1,2200.0,9999.99,5.0,1.0,1.0,15,1.0,1.0,21
5637,2.0,20,2,1,1,1,1,1,8.0,46.8,7.0,1.0,7.0,14,1.0,16.0,71
5638,2.0,17,41,1,1,2,1,1,8.0,14.2,8.0,2.0,7.0,16,2.0,16.0,21
5639,2.0,4,12,1,1,1,1,1,1.0,677.75,6.0,1.0,7.0,18,3.0,1.0,71
5640,2.0,8,41,1,1,2,1,1,8.0,26.5,8.0,1.0,8.0,18,1.0,1.0,21
5642,2.0,14,12,1,1,2,1,1,1.0,760.3,6.0,1.0,8.0,14,3.0,16.0,21
5643,2.0,22,12,1,1,1,1,1,1.0,635.4,10.0,1.0,8.0,18,1.0,1.0,31
5644,2.0,13,2,1,1,2,1,1,8.0,50.0,7.0,1.0,2.0,15,4.0,1.0,31
5646,2.0,20,12,1,1,1,1,1,301.0,249.8,6.0,1.0,8.0,18,1.0,1.0,9
5647,2.0,9,12,1,1,2,1,1,2209.0,4.9,4.0,1.0,7.0,14,1.0,9.0,3
5648,2.0,11,41,1,1,2,1,1,8.0,11.2,8.0,2.0,7.0,18,7.0,11.0,21
5650,2.0,21,41,1,1,1,1,1,8.0,27.9,8.0,1.0,8.0,13,1.0,1.0,9
5652,2.0,22,12,1,1,1,1,1,2208.0,9999.99,4.0,1.0,8.0,13,7.0,1.0,46
5653,2.0,13,12,1,1,2,1,1,2202.0,9999.99,4.0,1.0,7.0,15,1.0,1.0,3
5654,2.0,13,12,2,1,2,1,1,214.0,100.6,4.0,1.0,8.0,14,1.0,9.0,46
5655,2.0,13,12,1,1,2,1,1,1.0,752.4,5.0,1.0,3.0,15,2.0,1.0,9
5657,2.0,18,12,1,1,1,1,1,2207.0,9999.99,5.0,1.0,7.0,14,1.0,1.0,3
5659,2.0,9,55,1,1,2,1,1,16.0,315.6,6.0,1.0,3.0,15,7.0,1.0,9
5662,2.0,15,55,1,1,2,1,1,2.0,377.6,6.0,1.0,7.0,18,8.0,1.0,341