NUM_ACC,MOIS_ACC,HEU_ACC,COD_PRV,COD_ETA_CHA,COD_ETA_SUR,COD_LUM,COD_INT,TYP_LIE_ACC,NUM_ROU,PKM,LAR_CHA,COD_TYP_CHA,COD_TYP_COL,COD_OBS_HRT,COD_POI_CHO,COD_MAN,CIR_ACC
8757,3.0,15,11,1,1,2,1,1,2125.0,13.7,7.0,1.0,3.0,15,7.0,6.0,3
8758,3.0,22,11,1,1,1,1,1,2125.0,10.2,7.0,1.0,8.0,14,7.0,16.0,21
8763,3.0,9,11,1,1,2,1,1,8.0,352.4,7.0,1.0,2.0,15,4.0,1.0,9
8764,3.0,21,11,1,1,1,1,1,205.0,4.5,7.0,1.0,8.0,14,7.0,16.0,9
8767,3.0,13,11,1,1,2,1,1,2135.0,27.9,7.0,1.0,4.0,15,4.0,1.0,9
8768,3.0,15,11,1,1,2,1,1,2116.0,1.7,7.0,1.0,8.0,14,8.0,16.0,21
8769,3.0,20,11,1,1,1,1,1,2135.0,15.0,7.0,1.0,2.0,15,4.0,1.0,33
8771,3.0,17,48,1,1,2,1,1,8.0,182.0,8.0,1.0,8.0,18,9.0,10.0,21
8774,3.0,10,11,1,1,2,1,1,210.0,35.6,7.0,1.0,2.0,15,4.0,21.0,9
8775,3.0,21,11,1,1,1,1,1,210.0,43.8,7.0,1.0,8.0,18,8.0,10.0,21
8776,3.0,20,11,1,1,1,1,1,210.0,31.8,7.0,1.0,8.0,14,7.0,16.0,82
8777,3.0,20,11,1,1,1,1,1,2123.0,9999.99,7.0,1.0,8.0,18,7.0,11.0,21
8778,3.0,8,11,1,1,2,1,1,210.0,46.0,7.0,1.0,8.0,18,8.0,10.0,21
8779,3.0,22,11,1,1,1,1,1,205.0,2.0,7.0,1.0,8.0,18,7.0,11.0,3
8781,3.0,19,48,1,1,1,1,1,207.0,84.0,12.0,2.0,8.0,18,9.0,11.0,9
8782,3.0,20,48,1,1,1,1,1,207.0,69.2,12.0,2.0,2.0,15,1.0,1.0,31
8783,3.0,13,48,1,1,2,1,1,207.0,70.6,12.0,2.0,3.0,15,2.0,6.0,3
8785,3.0,13,48,1,1,2,1,1,207.0,69.2,12.0,2.0,8.0,18,1.0,16.0,9
8786,3.0,12,48,1,1,2,1,1,207.0,70.8,12.0,2.0,3.0,15,3.0,2.0,9
8787,3.0,10,48,1,1,2,1,1,8.0,136.0,9.0,1.0,2.0,15,1.0,1.0,9
8788,3.0,21,48,1,1,1,1,1,8.0,132.8,7.0,1.0,3.0,1,7.0,21.0,21
8789,3.0,14,48,1,1,2,1,1,8.0,108.0,8.0,1.0,8.0,18,8.0,11.0,31
8790,3.0,16,48,1,1,2,1,1,212.0,98.0,7.0,1.0,2.0,15,4.0,1.0,31
8791,3.0,18,43,1,1,1,1,1,2010.0,32.0,7.0,1.0,1.0,15,1.0,18.0,21
8792,3.0,19,43,1,1,1,1,1,2017.0,19.1,8.0,1.0,1.0,15,1.0,18.0,21
8793,3.0,19,43,1,1,1,1,1,2017.0,41.1,8.0,1.0,1.0,15,1.0,18.0,53
8795,3.0,12,43,1,1,2,1,1,2010.0,26.0,7.0,1.0,8.0,18,9.0,18.0,9
8797,3.0,23,43,1,1,1,1,1,2012.0,17.0,7.0,1.0,2.0,15,4.0,18.0,31
8798,3.0,12,43,1,1,2,1,1,2016.0,20.0,7.0,1.0,8.0,18,9.0,18.0,3
8799,3.0,14,22,1,1,2,1,1,2030.0,18.5,6.0,1.0,2.0,15,4.0,18.0,21
8800,3.0,11,22,1,1,2,1,1,2030.0,12.0,6.0,1.0,1.0,15,1.0,18.0,21
8802,3.0,23,43,1,1,1,1,1,9.0,290.0,8.0,1.0,1.0,15,1.0,18.0,38
8803,3.0,15,43,1,1,2,1,1,9.0,304.0,8.0,1.0,8.0,18,1.0,18.0,21
8804,3.0,2,48,1,1,1,1,1,803.0,256.8,7.0,2.0,3.0,15,8.0,1.0,21
8805,3.0,10,48,1,1,2,1,1,803.0,300.2,7.0,2.0,8.0,3,3.0,1.0,82
8806,3.0,21,48,1,1,1,1,1,803.0,366.6,7.0,1.0,8.0,2,2.0,11.0,9
8807,3.0,20,48,1,1,1,1,1,803.0,357.5,7.0,1.0,8.0,2,2.0,11.0,32
8809,3.0,19,48,1,1,1,1,1,212.0,58.0,8.0,1.0,2.0,15,1.0,1.0,21
8810,3.0,12,48,1,1,2,1,1,212.0,70.0,8.0,1.0,8.0,18,4.0,21.0,21
8811,3.0,12,43,1,1,2,1,1,2009.0,19.8,7.0,1.0,1.0,15,1.0,18.0,21
8812,3.0,12,43,1,1,2,1,1,2017.0,22.3,8.0,1.0,1.0,15,1.0,18.0,9
8813,3.0,12,43,1,1,2,1,1,2017.0,28.1,8.0,1.0,8.0,14,1.0,18.0,21
8816,3.0,18,43,1,1,1,1,1,2017.0,21.6,8.0,1.0,3.0,15,5.0,18.0,21
8817,3.0,17,43,1,1,2,1,1,2017.0,34.8,8.0,1.0,8.0,14,1.0,18.0,82
8818,3.0,17,43,1,1,2,1,1,2017.0,31.1,8.0,1.0,3.0,15,5.0,18.0,36
8819,3.0,12,43,1,1,2,1,1,2010.0,34.0,7.0,1.0,8.0,14,1.0,18.0,9
8820,3.0,19,43,1,1,1,1,1,2019.0,9999.99,7.0,1.0,3.0,15,7.0,1.0,21
8824,3.0,17,43,1,1,2,1,1,210.0,10.0,7.0,1.0,8.0,15,1.0,18.0,59
8825,3.0,18,22,1,1,1,1,1,9.0,260.0,8.0,1.0,3.0,15,3.0,18.0,32
8826,3.0,12,22,1,1,2,1,1,9.0,261.2,8.0,1.0,8.0,14,1.0,18.0,9
8828,3.0,9,43,1,1,2,1,1,9999.0,5.3,7.0,1.0,8.0,18,9.0,18.0,9
8829,3.0,20,43,1,1,1,1,1,9999.0,6.2,7.0,1.0,8.0,18,9.0,18.0,9
8830,3.0,16,22,1,1,2,1,1,9.0,262.2,8.0,1.0,2.0,15,4.0,18.0,82
8831,3.0,20,43,1,1,1,1,1,9999.0,168.0,8.0,1.0,8.0,14,1.0,18.0,42
8832,3.0,18,43,1,1,1,1,1,9999.0,168.0,8.0,1.0,8.0,14,1.0,18.0,9
8833,3.0,12,43,1,1,2,1,1,9999.0,177.2,8.0,1.0,2.0,15,4.0,18.0,9
8834,3.0,13,43,1,1,2,1,1,2009.0,36.0,7.0,1.0,8.0,18,9.0,18.0,82
8835,3.0,20,43,1,1,1,1,1,2009.0,40.0,7.0,1.0,8.0,18,1.0,18.0,9
8836,3.0,21,43,1,1,1,1,1,2009.0,51.0,7.0,1.0,3.0,15,3.0,18.0,3
8837,3.0,12,43,1,1,2,1,1,2009.0,35.0,7.0,1.0,8.0,18,9.0,18.0,9
8838,3.0,20,43,1,1,1,1,1,2009.0,29.3,7.0,1.0,3.0,15,5.0,18.0,9
8839,3.0,12,43,1,1,2,1,1,2010.0,58.6,7.0,1.0,8.0,18,9.0,18.0,21
8840,3.0,15,43,1,1,2,1,1,9.0,278.8,8.0,1.0,3.0,15,3.0,18.0,9
8841,3.0,19,43,1,1,1,1,1,9.0,273.8,8.0,1.0,8.0,15,1.0,18.0,9
8842,3.0,21,22,1,1,1,1,1,9.0,265.0,8.0,1.0,8.0,18,9.0,18.0,9
8843,3.0,13,43,1,1,2,1,1,9.0,273.0,8.0,1.0,8.0,15,1.0,18.0,21
8845,3.0,18,43,1,1,1,1,1,2010.0,16.0,8.0,1.0,2.0,15,4.0,18.0,21
8846,3.0,19,43,1,1,1,1,1,210.0,16.0,8.0,1.0,8.0,14,1.0,18.0,21
8850,3.0,16,22,1,1,2,1,1,210.0,8.0,7.0,1.0,8.0,14,1.0,18.0,9
8851,3.0,20,10,1,1,1,1,1,801.0,182.8,7.0,2.0,8.0,13,9.0,11.0,82
8852,3.0,21,10,1,1,1,1,1,1.0,461.6,7.0,1.0,1.0,15,1.0,14.0,9
8853,3.0,8,10,1,1,2,1,1,303.0,40.0,7.0,1.0,8.0,13,9.0,10.0,21
8855,3.0,12,58,1,1,2,1,1,1.0,519.3,7.0,1.0,5.0,15,1.0,14.0,21
8857,3.0,17,10,1,1,2,1,1,301.0,13.2,6.0,2.0,3.0,15,8.0,6.0,21
8858,3.0,17,10,1,1,2,1,1,3423.0,5.0,7.0,1.0,8.0,14,3.0,16.0,3
8860,3.0,0,10,1,1,1,1,1,801.0,133.1,7.0,2.0,8.0,2,9.0,10.0,82
8861,3.0,20,10,1,1,1,1,1,1.0,407.8,7.0,1.0,1.0,15,1.0,4.0,9
8862,3.0,6,10,1,1,1,1,1,320.0,38.2,7.0,1.0,8.0,14,2.0,1.0,21
8863,3.0,17,10,1,1,2,1,1,1.0,466.0,7.0,1.0,3.0,15,7.0,1.0,21
8864,3.0,10,10,1,1,2,1,1,316.0,36.2,6.0,1.0,2.0,15,4.0,1.0,21
8865,3.0,16,10,1,1,2,1,1,316.0,23.1,6.0,1.0,3.0,15,8.0,6.0,21
8867,3.0,7,10,1,1,2,1,1,316.0,54.7,5.0,1.0,2.0,15,6.0,1.0,46
8868,3.0,9,58,1,1,2,1,1,202.0,110.0,7.0,1.0,8.0,14,3.0,16.0,9
8869,3.0,17,58,1,1,2,1,1,7.0,4.4,8.0,1.0,5.0,15,4.0,1.0,32
8870,3.0,14,58,1,1,2,1,1,3403.0,9999.99,5.0,1.0,8.0,14,2.0,16.0,9
8871,3.0,20,58,1,1,1,1,1,3426.0,9999.99,5.0,1.0,8.0,14,1.0,16.0,31
8872,3.0,19,58,1,1,1,1,1,201.0,106.0,5.0,1.0,3.0,15,8.0,1.0,9
8873,3.0,11,58,1,1,2,1,1,1.0,542.0,7.0,1.0,8.0,14,2.0,16.0,59
8874,3.0,12,58,1,1,2,1,1,1.0,541.0,7.0,1.0,2.0,15,4.0,1.0,82
8876,3.0,13,58,1,1,2,1,1,201.0,113.0,5.0,1.0,8.0,14,9.0,16.0,46
8877,3.0,11,58,1,1,2,1,1,301.0,69.5,7.0,1.0,8.0,13,9.0,11.0,31
8878,3.0,18,58,1,1,1,1,1,301.0,78.1,7.0,1.0,8.0,14,2.0,16.0,38
8879,3.0,16,58,1,1,2,1,1,3430.0,22.0,6.0,1.0,8.0,14,1.0,16.0,21
8880,3.0,9,58,1,1,2,1,1,3430.0,0.5,5.0,1.0,3.0,15,8.0,1.0,21
8882,3.0,18,58,1,1,1,1,1,3430.0,6.0,5.0,1.0,8.0,13,9.0,10.0,9
8883,3.0,12,58,1,1,2,1,1,3430.0,0.3,5.0,1.0,3.0,15,8.0,14.0,32
8884,3.0,12,58,1,1,2,1,1,301.0,69.0,7.0,1.0,8.0,14,1.0,16.0,21
8886,3.0,15,58,1,1,2,1,1,1.0,531.6,7.0,1.0,3.0,15,8.0,6.0,21
8887,3.0,8,58,1,1,2,1,1,1.0,526.7,7.0,1.0,1.0,15,3.0,14.0,9
8888,3.0,21,58,1,1,1,1,1,1.0,518.2,7.0,1.0,2.0,15,6.0,1.0,21
8889,3.0,12,58,1,1,2,1,1,202.0,74.2,7.0,1.0,8.0,13,9.0,10.0,82
8890,3.0,4,58,1,1,1,1,1,1.0,528.0,8.0,1.0,2.0,15,4.0,1.0,31
8892,3.0,12,58,1,1,2,1,1,202.0,123.1,7.0,1.0,3.0,15,8.0,1.0,9
8893,3.0,9,58,1,1,2,1,1,202.0,120.0,7.0,1.0,3.0,15,8.0,14.0,21
8894,3.0,10,58,1,1,2,1,1,202.0,123.0,7.0,1.0,3.0,15,8.0,1.0,21
8896,3.0,1,58,1,1,1,1,1,801.0,255.1,7.0,2.0,8.0,16,3.0,16.0,21
8897,3.0,15,58,1,1,2,1,1,7.0,27.3,8.0,1.0,2.0,15,6.0,1.0,21
8898,3.0,13,58,1,1,2,1,1,7.0,15.6,8.0,1.0,8.0,13,9.0,11.0,82
8899,3.0,6,58,1,1,1,1,1,7.0,13.7,8.0,1.0,8.0,9,9.0,11.0,21
8901,3.0,12,10,1,1,2,1,1,1.0,424.6,7.0,1.0,3.0,15,8.0,12.0,21
8902,3.0,12,10,1,1,2,1,1,3400.0,5.3,5.0,1.0,8.0,18,9.0,10.0,9
8903,3.0,11,10,1,1,2,1,1,1.0,424.8,7.0,1.0,8.0,14,1.0,16.0,21
8904,3.0,12,10,1,1,2,1,1,1.0,422.8,7.0,1.0,2.0,15,4.0,1.0,21
8905,3.0,18,10,1,1,1,1,1,1.0,438.8,7.0,1.0,8.0,14,2.0,16.0,21
8906,3.0,14,10,1,1,2,1,1,1.0,439.1,7.0,1.0,3.0,15,8.0,14.0,9
8907,3.0,10,10,1,1,2,1,1,3406.0,12.0,5.0,1.0,8.0,13,9.0,11.0,9
8908,3.0,11,10,1,1,2,1,1,3406.0,9999.99,5.0,1.0,8.0,13,9.0,10.0,31
8909,3.0,14,10,1,1,2,1,1,320.0,72.8,7.0,1.0,2.0,15,4.0,1.0,9
8910,3.0,21,10,1,1,1,1,1,1.0,432.3,7.0,1.0,8.0,14,2.0,16.0,21
8911,3.0,12,10,1,1,2,1,1,3404.0,1.8,5.0,1.0,1.0,15,1.0,14.0,21
8912,3.0,12,10,1,1,2,1,1,3461.0,6.1,6.0,1.0,1.0,15,1.0,14.0,3
8913,3.0,14,10,1,1,2,1,1,3461.0,5.2,6.0,1.0,8.0,13,9.0,11.0,21
8914,3.0,17,10,1,1,2,1,1,3406.0,2.0,5.0,1.0,8.0,14,1.0,16.0,46
8915,3.0,16,10,1,1,2,1,1,1.0,432.5,7.0,1.0,8.0,13,9.0,11.0,9
8916,3.0,19,10,1,1,1,1,1,3404.0,0.6,5.0,1.0,2.0,15,4.0,1.0,9
8917,3.0,11,10,1,1,2,1,1,3461.0,4.0,6.0,1.0,3.0,15,8.0,6.0,21
8918,3.0,8,10,1,1,2,1,1,3461.0,13.8,5.0,1.0,8.0,14,2.0,16.0,9
8919,3.0,12,10,1,1,2,1,1,1.0,439.0,7.0,1.0,8.0,14,1.0,16.0,82
8921,3.0,18,10,1,1,1,1,1,202.0,9999.99,7.0,1.0,3.0,15,8.0,14.0,9
8922,3.0,17,10,1,1,2,1,1,316.0,43.2,5.0,1.0,2.0,15,4.0,1.0,21
8923,3.0,12,10,1,1,2,1,1,316.0,43.6,6.0,1.0,2.0,15,4.0,1.0,21
8924,3.0,6,10,1,1,1,1,1,316.0,58.6,5.0,1.0,2.0,15,4.0,1.0,341
8926,3.0,15,10,1,1,2,1,1,3416.0,9999.99,5.0,1.0,3.0,15,8.0,14.0,341
8928,3.0,18,10,1,1,1,1,1,3409.0,9999.99,5.0,1.0,8.0,13,9.0,11.0,33
8929,3.0,13,10,1,1,2,1,1,3403.0,9999.99,5.0,1.0,8.0,14,1.0,16.0,9
8933,3.0,21,10,1,1,1,1,1,301.0,4.0,6.0,2.0,2.0,15,4.0,1.0,46
8935,3.0,13,10,1,1,2,1,1,301.0,10.8,6.0,2.0,8.0,13,9.0,11.0,9
8936,3.0,17,10,1,1,2,1,1,3410.0,4.6,6.0,1.0,2.0,15,4.0,1.0,9
8937,3.0,20,10,1,1,1,1,1,316.0,6.2,5.0,1.0,2.0,15,4.0,1.0,400
8940,3.0,22,10,1,1,1,1,1,301.0,3.8,6.0,2.0,2.0,15,4.0,1.0,36
8941,3.0,13,10,1,1,2,1,1,3410.0,7.6,5.0,1.0,8.0,14,1.0,16.0,71
8942,3.0,15,10,1,1,2,1,1,316.0,2.3,5.0,1.0,2.0,15,4.0,1.0,42
8943,3.0,18,10,1,1,1,1,1,316.0,4.6,5.0,1.0,8.0,14,1.0,16.0,50
8944,3.0,12,10,1,1,2,1,1,3410.0,6.5,6.0,1.0,8.0,5,9.0,11.0,50
8946,3.0,6,10,1,1,1,1,1,3417.0,9999.99,5.0,1.0,3.0,15,7.0,12.0,46
8947,3.0,12,10,1,1,2,1,1,301.0,8.1,6.0,2.0,2.0,15,6.0,1.0,50
8949,3.0,19,10,1,1,1,1,1,3410.0,4.2,5.0,1.0,3.0,15,8.0,1.0,9
8954,3.0,21,10,1,1,1,1,1,3410.0,5.2,6.0,1.0,2.0,15,4.0,1.0,21
8955,3.0,9,10,1,1,2,1,1,301.0,2.4,6.0,2.0,8.0,14,1.0,4.0,21
8960,3.0,16,10,1,1,2,1,1,301.0,7.4,6.0,2.0,2.0,15,6.0,1.0,38
8963,3.0,20,10,1,1,1,1,1,3443.0,14.0,6.0,1.0,3.0,15,8.0,4.0,21
8965,3.0,13,10,1,1,2,1,1,3427.0,2.0,7.0,1.0,3.0,15,8.0,12.0,21
8967,3.0,9,10,1,1,2,1,1,3427.0,11.0,7.0,1.0,3.0,15,7.0,6.0,21
8968,3.0,20,10,1,1,1,1,1,3427.0,12.0,7.0,1.0,2.0,15,4.0,1.0,21
8970,3.0,16,10,1,1,2,1,1,318.0,5.2,7.0,1.0,8.0,14,3.0,16.0,32
8971,3.0,17,10,1,1,2,1,1,801.0,164.4,7.0,2.0,8.0,13,9.0,11.0,341
8972,3.0,3,10,1,1,1,1,1,801.0,165.1,7.0,2.0,8.0,13,9.0,11.0,9
8973,3.0,12,10,1,1,2,1,1,801.0,149.0,7.0,2.0,8.0,13,9.0,5.0,9
8974,3.0,9,10,1,1,2,1,1,801.0,141.9,7.0,2.0,8.0,13,9.0,10.0,9
8975,3.0,8,10,1,1,2,1,1,801.0,146.5,7.0,2.0,8.0,13,9.0,11.0,9
8976,3.0,9,10,1,1,2,1,1,801.0,128.8,7.0,2.0,8.0,13,9.0,5.0,82
8977,3.0,14,10,1,1,2,1,1,801.0,145.3,7.0,2.0,8.0,13,9.0,11.0,9
8978,3.0,17,10,1,1,2,1,1,801.0,230.8,7.0,2.0,8.0,13,9.0,11.0,21
8979,3.0,17,10,1,1,2,1,1,801.0,229.1,7.0,2.0,8.0,13,9.0,11.0,9
8980,3.0,16,10,1,1,2,1,1,801.0,222.6,7.0,2.0,8.0,13,9.0,11.0,21
8981,3.0,8,10,1,1,2,1,1,801.0,208.2,7.0,2.0,8.0,13,9.0,11.0,46
8982,3.0,11,10,1,1,2,1,1,316.0,28.8,5.0,1.0,3.0,15,6.0,6.0,9
8983,3.0,12,10,1,1,2,1,1,303.0,48.0,7.0,1.0,8.0,13,9.0,10.0,21
8984,3.0,12,10,1,1,2,1,1,3453.0,9999.99,5.0,1.0,3.0,15,8.0,6.0,9
8985,3.0,21,10,1,1,1,1,1,3414.0,9999.99,5.0,1.0,3.0,15,8.0,6.0,21
8986,3.0,14,10,1,1,2,1,1,316.0,33.5,5.0,1.0,8.0,13,9.0,10.0,21
8987,3.0,16,10,1,1,2,1,1,303.0,38.2,7.0,1.0,1.0,15,1.0,14.0,21
8988,3.0,19,10,1,1,1,1,1,3441.0,9.4,5.0,1.0,8.0,13,9.0,11.0,21
8991,3.0,23,10,1,1,1,1,1,316.0,34.0,5.0,1.0,8.0,13,9.0,11.0,33
8993,3.0,15,10,1,1,2,1,1,318.0,27.5,6.0,1.0,8.0,13,9.0,10.0,21
8997,3.0,19,10,1,1,1,1,1,1.0,503.0,6.0,2.0,3.0,15,8.0,1.0,46
9000,3.0,11,10,1,1,2,1,1,1.0,404.9,7.0,1.0,8.0,13,9.0,11.0,33
9001,3.0,11,10,1,1,2,1,1,3471.0,9999.99,5.0,1.0,3.0,15,8.0,14.0,9
9002,3.0,12,10,1,1,2,1,1,1.0,417.4,7.0,1.0,8.0,13,9.0,10.0,82
9003,3.0,23,10,1,1,1,1,1,320.0,43.1,7.0,1.0,1.0,15,3.0,14.0,21
9004,3.0,21,10,1,1,1,1,1,1.0,412.2,7.0,1.0,3.0,15,7.0,1.0,21
9005,3.0,11,10,1,1,2,1,1,3473.0,9999.99,5.0,1.0,3.0,15,7.0,6.0,21
9006,3.0,9,10,1,1,2,1,1,1.0,404.2,7.0,1.0,8.0,13,9.0,11.0,21
9007,3.0,12,10,1,1,2,1,1,303.0,10.1,7.0,1.0,8.0,14,1.0,16.0,21
9008,3.0,11,10,1,1,2,1,1,3471.0,9999.99,5.0,1.0,3.0,15,8.0,14.0,31
9009,3.0,14,10,1,1,2,1,1,1.0,473.1,7.0,1.0,2.0,15,4.0,1.0,9
9010,3.0,10,10,1,1,2,1,1,316.0,4.0,5.0,1.0,3.0,15,8.0,6.0,9
9011,3.0,12,10,1,1,2,1,1,3403.0,9999.99,5.0,1.0,8.0,14,1.0,16.0,21
9013,3.0,22,10,1,1,1,1,1,1.0,460.3,7.0,1.0,2.0,15,4.0,6.0,40
9015,3.0,20,10,1,1,1,1,1,1.0,461.9,7.0,1.0,3.0,15,3.0,6.0,9
9016,3.0,12,10,1,1,2,1,1,1.0,471.6,7.0,1.0,8.0,13,9.0,11.0,9
9017,3.0,23,10,1,1,1,1,1,1.0,461.1,7.0,1.0,2.0,15,4.0,1.0,38
9018,3.0,20,10,1,1,1,1,1,1.0,463.5,7.0,1.0,8.0,13,9.0,11.0,3
9019,3.0,18,10,1,1,1,1,1,1.0,466.0,7.0,1.0,3.0,15,8.0,6.0,36
9020,3.0,14,10,1,1,2,1,1,1.0,462.1,7.0,1.0,2.0,15,4.0,1.0,36
9021,3.0,19,10,1,1,1,1,1,1.0,477.2,7.0,1.0,2.0,15,4.0,1.0,42
9022,3.0,13,10,1,1,2,1,1,3403.0,9999.99,5.0,1.0,8.0,14,2.0,16.0,9
9027,3.0,20,23,1,2,1,2,1,802.0,107.3,9.0,2.0,8.0,14,1.0,16.0,9
9028,3.0,17,23,1,1,2,1,1,6.0,145.5,8.0,1.0,8.0,10,9.0,11.0,38
9030,3.0,16,39,1,1,2,1,1,9999.0,9999.99,10.0,1.0,1.0,15,1.0,4.0,38
9031,3.0,13,23,1,1,2,1,1,6.0,172.5,8.0,1.0,2.0,15,8.0,1.0,9
9032,3.0,13,39,1,1,2,1,1,8.0,9999.99,7.0,1.0,8.0,14,1.0,16.0,21
9057,3.0,12,39,1,1,2,1,1,8.0,636.6,7.0,1.0,7.0,15,7.0,8.0,3
9058,3.0,18,39,1,1,1,1,1,13.0,9999.99,6.0,1.0,8.0,18,9.0,10.0,21
9060,3.0,18,39,1,1,1,1,1,8.0,636.6,7.0,1.0,7.0,15,1.0,18.0,9
9061,3.0,14,39,1,1,2,1,1,8.0,637.0,7.0,1.0,7.0,15,7.0,8.0,9
9062,3.0,15,39,1,1,2,1,1,8.0,645.2,7.0,1.0,8.0,18,7.0,18.0,38
9063,3.0,13,39,1,1,2,1,1,13.0,277.4,7.0,1.0,1.0,15,1.0,14.0,391
9064,3.0,7,39,1,1,2,1,1,8.0,641.5,7.0,1.0,8.0,12,2.0,18.0,31
9065,3.0,17,23,1,1,2,1,1,802.0,106.2,9.0,2.0,8.0,18,9.0,11.0,3
9066,3.0,9,23,1,1,2,1,1,802.0,118.4,9.0,2.0,8.0,18,9.0,11.0,42
9067,3.0,19,23,1,1,1,1,1,802.0,105.7,9.0,2.0,8.0,18,9.0,10.0,42
9068,3.0,22,23,1,1,1,1,1,802.0,102.0,8.0,2.0,2.0,15,4.0,1.0,21
9069,3.0,21,23,1,1,1,1,1,802.0,116.3,10.0,2.0,8.0,18,9.0,11.0,21
9070,3.0,21,23,1,1,1,1,1,802.0,105.6,9.0,2.0,2.0,15,4.0,1.0,21
9071,3.0,8,23,1,1,2,1,1,802.0,116.8,10.0,2.0,2.0,15,4.0,1.0,21
9072,3.0,15,23,1,1,2,1,1,802.0,155.1,10.0,2.0,8.0,18,9.0,11.0,9
9073,3.0,11,23,1,1,2,1,1,802.0,145.8,9.0,2.0,7.0,3,9.0,11.0,9
9074,3.0,18,23,1,1,1,1,1,802.0,143.8,9.0,2.0,8.0,18,9.0,10.0,9
9075,3.0,22,23,1,1,1,1,1,802.0,147.9,9.0,1.0,8.0,18,9.0,11.0,21
9076,3.0,18,23,1,1,1,1,1,802.0,156.8,10.0,2.0,8.0,18,9.0,11.0,9
9077,3.0,7,23,1,1,2,1,1,802.0,157.8,9.0,2.0,2.0,15,4.0,1.0,9
9078,3.0,14,23,1,1,2,1,1,802.0,153.3,10.0,2.0,8.0,18,9.0,11.0,9
9080,3.0,14,23,1,1,2,1,1,7008.0,9999.99,7.0,1.0,8.0,18,9.0,11.0,9
9081,3.0,20,23,1,1,1,1,1,6.0,172.0,8.0,1.0,2.0,15,1.0,1.0,9
9082,3.0,18,23,1,1,1,1,1,6.0,178.2,8.0,1.0,2.0,15,4.0,1.0,82
9083,3.0,9,23,1,1,2,1,1,7062.0,4.2,7.0,1.0,1.0,15,8.0,4.0,9
9084,3.0,17,23,1,1,2,1,1,13.0,241.1,8.0,1.0,8.0,14,1.0,16.0,341
9085,3.0,16,23,1,1,2,1,1,13.0,235.3,8.0,2.0,3.0,15,8.0,6.0,9
9086,3.0,10,23,1,1,2,1,1,7062.0,7.0,7.0,1.0,1.0,15,9.0,18.0,9
9087,3.0,17,23,1,1,2,1,1,7058.0,2.1,8.0,1.0,2.0,15,8.0,1.0,32
9088,3.0,11,23,1,1,2,1,1,705.0,15.0,8.0,1.0,8.0,14,1.0,16.0,9
9089,3.0,20,23,1,1,1,1,1,413.0,91.5,8.0,1.0,8.0,14,1.0,16.0,21
9090,3.0,23,23,1,1,1,1,1,6.0,143.6,8.0,1.0,3.0,15,8.0,6.0,31
9091,3.0,18,23,1,1,1,1,1,6.0,149.9,8.0,1.0,3.0,15,8.0,1.0,31
9092,3.0,14,23,1,1,2,1,1,718.0,2.0,8.0,1.0,8.0,14,1.0,16.0,9
9093,3.0,16,23,1,1,2,1,1,6.0,152.1,8.0,1.0,1.0,15,8.0,1.0,9
9094,3.0,17,23,1,1,2,1,1,7024.0,9999.99,7.0,1.0,1.0,15,8.0,4.0,21
9095,3.0,17,23,1,1,2,1,1,7036.0,9999.99,8.0,1.0,2.0,15,4.0,1.0,9
9097,3.0,17,18,1,1,2,1,1,6.0,20.6,7.0,2.0,8.0,2,1.0,1.0,3
9098,3.0,19,18,1,1,1,1,1,6.0,79.5,6.0,1.0,2.0,15,1.0,1.0,9
9099,3.0,20,18,1,1,1,1,1,407.0,9999.99,6.0,1.0,3.0,15,8.0,1.0,9
9101,3.0,17,18,1,1,2,1,1,9999.0,80.17,6.0,1.0,8.0,14,1.0,16.0,9
9106,3.0,15,18,1,1,2,1,1,6.0,28.0,6.0,1.0,4.0,15,1.0,1.0,82
9108,3.0,16,18,1,1,2,1,1,6.0,28.0,6.0,1.0,3.0,15,1.0,1.0,38
9109,3.0,11,18,1,1,2,1,1,404.0,13.0,6.0,1.0,2.0,15,1.0,1.0,9
9111,3.0,18,18,1,1,1,1,1,4329.0,3.4,6.0,1.0,3.0,15,1.0,1.0,9
9112,3.0,16,18,1,1,2,1,1,404.0,60.2,7.0,1.0,2.0,15,1.0,21.0,9
9114,3.0,3,18,1,1,1,1,1,802.0,80.14,7.0,1.0,2.0,15,1.0,1.0,33
9115,3.0,21,18,1,1,1,1,1,802.0,79.5,7.0,1.0,2.0,15,1.0,1.0,21
9116,3.0,7,18,1,1,2,1,1,802.0,83.5,7.0,2.0,8.0,13,7.0,1.0,9
9117,3.0,7,18,1,1,2,1,1,802.0,72.8,7.0,1.0,8.0,2,9.0,5.0,341
9118,3.0,14,18,1,1,2,1,1,802.0,74.2,7.0,1.0,2.0,15,1.0,1.0,33
9119,3.0,16,18,1,1,2,1,1,6.0,109.0,6.0,1.0,2.0,15,1.0,1.0,9
9120,3.0,8,18,1,1,2,1,1,701.0,18.7,6.0,1.0,2.0,15,1.0,1.0,21
9121,3.0,9,73,1,1,2,1,1,401.0,9.9,6.0,1.0,3.0,15,1.0,2.0,21
9122,3.0,14,18,1,1,2,1,1,802.0,40.8,7.0,2.0,8.0,13,9.0,11.0,82
9125,3.0,17,18,1,1,2,1,1,4323.0,3.6,6.0,1.0,3.0,15,1.0,2.0,9
9126,3.0,20,17,1,1,1,1,1,411.0,8.0,6.0,1.0,8.0,13,1.0,11.0,21
9127,3.0,20,17,1,1,1,1,1,411.0,10.1,6.0,1.0,2.0,15,1.0,21.0,9
9129,3.0,12,18,1,1,2,1,1,409.0,39.6,6.0,1.0,3.0,15,1.0,2.0,31
9132,3.0,5,18,1,1,1,1,1,4301.0,12.0,6.0,1.0,3.0,15,1.0,2.0,32