NUM_ACC,MOIS_ACC,HEU_ACC,COD_PRV,COD_ETA_CHA,COD_ETA_SUR,COD_LUM,COD_INT,TYP_LIE_ACC,NUM_ROU,PKM,LAR_CHA,COD_TYP_CHA,COD_TYP_COL,COD_OBS_HRT,COD_POI_CHO,COD_MAN,CIR_ACC
9133,3.0,18,18,1,1,1,1,1,4301.0,61.9,6.0,1.0,3.0,15,8.0,1.0,36
9135,3.0,10,18,1,1,2,1,1,4301.0,55.9,6.0,1.0,8.0,14,1.0,16.0,36
9136,3.0,10,18,1,1,2,1,1,4301.0,51.2,6.0,1.0,8.0,13,9.0,10.0,38
9137,3.0,15,18,1,1,2,1,1,407.0,74.2,6.0,1.0,8.0,13,1.0,11.0,3
9138,3.0,7,18,1,1,2,1,1,9999.0,106.3,6.0,1.0,3.0,15,1.0,2.0,38
9139,3.0,18,18,1,1,1,1,1,6.0,68.7,6.0,1.0,2.0,15,1.0,1.0,9
9141,3.0,21,18,1,1,1,1,1,4301.0,23.0,6.0,1.0,3.0,15,1.0,2.0,21
9142,3.0,12,18,1,1,2,1,1,404.0,36.0,6.0,1.0,3.0,15,1.0,2.0,3
9143,3.0,14,18,1,1,2,1,1,404.0,16.6,7.0,1.0,8.0,13,1.0,10.0,36
9144,3.0,19,18,1,1,1,1,1,802.0,17.4,7.0,2.0,2.0,15,1.0,1.0,9
9145,3.0,12,18,1,1,2,1,1,802.0,29.5,7.0,2.0,3.0,15,1.0,2.0,21
9146,3.0,18,18,1,1,1,1,1,6.0,21.0,7.0,2.0,8.0,13,1.0,10.0,21
9148,3.0,19,18,1,1,1,1,1,409.0,68.3,6.0,1.0,8.0,13,9.0,11.0,9
9149,3.0,2,18,1,1,1,1,1,6.0,59.7,6.0,1.0,4.0,15,1.0,1.0,33
9150,3.0,11,18,1,1,2,1,1,6.0,58.8,6.0,1.0,8.0,13,9.0,10.0,9
9151,3.0,21,18,1,1,1,1,1,6.0,57.0,6.0,1.0,4.0,15,1.0,1.0,31
9153,3.0,9,73,1,1,2,1,1,4018.0,9999.99,4.0,1.0,3.0,15,7.0,1.0,31
9155,3.0,22,60,1,1,1,1,1,801.0,15.1,11.0,2.0,8.0,14,9.0,1.0,36
9156,3.0,20,60,1,1,1,1,1,801.0,17.3,11.0,2.0,8.0,14,9.0,1.0,3
9160,3.0,19,73,1,1,1,1,1,1.0,297.6,15.0,1.0,2.0,15,1.0,18.0,9
9162,3.0,16,73,1,1,2,1,1,4036.0,9999.99,7.0,1.0,2.0,15,4.0,1.0,31
9164,3.0,13,73,1,1,2,1,1,401.0,13.0,16.0,1.0,2.0,15,4.0,1.0,31
9166,3.0,16,73,1,1,2,1,1,4036.0,9999.99,10.0,1.0,2.0,15,4.0,1.0,9
9169,3.0,12,73,1,1,2,1,1,4036.0,9999.99,10.0,1.0,3.0,15,7.0,1.0,3
9171,3.0,16,73,1,1,2,1,1,401.0,10.5,16.0,1.0,8.0,18,1.0,1.0,36
9172,3.0,22,73,1,1,1,1,1,401.0,12.5,16.0,1.0,3.0,15,8.0,2.0,9
9173,3.0,19,73,1,1,1,1,1,401.0,13.0,16.0,1.0,3.0,15,7.0,4.0,9
9174,3.0,9,73,1,1,2,1,1,401.0,13.0,16.0,1.0,3.0,15,1.0,4.0,3
9175,3.0,10,73,1,1,2,1,1,401.0,11.0,16.0,1.0,3.0,15,8.0,1.0,31
9176,3.0,8,73,1,1,2,1,1,403.0,8.0,7.0,1.0,3.0,15,3.0,1.0,32
9178,3.0,19,73,1,1,1,1,1,4036.0,0.4,7.0,1.0,3.0,15,1.0,1.0,31
9179,3.0,13,73,1,1,2,1,1,4036.0,0.4,7.0,1.0,3.0,1,1.0,1.0,31
9181,3.0,12,73,1,1,2,1,1,4001.0,9999.99,6.0,1.0,8.0,18,1.0,1.0,9
9184,3.0,22,73,1,1,1,1,1,403.0,9.0,7.0,1.0,8.0,18,1.0,1.0,341
9185,3.0,17,73,1,1,2,1,1,4036.0,9999.99,7.0,2.0,3.0,15,1.0,1.0,50
9186,3.0,13,73,1,1,2,1,1,4023.0,9999.99,6.0,1.0,8.0,18,2.0,1.0,31
9187,3.0,22,73,1,1,1,1,1,4036.0,9999.99,7.0,1.0,3.0,15,2.0,1.0,9
9188,3.0,13,73,1,1,2,1,1,4026.0,9999.99,6.0,1.0,8.0,14,1.0,1.0,33
9190,3.0,9,73,1,1,2,1,1,4036.0,9999.99,7.0,1.0,3.0,15,8.0,12.0,9
9198,3.0,3,73,1,1,1,1,1,4025.0,9999.99,7.0,1.0,7.0,5,7.0,11.0,36
9199,3.0,13,60,1,1,2,1,1,805.0,275.4,7.0,1.0,8.0,3,8.0,10.0,9
9200,3.0,1,60,1,1,1,1,1,805.0,288.4,7.0,1.0,2.0,15,4.0,1.0,391
9218,3.0,19,74,1,1,1,1,1,1.0,253.0,14.0,1.0,1.0,15,1.0,1.0,9
9221,3.0,17,74,1,1,2,1,1,1.0,253.5,14.0,1.0,3.0,15,7.0,9.0,9
9229,3.0,16,74,1,1,2,1,1,1.0,248.2,14.0,1.0,3.0,15,7.0,1.0,38
9232,3.0,11,74,1,1,2,1,1,6.0,16.9,7.0,2.0,1.0,13,9.0,1.0,21
9234,3.0,15,74,1,1,2,1,1,6.0,12.1,7.0,2.0,2.0,15,4.0,1.0,33
9235,3.0,11,74,1,1,2,1,1,6.0,20.0,7.0,2.0,3.0,15,7.0,12.0,3
9236,3.0,18,74,1,1,1,1,1,6.0,12.2,7.0,2.0,2.0,15,4.0,1.0,21
9237,3.0,17,74,1,1,2,1,1,6.0,12.4,7.0,2.0,2.0,15,4.0,1.0,3
9238,3.0,20,74,1,1,1,1,1,6.0,14.9,7.0,2.0,4.0,15,9.0,1.0,46
9240,3.0,14,74,1,1,2,1,1,407.0,20.0,6.0,1.0,3.0,15,7.0,12.0,9
9242,3.0,10,74,1,1,2,1,1,6.0,13.9,7.0,2.0,3.0,15,7.0,1.0,400
9243,3.0,16,74,1,1,2,1,1,6.0,16.8,7.0,2.0,8.0,13,9.0,1.0,31
9244,3.0,17,60,1,1,2,1,1,805.0,250.24,7.0,2.0,8.0,13,9.0,1.0,9
9245,3.0,21,60,1,1,1,1,1,805.0,252.2,7.0,2.0,2.0,15,9.0,1.0,38
9246,3.0,15,60,1,1,2,1,1,805.0,258.2,7.0,2.0,4.0,15,9.0,1.0,341
9248,3.0,8,73,1,1,2,1,1,403.0,5.3,9.0,2.0,3.0,15,3.0,2.0,31
9269,3.0,16,60,1,1,2,1,1,801.0,2.8,11.0,2.0,2.0,15,4.0,1.0,3
9270,3.0,12,60,1,1,2,1,1,801.0,2.3,11.0,2.0,4.0,15,4.0,1.0,9
9271,3.0,23,73,1,1,1,1,1,1.0,306.0,11.0,2.0,2.0,15,4.0,1.0,21
9272,3.0,14,60,1,1,2,1,1,322.0,9999.99,8.0,1.0,2.0,15,4.0,1.0,31
9273,3.0,20,73,1,1,1,1,1,322.0,66.2,17.0,1.0,3.0,15,7.0,5.0,21
9274,3.0,18,73,1,1,1,1,1,322.0,71.8,17.0,1.0,5.0,15,9.0,4.0,3
9275,3.0,11,73,1,1,2,1,1,322.0,72.4,18.0,1.0,3.0,15,4.0,1.0,71
9276,3.0,11,73,1,1,2,1,1,322.0,67.3,17.0,1.0,3.0,15,8.0,5.0,36
9277,3.0,9,73,1,1,2,1,1,1.0,297.5,15.0,1.0,7.0,15,5.0,1.0,32
9279,3.0,17,73,1,1,2,1,1,1.0,295.8,8.0,1.0,7.0,15,7.0,18.0,38
9281,3.0,17,73,1,1,2,1,1,1.0,295.0,8.0,1.0,7.0,15,6.0,18.0,9
9283,3.0,20,73,1,1,1,1,1,1.0,298.2,16.0,1.0,3.0,15,7.0,4.0,31
9284,3.0,21,73,1,1,1,1,1,1.0,299.4,16.0,1.0,3.0,15,2.0,4.0,21
9285,3.0,13,73,1,1,2,1,1,4001.0,1.2,8.0,1.0,3.0,15,8.0,8.0,36
9288,3.0,14,73,1,1,2,1,1,1.0,300.0,16.0,1.0,2.0,15,4.0,1.0,9
9289,3.0,11,73,1,1,2,1,1,1.0,300.4,16.0,1.0,3.0,15,8.0,1.0,9
9290,3.0,18,73,1,1,1,1,1,1.0,301.0,16.0,1.0,2.0,15,4.0,1.0,21
9291,3.0,13,73,1,1,2,1,1,322.0,64.0,9.0,1.0,1.0,10,3.0,2.0,9
9293,3.0,12,73,1,1,2,1,1,322.0,65.0,9.0,1.0,4.0,10,4.0,1.0,3
9294,3.0,14,73,1,1,2,1,1,4001.0,4.5,6.0,1.0,3.0,15,4.0,1.0,21
9295,3.0,10,73,1,1,2,1,1,4032.0,7.0,6.0,1.0,8.0,13,9.0,1.0,21
9300,3.0,22,50,1,1,1,1,1,803.0,2.6,8.0,2.0,8.0,15,1.0,16.0,9
9302,3.0,23,50,1,1,1,1,1,801.0,68.0,8.0,2.0,2.0,15,4.0,1.0,21
9306,3.0,11,51,1,1,2,1,1,9999.0,9999.99,6.0,1.0,3.0,15,1.0,6.0,3
9307,3.0,19,51,1,1,1,1,1,8101.0,3.2,11.0,2.0,7.0,14,1.0,16.0,3
9308,3.0,14,71,1,1,2,1,1,3010.0,13.0,7.0,1.0,3.0,15,7.0,3.0,9
9309,3.0,10,51,1,1,2,1,1,3326.0,12.8,6.0,1.0,8.0,18,1.0,11.0,9
9310,3.0,18,71,1,1,1,1,1,3305.0,1.4,5.0,1.0,1.0,15,1.0,2.0,36
9312,3.0,19,51,1,1,1,1,1,313.0,9999.99,8.0,1.0,1.0,14,1.0,16.0,21
9318,3.0,16,72,1,1,2,1,1,3007.0,9999.99,14.0,1.0,1.0,15,1.0,2.0,9
9323,3.0,18,72,1,1,1,1,1,3013.0,2.0,7.0,2.0,3.0,15,3.0,1.0,82
9324,3.0,9,72,1,1,2,1,1,3011.0,3.8,7.0,1.0,2.0,4,4.0,1.0,32
9327,3.0,14,72,1,1,2,1,1,3011.0,8.0,14.0,1.0,4.0,15,1.0,1.0,9
9328,3.0,9,72,1,1,2,1,1,3011.0,6.0,12.0,1.0,3.0,15,3.0,8.0,31
9329,3.0,15,72,1,1,2,1,1,3007.0,9999.99,14.0,1.0,3.0,15,1.0,1.0,9
9332,3.0,14,72,1,1,2,1,1,3011.0,9999.99,14.0,1.0,2.0,15,4.0,1.0,21
9333,3.0,13,72,1,1,2,1,1,3011.0,9999.99,14.0,1.0,3.0,15,7.0,2.0,31
9334,3.0,15,72,1,1,2,1,1,3011.0,9999.99,14.0,1.0,3.0,15,9.0,1.0,9
9336,3.0,19,50,1,1,1,1,1,3011.0,0.1,12.0,1.0,7.0,14,1.0,16.0,430
9338,3.0,10,72,1,1,2,1,1,3011.0,5.0,7.0,2.0,2.0,4,6.0,1.0,3
9339,3.0,10,72,1,1,2,1,1,3011.0,9999.99,12.0,1.0,4.0,4,6.0,1.0,31
9340,3.0,14,72,1,1,2,1,1,3011.0,3.3,7.0,1.0,7.0,14,2.0,16.0,3
9343,3.0,20,72,1,2,1,1,1,3009.0,9999.99,8.0,2.0,3.0,15,8.0,1.0,9
9344,3.0,14,72,1,1,2,1,1,3032.0,9999.99,8.0,1.0,3.0,15,4.0,1.0,9
9345,3.0,10,72,1,1,2,1,1,3011.0,3.0,7.0,1.0,2.0,15,4.0,1.0,31
9346,3.0,17,72,1,1,2,1,1,3009.0,9999.99,8.0,1.0,2.0,15,4.0,1.0,9
9348,3.0,21,72,1,2,1,2,1,3009.0,9999.99,8.0,1.0,2.0,15,4.0,1.0,21
9351,3.0,19,51,1,1,1,1,1,322.0,11.2,8.0,1.0,7.0,14,6.0,16.0,36
9352,3.0,22,51,1,1,1,1,1,8101.0,3.6,11.0,2.0,7.0,3,8.0,10.0,32
9354,3.0,7,71,1,1,2,1,1,315.0,8.5,9.0,1.0,2.0,15,4.0,1.0,82
9358,3.0,17,71,1,1,2,1,1,9.0,28.5,7.0,2.0,3.0,15,8.0,1.0,32
9360,3.0,22,51,1,1,1,1,1,9.0,4.6,7.0,1.0,3.0,15,5.0,6.0,36
9362,3.0,8,51,1,1,2,1,1,9.0,4.5,7.0,2.0,3.0,15,2.0,2.0,9
9364,3.0,8,51,1,1,2,1,1,9999.0,9999.99,6.0,1.0,2.0,15,5.0,1.0,82
9365,3.0,15,51,1,1,2,1,1,9.0,4.0,7.0,2.0,2.0,15,4.0,1.0,36
9366,3.0,17,51,1,1,2,1,1,9999.0,9999.99,7.0,1.0,2.0,15,5.0,1.0,86
9367,3.0,8,51,1,1,2,1,1,1.0,338.5,7.0,1.0,2.0,15,6.0,1.0,9
9370,3.0,13,51,1,1,2,1,1,3004.0,9999.99,6.0,1.0,8.0,14,1.0,16.0,36
9373,3.0,20,51,1,1,1,1,1,3004.0,9999.99,7.0,2.0,3.0,15,1.0,13.0,50
9375,3.0,19,51,1,1,1,1,1,9999.0,9999.99,6.0,1.0,3.0,15,3.0,9.0,43
9376,3.0,13,50,1,1,2,1,1,3303.0,9999.99,6.0,1.0,8.0,18,1.0,11.0,9
9377,3.0,19,51,1,1,1,1,1,3326.0,13.0,6.0,1.0,8.0,15,3.0,6.0,9
9378,3.0,14,51,1,1,2,1,1,3326.0,10.0,6.0,1.0,8.0,18,1.0,10.0,9
9379,3.0,1,51,1,1,1,1,1,3326.0,13.0,6.0,1.0,8.0,18,1.0,10.0,341
9385,3.0,8,51,1,1,2,1,1,9.0,3.7,7.0,2.0,8.0,14,1.0,16.0,341
9386,3.0,17,51,1,1,2,1,1,3004.0,9999.99,7.0,2.0,3.0,15,5.0,20.0,9
9387,3.0,17,51,1,1,2,1,1,9.0,4.0,7.0,2.0,3.0,15,3.0,2.0,9
9388,3.0,8,51,1,1,2,1,1,9.0,4.0,7.0,2.0,3.0,15,1.0,6.0,21
9389,3.0,20,51,1,1,1,1,1,1.0,338.0,7.0,1.0,2.0,15,4.0,1.0,46
9391,3.0,15,72,1,1,2,1,1,320.0,12.2,7.0,1.0,3.0,15,3.0,4.0,82
9392,3.0,16,72,1,1,2,1,1,3012.0,5.6,14.0,1.0,3.0,15,3.0,1.0,31
9393,3.0,6,72,1,1,1,1,1,3012.0,5.8,14.0,1.0,8.0,18,1.0,18.0,9
9395,3.0,20,72,1,1,1,1,1,3012.0,6.4,14.0,1.0,2.0,15,4.0,1.0,32
9396,3.0,14,72,1,1,2,1,1,3012.0,7.0,14.0,1.0,8.0,14,1.0,16.0,9
9397,3.0,7,71,1,1,2,1,1,3010.0,10.0,7.0,1.0,2.0,15,4.0,1.0,9
9400,3.0,1,72,1,1,1,1,1,320.0,14.0,7.0,1.0,1.0,1,1.0,2.0,9
9401,3.0,17,72,1,1,2,1,1,320.0,11.7,7.0,1.0,3.0,15,3.0,2.0,21
9402,3.0,19,72,1,1,1,1,1,320.0,15.7,7.0,1.0,3.0,15,7.0,1.0,31
9406,3.0,18,72,1,1,1,1,1,320.0,14.7,7.0,1.0,2.0,15,5.0,21.0,82
9408,3.0,21,72,1,1,1,1,1,320.0,14.3,7.0,1.0,2.0,15,2.0,1.0,9
9410,3.0,22,72,1,1,1,1,1,3014.0,12.6,7.0,1.0,7.0,15,2.0,2.0,21
9411,3.0,14,72,1,1,2,1,1,3014.0,11.2,8.0,1.0,2.0,15,4.0,1.0,9
9412,3.0,16,72,1,1,2,1,1,1.0,383.0,7.0,1.0,7.0,15,9.0,5.0,21
9413,3.0,17,72,1,1,2,1,1,3014.0,8.9,8.0,1.0,3.0,15,4.0,1.0,38
9414,3.0,9,72,1,1,2,1,1,1.0,378.1,9.0,1.0,3.0,15,1.0,1.0,9
9415,3.0,17,72,1,1,2,1,1,3014.0,13.0,7.0,1.0,2.0,15,4.0,1.0,3
9418,3.0,16,72,1,1,2,1,1,1.0,380.5,8.0,1.0,3.0,15,5.0,8.0,33
9419,3.0,19,72,1,1,1,1,1,3014.0,7.4,8.0,1.0,3.0,15,4.0,1.0,21
9420,3.0,20,51,1,1,1,1,1,1.0,333.3,15.0,1.0,2.0,15,1.0,1.0,59
9422,3.0,18,72,1,1,1,1,1,1.0,378.6,8.0,1.0,3.0,15,4.0,1.0,21
9423,3.0,13,72,1,1,2,1,1,3032.0,2.6,7.0,1.0,3.0,15,8.0,1.0,9
9424,3.0,17,72,1,1,2,1,1,3014.0,10.1,7.0,1.0,3.0,15,2.0,1.0,32
9426,3.0,21,72,1,2,1,2,1,3001.0,3.5,8.0,1.0,7.0,15,1.0,1.0,21
9427,3.0,18,72,1,1,1,1,1,3014.0,12.3,8.0,1.0,3.0,15,3.0,12.0,82
9429,3.0,11,72,1,1,2,1,1,3014.0,8.1,7.0,1.0,3.0,15,2.0,12.0,9
9431,3.0,14,51,1,1,2,1,1,1.0,333.8,6.0,1.0,2.0,15,6.0,1.0,9
9434,3.0,0,51,1,1,1,1,1,313.0,9999.99,6.0,1.0,2.0,15,1.0,1.0,21
9435,3.0,11,51,1,1,2,1,1,3307.0,9999.99,7.0,1.0,2.0,15,4.0,1.0,3
9437,3.0,16,51,1,1,2,1,1,1.0,333.0,8.0,1.0,7.0,14,9.0,16.0,33
9441,3.0,17,51,1,1,2,1,1,1.0,343.4,12.0,2.0,2.0,15,5.0,1.0,38
9442,3.0,16,51,1,1,2,1,1,3019.0,9999.99,6.0,1.0,2.0,15,6.0,14.0,82
9443,3.0,15,71,1,1,2,1,1,3019.0,9999.99,6.0,1.0,3.0,15,7.0,6.0,38
9444,3.0,14,51,1,1,2,1,1,3019.0,9999.99,6.0,1.0,3.0,15,7.0,6.0,406
9445,3.0,21,51,1,1,1,1,1,3301.0,9999.99,6.0,1.0,8.0,14,1.0,16.0,3
9446,3.0,0,51,1,1,1,1,1,3006.0,9999.99,6.0,1.0,3.0,15,1.0,6.0,21
9449,3.0,20,51,1,1,1,1,1,1.0,333.6,11.0,1.0,2.0,15,4.0,1.0,9
9450,3.0,21,51,1,1,1,1,1,3019.0,9999.99,6.0,1.0,8.0,16,1.0,16.0,21
9451,3.0,15,51,1,1,2,1,1,3006.0,9999.99,6.0,1.0,3.0,15,3.0,6.0,32
9452,3.0,8,51,1,1,2,1,1,3002.0,9999.99,6.0,1.0,8.0,14,1.0,16.0,82
9454,3.0,10,51,1,1,2,1,1,1.0,341.3,12.0,2.0,2.0,15,4.0,6.0,21
9455,3.0,8,51,1,1,2,1,1,3002.0,9999.99,6.0,1.0,3.0,15,6.0,6.0,21
9456,3.0,15,51,1,1,2,1,1,3002.0,9999.99,6.0,1.0,8.0,14,1.0,16.0,46
9458,3.0,9,51,1,1,2,1,1,3002.0,9999.99,6.0,1.0,7.0,18,1.0,6.0,9
9459,3.0,12,51,1,1,2,1,1,3002.0,9999.99,6.0,1.0,1.0,15,3.0,2.0,21
9462,3.0,22,51,1,1,1,1,1,3002.0,9999.99,6.0,1.0,3.0,15,8.0,6.0,21
9463,3.0,9,51,1,1,2,1,1,9.0,9999.99,8.0,2.0,3.0,15,7.0,6.0,31
9464,3.0,21,72,1,1,1,1,1,3003.0,9999.99,6.0,1.0,3.0,15,3.0,7.0,9
9466,3.0,22,51,1,1,1,1,1,3002.0,9999.99,6.0,1.0,8.0,14,1.0,16.0,31
9467,3.0,12,51,1,1,2,1,1,1.0,341.0,16.0,2.0,2.0,15,6.0,1.0,40
9468,3.0,18,51,1,1,1,1,1,3002.0,9999.99,6.0,1.0,8.0,14,1.0,16.0,9
9470,3.0,9,50,1,1,2,1,1,801.0,76.28,8.0,2.0,4.0,15,4.0,1.0,21
9471,3.0,11,50,1,1,2,1,1,801.0,75.2,8.0,2.0,8.0,18,1.0,18.0,32
9475,3.0,16,72,1,1,2,1,1,3020.0,9999.99,7.0,1.0,8.0,14,1.0,1.0,9
9500,3.0,22,72,1,1,1,1,1,3038.0,8.0,7.0,1.0,2.0,15,4.0,1.0,9
9501,3.0,16,72,1,1,2,1,1,3038.0,8.0,7.0,1.0,3.0,15,8.0,9.0,9
9516,3.0,11,72,1,2,2,1,1,3011.0,17.3,19.0,1.0,2.0,15,4.0,1.0,21
9517,3.0,15,72,1,1,2,1,1,3011.0,15.3,7.0,1.0,3.0,15,5.0,1.0,9
9518,3.0,14,72,1,1,2,1,1,315.0,6.0,9.0,2.0,8.0,14,1.0,16.0,99
9519,3.0,20,72,1,1,1,1,1,3038.0,3.5,7.0,1.0,3.0,15,8.0,9.0,9
9524,3.0,16,50,1,1,2,1,1,315.0,2.04,11.0,2.0,3.0,4,2.0,7.0,31
9525,3.0,20,50,1,1,1,1,1,803.0,4.1,8.0,2.0,4.0,15,4.0,1.0,31
9532,3.0,7,72,1,1,2,1,1,315.0,6.5,8.0,2.0,2.0,15,4.0,1.0,32
9535,3.0,15,72,1,1,2,1,1,315.0,7.8,9.0,2.0,2.0,15,4.0,1.0,36
9536,3.0,12,72,1,1,2,1,1,315.0,6.0,9.0,2.0,8.0,14,1.0,16.0,21
9537,3.0,18,50,1,1,1,1,1,315.0,4.0,8.0,2.0,2.0,15,4.0,1.0,21
9539,3.0,16,72,1,1,2,1,1,315.0,6.0,9.0,2.0,2.0,15,4.0,1.0,38
9550,3.0,23,50,1,1,1,1,1,3015.0,9999.99,8.0,1.0,8.0,18,9.0,18.0,32
9552,3.0,23,71,1,1,1,1,1,9.0,17.0,5.0,1.0,8.0,18,1.0,18.0,3
9555,3.0,1,71,1,1,1,1,1,9.0,19.0,6.0,1.0,8.0,18,1.0,18.0,9
9559,3.0,18,72,4,4,1,2,1,9999.0,5.1,8.0,2.0,1.0,15,3.0,12.0,21
9560,3.0,17,16,1,1,2,1,1,1.0,161.8,7.0,1.0,8.0,14,1.0,16.0,38
9561,3.0,17,16,1,1,2,1,1,805.0,224.5,7.0,1.0,8.0,14,8.0,16.0,38
9564,3.0,21,16,1,1,1,1,1,4201.0,9999.99,6.0,1.0,8.0,14,7.0,16.0,9
9565,3.0,8,16,1,1,2,1,1,4201.0,9999.99,6.0,1.0,8.0,14,7.0,16.0,32
9566,3.0,17,16,1,1,2,1,1,4268.0,9999.99,6.0,1.0,8.0,14,7.0,16.0,3
9572,3.0,7,16,2,1,2,1,1,4220.0,9999.99,6.0,1.0,2.0,15,4.0,1.0,21
9574,3.0,14,16,1,1,2,1,1,406.0,43.2,7.0,1.0,3.0,15,3.0,7.0,38
9575,3.0,20,16,1,1,1,1,1,1.0,159.4,7.0,1.0,8.0,18,2.0,11.0,82
9576,3.0,19,16,1,1,1,1,1,1.0,147.2,7.0,1.0,2.0,15,4.0,1.0,33
9577,3.0,10,16,1,1,2,1,1,1.0,152.6,7.0,1.0,3.0,15,3.0,4.0,9
9578,3.0,18,16,1,1,1,1,1,1.0,167.42,7.0,1.0,8.0,14,1.0,16.0,9
9579,3.0,14,16,1,1,2,1,1,1.0,167.5,7.0,1.0,3.0,15,5.0,1.0,9
9580,3.0,1,16,1,1,1,1,1,805.0,168.7,7.0,2.0,8.0,18,3.0,10.0,31
9581,3.0,14,16,1,1,2,1,1,805.0,136.6,7.0,2.0,8.0,18,2.0,11.0,32
9583,3.0,23,16,1,1,1,1,1,406.0,38.0,7.0,1.0,8.0,18,3.0,10.0,31
9585,3.0,10,16,2,1,2,1,1,4208.0,9999.99,6.0,1.0,2.0,15,4.0,1.0,21
9586,3.0,22,16,2,1,1,1,1,4206.0,9999.99,7.0,1.0,2.0,15,4.0,1.0,9
9587,3.0,19,16,2,1,1,1,1,4208.0,9999.99,6.0,1.0,8.0,14,1.0,16.0,21
9588,3.0,17,16,2,1,2,1,1,4201.0,9999.99,7.0,1.0,8.0,14,1.0,16.0,9
9591,3.0,21,16,2,1,1,1,1,4201.0,9999.99,7.0,1.0,2.0,15,4.0,1.0,46
9593,3.0,15,16,2,1,2,1,1,4214.0,9999.99,4.0,1.0,8.0,14,1.0,16.0,31
9594,3.0,16,16,1,1,2,1,1,9999.0,9999.99,6.0,1.0,8.0,13,8.0,10.0,9
9596,3.0,10,16,1,1,2,1,1,4201.0,9999.99,6.0,1.0,1.0,15,1.0,4.0,31
9597,3.0,10,16,2,1,2,1,1,4268.0,9999.99,6.0,1.0,3.0,15,8.0,1.0,32
9598,3.0,18,16,1,1,1,1,1,4201.0,9999.99,6.0,1.0,3.0,15,8.0,1.0,3
9600,3.0,19,16,1,1,1,1,1,1.0,243.1,10.0,1.0,8.0,14,7.0,16.0,32
9601,3.0,20,16,1,1,1,1,1,1.0,245.0,10.0,1.0,8.0,13,7.0,11.0,33
9602,3.0,19,16,1,1,1,1,1,1.0,244.0,10.0,1.0,8.0,14,7.0,16.0,341
9603,3.0,16,16,1,1,2,1,1,4266.0,9999.99,6.0,1.0,3.0,15,8.0,1.0,9
9604,3.0,19,16,1,1,1,1,1,4266.0,7.0,6.0,1.0,8.0,14,8.0,16.0,9
9605,3.0,12,16,1,1,2,1,1,4266.0,7.2,6.0,1.0,3.0,15,8.0,4.0,9
9606,3.0,21,16,1,1,1,1,1,4266.0,9999.99,6.0,1.0,8.0,14,7.0,16.0,31
9607,3.0,9,16,1,1,2,1,1,1.0,243.0,10.0,1.0,8.0,14,7.0,16.0,31
9609,3.0,16,16,1,1,2,1,1,4266.0,7.0,6.0,1.0,3.0,15,8.0,1.0,9
9611,3.0,20,16,1,1,1,1,1,1.0,203.1,9.0,1.0,3.0,15,8.0,1.0,38
9612,3.0,10,16,1,1,2,2,1,4234.0,17.0,7.0,1.0,2.0,15,4.0,1.0,21
9613,3.0,2,16,1,1,1,1,1,805.0,232.4,7.0,1.0,3.0,15,7.0,4.0,21
9614,3.0,13,16,1,1,2,1,1,805.0,234.8,7.0,1.0,8.0,13,8.0,10.0,21
9615,3.0,8,16,1,1,2,1,1,805.0,244.02,7.0,1.0,3.0,15,8.0,4.0,341
9616,3.0,14,16,1,1,2,1,1,805.0,225.2,7.0,1.0,8.0,16,7.0,16.0,82
9617,3.0,16,16,1,1,2,1,1,4315.0,9999.99,6.0,1.0,8.0,13,1.0,18.0,9
9618,3.0,19,16,1,1,1,1,1,4234.0,9999.99,6.0,1.0,8.0,14,7.0,16.0,9
9619,3.0,9,16,1,1,2,1,1,4234.0,9999.99,6.0,1.0,3.0,15,8.0,1.0,33
9620,3.0,15,16,1,1,2,1,1,4201.0,9999.99,6.0,1.0,1.0,15,1.0,4.0,9
9621,3.0,15,16,1,1,2,1,1,4.0,8.4,7.0,2.0,2.0,15,1.0,1.0,9
9623,3.0,19,16,1,1,1,1,1,1.0,217.4,7.0,1.0,8.0,14,1.0,16.0,9
9624,3.0,18,16,1,1,1,1,1,4.0,7.0,7.0,2.0,3.0,15,1.0,12.0,31
9625,3.0,8,16,1,1,2,1,1,4.0,0.4,7.0,2.0,3.0,15,3.0,1.0,32
9626,3.0,16,16,1,1,2,1,1,4.0,6.7,7.0,2.0,3.0,15,1.0,12.0,9
9627,3.0,10,16,1,1,2,1,1,1.0,206.6,7.0,1.0,1.0,15,1.0,4.0,3
9628,3.0,6,16,1,1,1,1,1,4.0,4.3,7.0,2.0,3.0,15,6.0,1.0,9
9629,3.0,22,16,1,1,1,1,1,805.0,186.6,7.0,1.0,8.0,13,9.0,11.0,9
9630,3.0,7,16,1,1,2,1,1,805.0,193.7,7.0,1.0,8.0,13,7.0,10.0,31
9631,3.0,10,16,1,1,2,1,1,805.0,222.5,7.0,1.0,8.0,13,7.0,11.0,9
9632,3.0,18,16,1,1,1,1,1,805.0,198.8,7.0,1.0,8.0,13,8.0,10.0,9
9633,3.0,11,16,1,1,2,1,1,805.0,205.4,7.0,1.0,8.0,13,7.0,11.0,9
9634,3.0,16,15,1,1,2,1,1,604.0,32.5,4.0,1.0,7.0,18,9.0,1.0,32
9636,3.0,15,15,1,1,2,1,1,6103.0,12.0,7.0,1.0,8.0,18,1.0,1.0,9
9644,3.0,21,41,1,1,1,1,1,1.0,886.1,6.0,1.0,1.0,15,1.0,2.0,32
9645,3.0,15,41,1,1,2,2,1,8.0,9.9,8.0,1.0,2.0,15,4.0,1.0,341
9646,3.0,15,12,1,1,2,1,1,2026.0,77.5,5.0,1.0,8.0,13,7.0,1.0,9
9647,3.0,9,12,1,1,2,1,1,2202.0,9999.99,4.0,1.0,7.0,18,1.0,1.0,59
9649,3.0,11,12,1,1,2,1,1,1.0,9999.99,6.0,1.0,8.0,18,7.0,1.0,9