NUM_ACC,MOIS_ACC,HEU_ACC,COD_PRV,COD_ETA_CHA,COD_ETA_SUR,COD_LUM,COD_INT,TYP_LIE_ACC,NUM_ROU,PKM,LAR_CHA,COD_TYP_CHA,COD_TYP_COL,COD_OBS_HRT,COD_POI_CHO,COD_MAN,CIR_ACC
10080,3.0,12,19,1,1,2,1,1,712.0,127.8,48.0,1.0,1.0,15,3.0,4.0,50
10081,3.0,0,19,1,2,1,2,1,311.0,57.2,5.0,1.0,8.0,13,9.0,10.0,33
10083,3.0,13,19,1,1,2,1,1,407.0,162.5,6.0,1.0,8.0,13,1.0,11.0,21
10086,3.0,21,27,1,1,1,1,1,1.0,592.1,8.0,1.0,8.0,14,1.0,16.0,9
10087,3.0,12,27,1,2,2,2,1,1.0,577.3,8.0,1.0,3.0,15,7.0,16.0,48
10088,3.0,7,27,1,1,2,1,1,9999.0,9999.99,5.0,1.0,2.0,15,4.0,1.0,9
10089,3.0,7,68,1,1,2,1,1,204.0,92.1,7.0,1.0,2.0,15,4.0,1.0,33
10090,3.0,18,68,1,1,1,1,1,2327.0,9999.99,6.0,1.0,8.0,14,7.0,16.0,9
10092,3.0,6,27,1,1,1,1,1,1.0,599.1,8.0,1.0,2.0,15,1.0,1.0,82
10093,3.0,12,68,1,1,2,1,1,201.0,78.8,6.0,1.0,8.0,14,8.0,1.0,38
10094,3.0,15,68,2,1,2,1,1,2317.0,9999.99,5.0,1.0,8.0,14,1.0,16.0,9
10095,3.0,12,27,1,2,2,2,1,1.0,583.1,8.0,1.0,1.0,15,1.0,4.0,36
10096,3.0,11,27,2,1,2,1,1,2323.0,9999.99,7.0,1.0,1.0,18,1.0,4.0,36
10098,3.0,12,27,1,2,2,2,1,2323.0,18.1,8.0,1.0,8.0,13,8.0,1.0,9
10099,3.0,0,27,1,1,1,1,1,301.0,82.7,8.0,1.0,8.0,14,1.0,16.0,38
10100,3.0,13,27,1,2,2,2,1,2313.0,17.0,6.0,1.0,8.0,14,1.0,16.0,341
10101,3.0,12,27,1,2,2,2,1,2313.0,5.2,8.0,1.0,8.0,13,9.0,1.0,32
10103,3.0,17,27,3,1,2,1,1,202.0,20.0,8.0,1.0,3.0,15,7.0,6.0,36
10105,3.0,12,27,1,1,2,1,1,301.0,177.2,8.0,1.0,2.0,15,4.0,17.0,9
10106,3.0,14,27,1,1,2,1,1,1.0,563.9,8.0,1.0,2.0,15,1.0,4.0,3
10108,3.0,17,27,1,2,2,2,1,2306.0,36.4,8.0,1.0,8.0,14,1.0,16.0,9
10110,3.0,21,27,1,1,1,1,1,2302.0,34.3,7.0,1.0,8.0,13,7.0,1.0,31
10111,3.0,9,27,1,1,2,1,1,1.0,564.0,8.0,1.0,2.0,15,4.0,21.0,9
10112,3.0,3,27,1,1,1,1,1,2306.0,31.3,8.0,1.0,8.0,13,7.0,1.0,9
10114,3.0,21,27,2,1,1,1,1,2321.0,9999.99,7.0,1.0,8.0,13,8.0,1.0,9
10117,3.0,19,27,1,2,1,2,1,1.0,602.0,8.0,1.0,8.0,14,1.0,16.0,9
10118,3.0,9,27,1,1,2,1,1,2301.0,9999.99,6.0,2.0,8.0,18,8.0,9.0,9
10119,3.0,19,27,1,1,1,1,1,2300.0,2.0,7.0,1.0,8.0,14,1.0,4.0,32
10120,3.0,10,27,1,1,2,1,1,2313.0,10.0,7.0,1.0,8.0,18,7.0,1.0,9
10121,3.0,11,27,1,1,2,1,1,2301.0,9999.99,7.0,1.0,3.0,15,8.0,1.0,31
10122,3.0,19,27,1,1,1,1,1,2300.0,18.0,7.0,1.0,8.0,18,2.0,1.0,9
10123,3.0,22,27,1,1,1,1,1,2307.0,18.0,7.0,1.0,3.0,15,6.0,4.0,21
10124,3.0,16,27,1,1,2,1,1,2307.0,18.0,7.0,1.0,3.0,15,4.0,1.0,9
10125,3.0,17,27,1,1,2,1,1,202.0,12.0,8.0,1.0,8.0,12,1.0,1.0,400
10126,3.0,14,27,1,2,2,2,1,301.0,159.5,8.0,1.0,8.0,13,7.0,1.0,71
10127,3.0,14,27,1,2,2,2,1,204.0,5.4,8.0,1.0,2.0,15,4.0,1.0,9
10128,3.0,23,27,1,1,1,1,1,301.0,136.0,8.0,1.0,4.0,15,4.0,1.0,9
10129,3.0,6,27,1,1,1,1,1,204.0,11.2,8.0,1.0,8.0,13,8.0,1.0,9
10130,3.0,21,27,1,1,1,1,1,204.0,2.7,8.0,1.0,5.0,15,8.0,1.0,21
10131,3.0,13,27,1,1,2,1,1,204.0,7.0,8.0,1.0,3.0,15,8.0,1.0,48
10132,3.0,11,27,1,1,2,1,1,9999.0,19.0,6.0,1.0,7.0,15,4.0,1.0,9
10133,3.0,0,68,1,1,1,1,1,204.0,74.5,7.0,1.0,7.0,11,7.0,1.0,82
10134,3.0,17,27,1,1,2,1,1,9999.0,9999.99,6.0,1.0,8.0,5,1.0,1.0,9
10135,3.0,13,68,1,1,2,1,1,204.0,80.1,11.0,1.0,7.0,15,8.0,8.0,9
10136,3.0,12,68,1,1,2,1,1,204.0,64.0,11.0,1.0,7.0,15,8.0,4.0,32
10137,3.0,12,68,1,1,2,1,1,204.0,56.8,7.0,1.0,8.0,18,7.0,1.0,82
10138,3.0,21,68,1,1,1,1,1,204.0,67.2,11.0,1.0,7.0,15,7.0,1.0,21
10139,3.0,17,68,1,1,2,1,1,201.0,58.0,6.0,1.0,8.0,14,8.0,1.0,9
10140,3.0,21,68,1,1,1,1,1,201.0,60.0,10.0,1.0,7.0,15,8.0,4.0,46
10142,3.0,20,68,1,1,1,1,1,204.0,50.0,7.0,1.0,3.0,15,8.0,1.0,59
10144,3.0,19,68,1,1,1,1,1,2341.0,9.7,6.0,1.0,8.0,14,8.0,1.0,31
10148,3.0,23,9,1,1,1,1,1,16.0,147.2,8.0,1.0,3.0,15,7.0,4.0,9
12001,4.0,5,45,2,1,1,1,1,1018.0,9999.99,6.0,1.0,7.0,15,8.0,8.0,3
12003,4.0,12,33,1,1,2,1,1,1803.0,9999.99,11.0,1.0,3.0,15,9.0,1.0,21
12004,4.0,22,2,1,1,1,1,1,803.0,396.0,7.0,2.0,2.0,15,1.0,1.0,33
12008,4.0,17,64,1,1,2,1,1,9999.0,18.3,12.0,1.0,1.0,15,1.0,4.0,391
12010,4.0,11,45,1,1,2,1,1,1.0,926.8,8.0,1.0,7.0,15,7.0,16.0,3
12011,4.0,5,45,1,1,1,1,1,1.0,925.8,8.0,1.0,7.0,15,7.0,16.0,430
12013,4.0,19,33,1,1,1,1,1,1803.0,7.0,10.0,1.0,1.0,15,1.0,1.0,9
12014,4.0,19,33,1,1,1,1,1,9999.0,196.0,11.0,1.0,8.0,18,7.0,1.0,409
12015,4.0,16,41,1,1,2,1,1,1.0,9999.99,6.0,1.0,1.0,15,3.0,4.0,9
12016,4.0,11,37,1,1,2,1,1,107.0,21.0,5.0,1.0,1.0,15,1.0,1.0,9
12017,4.0,20,45,1,1,1,1,1,1014.0,14.9,8.0,1.0,1.0,15,1.0,4.0,9
12018,4.0,14,45,1,1,2,1,1,1009.0,9.0,6.0,1.0,8.0,15,7.0,4.0,9
12021,4.0,22,33,1,1,1,1,1,9999.0,9999.99,11.0,1.0,3.0,15,4.0,1.0,9
12023,4.0,8,2,1,1,2,1,1,1705.0,9999.99,7.0,1.0,8.0,18,9.0,1.0,9
12024,4.0,22,2,1,1,1,1,1,9999.0,9999.99,7.0,1.0,8.0,14,1.0,16.0,21
12025,4.0,13,2,1,1,2,1,1,9999.0,83.9,10.0,1.0,2.0,15,1.0,1.0,9
12026,4.0,9,2,1,1,2,1,1,10.0,224.9,6.0,1.0,8.0,18,1.0,1.0,71
12027,4.0,16,2,1,1,2,1,1,10.0,197.2,12.0,1.0,3.0,15,5.0,8.0,9
12029,4.0,17,2,1,1,2,1,1,9999.0,62.6,7.0,1.0,8.0,15,9.0,1.0,9
12030,4.0,14,2,1,1,2,1,1,1702.0,8.0,7.0,1.0,8.0,14,1.0,16.0,21
12032,4.0,22,64,1,1,1,1,1,10.0,22.3,10.0,1.0,8.0,18,9.0,1.0,21
12036,4.0,17,2,1,1,2,1,1,10.0,34.0,7.0,1.0,8.0,18,9.0,1.0,9
12040,4.0,5,2,1,1,1,1,1,9999.0,9999.99,7.0,1.0,3.0,15,1.0,4.0,33
12041,4.0,12,2,1,1,2,1,1,9999.0,9999.99,8.0,1.0,3.0,15,1.0,4.0,82
12042,4.0,14,2,1,1,2,1,1,9999.0,9999.99,7.0,1.0,8.0,15,1.0,1.0,9
12043,4.0,14,2,1,1,2,1,1,1707.0,9999.99,7.0,1.0,2.0,15,1.0,1.0,32
12044,4.0,11,2,1,1,2,1,1,9999.0,9999.99,9.0,1.0,2.0,15,1.0,1.0,9
12046,4.0,17,64,1,1,2,1,1,10.0,17.2,20.0,1.0,8.0,15,1.0,1.0,9
12047,4.0,16,64,1,1,2,1,1,10.0,19.0,10.0,1.0,8.0,15,1.0,1.0,9
12049,4.0,18,2,1,1,2,1,1,10.0,33.9,10.0,1.0,8.0,18,1.0,1.0,439
12051,4.0,17,2,1,1,2,1,1,10.0,9999.99,10.0,1.0,8.0,14,1.0,1.0,38
12052,4.0,18,64,1,1,2,1,1,10.0,17.0,10.0,1.0,8.0,15,1.0,1.0,9
12053,4.0,18,2,1,1,2,1,1,9999.0,7.0,7.0,1.0,8.0,14,1.0,16.0,3
12054,4.0,16,2,1,1,2,1,1,9999.0,4.0,9.0,1.0,2.0,15,1.0,1.0,3
12055,4.0,15,2,1,1,2,1,1,9999.0,9999.99,8.0,1.0,8.0,15,1.0,1.0,9
12057,4.0,15,33,1,1,2,1,1,9999.0,9999.99,13.0,1.0,8.0,13,9.0,1.0,9
12058,4.0,12,33,4,1,2,1,1,9999.0,9999.99,11.0,1.0,8.0,18,9.0,1.0,3
12059,4.0,22,33,3,1,1,1,1,102.0,92.2,11.0,1.0,8.0,12,1.0,1.0,9
12060,4.0,16,33,1,1,2,1,1,9999.0,9999.99,11.0,1.0,2.0,15,1.0,1.0,9
12061,4.0,7,33,1,1,2,1,1,9999.0,9999.99,11.0,1.0,8.0,18,7.0,1.0,33
12062,4.0,12,33,1,1,2,1,1,9999.0,9999.99,11.0,1.0,8.0,12,1.0,1.0,9
12066,4.0,23,41,1,1,1,1,1,1.0,843.0,6.0,1.0,1.0,15,1.0,4.0,21
12069,4.0,21,41,1,1,1,1,1,1.0,842.0,6.0,1.0,3.0,15,7.0,7.0,3
12072,4.0,18,41,1,1,2,1,1,9999.0,9999.99,8.0,1.0,1.0,15,1.0,2.0,3
12077,4.0,9,41,1,1,2,1,1,1.0,797.0,12.0,1.0,7.0,14,1.0,16.0,341
12078,4.0,14,41,2,1,2,1,1,1001.0,18.0,6.0,1.0,8.0,14,3.0,12.0,3
12079,4.0,11,41,1,1,2,1,1,9999.0,367.0,10.0,1.0,7.0,10,1.0,11.0,9
12080,4.0,20,41,1,1,1,1,1,1708.0,41.3,10.0,1.0,3.0,15,2.0,4.0,9
12081,4.0,18,64,1,1,2,1,1,1005.0,9999.99,8.0,1.0,3.0,15,7.0,1.0,9
12082,4.0,18,64,1,1,2,1,1,105.0,7.5,12.0,1.0,3.0,15,7.0,1.0,82
12083,4.0,22,64,1,1,1,1,1,105.0,6.0,12.0,1.0,3.0,15,7.0,1.0,33
12084,4.0,9,64,1,1,2,1,1,105.0,7.5,12.0,1.0,3.0,15,7.0,1.0,33
12085,4.0,16,64,1,1,2,1,1,105.0,2.8,12.0,1.0,3.0,15,7.0,1.0,31
12086,4.0,17,64,1,1,2,1,1,105.0,3.5,12.0,1.0,3.0,15,3.0,1.0,82
12087,4.0,18,64,1,1,2,1,1,105.0,2.5,12.0,1.0,3.0,15,8.0,6.0,21
12089,4.0,8,64,1,1,2,1,1,1005.0,9999.99,8.0,1.0,3.0,14,7.0,16.0,21
12091,4.0,1,64,1,1,1,1,1,105.0,7.5,12.0,1.0,3.0,15,7.0,1.0,21
12094,4.0,9,64,1,1,2,1,1,9999.0,19.5,12.0,1.0,3.0,14,7.0,16.0,9
12095,4.0,21,64,1,1,1,1,1,9999.0,18.0,12.0,1.0,8.0,18,7.0,11.0,31
12097,4.0,18,64,1,1,2,1,1,9999.0,20.8,12.0,1.0,3.0,15,4.0,1.0,9
12098,4.0,15,64,1,1,2,1,1,9999.0,29.5,12.0,1.0,3.0,15,7.0,1.0,38
12099,4.0,11,64,1,1,2,1,1,9999.0,9999.99,8.0,1.0,3.0,14,7.0,16.0,9
12100,4.0,19,64,1,1,1,1,1,9999.0,18.0,12.0,1.0,3.0,15,7.0,1.0,9
12101,4.0,7,45,1,1,2,1,1,1009.0,20.8,6.0,1.0,8.0,14,1.0,16.0,3
12105,4.0,14,45,1,1,2,1,1,1.0,920.3,8.0,1.0,7.0,15,7.0,6.0,9
12107,4.0,14,45,1,1,2,1,1,1.0,923.4,8.0,1.0,7.0,15,4.0,21.0,21
12109,4.0,16,45,1,1,2,1,1,1.0,925.5,8.0,1.0,7.0,15,3.0,16.0,9
12111,4.0,18,45,1,1,2,1,1,1.0,920.1,8.0,1.0,7.0,15,8.0,6.0,9
12114,4.0,8,45,1,1,2,1,1,1.0,912.2,8.0,1.0,3.0,15,4.0,1.0,9
12117,4.0,10,45,1,1,2,1,1,1014.0,11.6,8.0,1.0,7.0,15,7.0,6.0,341
12118,4.0,7,45,1,1,2,1,1,1.0,914.0,8.0,1.0,8.0,15,7.0,1.0,3
12121,4.0,21,45,1,1,1,1,1,1.0,906.3,8.0,1.0,7.0,15,8.0,4.0,21
12124,4.0,14,45,1,1,2,1,1,1.0,910.0,8.0,1.0,2.0,15,4.0,1.0,9
12125,4.0,11,37,1,1,2,1,1,104.0,172.0,5.0,1.0,1.0,15,1.0,1.0,21
12127,4.0,13,37,1,1,2,1,1,104.0,70.0,5.0,1.0,3.0,15,2.0,1.0,21
12129,4.0,9,37,1,1,2,1,1,104.0,70.2,6.0,1.0,8.0,14,1.0,1.0,9
12130,4.0,18,37,1,1,2,1,1,1.0,988.4,6.0,1.0,2.0,15,4.0,1.0,9
12131,4.0,14,37,1,1,2,1,1,1903.0,27.1,6.0,1.0,3.0,15,2.0,1.0,31
12132,4.0,12,37,1,1,2,1,1,104.0,78.5,6.0,1.0,2.0,15,4.0,1.0,31
12134,4.0,17,2,1,1,2,1,1,9999.0,326.0,8.0,1.0,8.0,18,9.0,1.0,9
12135,4.0,23,37,1,1,1,1,1,1.0,959.6,6.0,1.0,8.0,18,9.0,1.0,9
12136,4.0,12,3,1,1,2,1,1,509.0,51.6,7.0,1.0,7.0,15,1.0,2.0,9
12138,4.0,16,3,1,1,2,1,1,8.0,9999.99,7.0,1.0,8.0,14,1.0,1.0,9
12139,4.0,16,3,1,1,2,1,1,2.0,339.0,6.0,2.0,3.0,15,2.0,18.0,439
12140,4.0,21,3,1,1,1,1,1,2.0,322.0,8.0,2.0,8.0,18,7.0,18.0,3
12141,4.0,21,3,1,1,1,1,1,2.0,322.0,7.0,2.0,7.0,15,1.0,18.0,31
12142,4.0,13,3,1,1,2,1,1,2.0,314.6,7.0,2.0,8.0,14,1.0,18.0,36
12143,4.0,15,3,1,1,2,1,1,5209.0,3.5,10.0,1.0,3.0,15,2.0,18.0,21
12144,4.0,7,3,1,1,2,1,1,2.0,309.1,6.0,1.0,3.0,15,2.0,18.0,9
12145,4.0,21,3,1,1,1,1,1,5209.0,6.5,6.0,1.0,8.0,18,7.0,18.0,9
12146,4.0,19,3,1,1,1,1,1,2.0,216.0,7.0,1.0,8.0,18,9.0,1.0,38
12148,4.0,17,3,1,1,2,1,1,5211.0,3.0,9.0,2.0,3.0,15,2.0,18.0,21
12150,4.0,15,5,1,1,2,1,1,9999.0,53.71,7.0,1.0,8.0,18,9.0,11.0,3
12152,4.0,12,5,1,1,2,1,1,3222.0,13.2,6.0,1.0,7.0,15,1.0,1.0,48
12155,4.0,13,65,1,1,2,1,1,11.0,181.0,7.0,1.0,7.0,15,1.0,5.0,9
12159,4.0,6,65,3,1,2,1,1,3224.0,3.6,3.0,1.0,2.0,15,1.0,1.0,9
12162,4.0,17,65,1,1,2,1,1,11.0,174.0,7.0,1.0,1.0,15,1.0,4.0,33
12163,4.0,16,4,2,1,2,1,1,302.0,210.4,4.0,1.0,8.0,18,1.0,1.0,21
12164,4.0,19,4,1,1,1,1,1,304.0,27.0,5.0,1.0,8.0,15,1.0,1.0,21
12167,4.0,1,65,2,1,1,1,1,3224.0,9999.99,3.0,1.0,2.0,15,1.0,1.0,21
12169,4.0,17,5,1,1,2,1,1,8.0,456.0,7.0,1.0,7.0,15,1.0,1.0,31
12170,4.0,18,5,1,1,2,1,1,8.0,456.0,7.0,1.0,7.0,15,1.0,1.0,21
12171,4.0,16,5,1,1,2,1,1,8.0,460.2,7.0,1.0,2.0,15,1.0,1.0,9
12172,4.0,14,5,1,1,2,1,1,3204.0,9999.99,5.0,1.0,8.0,15,1.0,1.0,9
12173,4.0,18,65,1,1,2,1,1,3211.0,5.0,6.0,1.0,7.0,14,1.0,16.0,3
12174,4.0,12,5,1,1,2,1,1,3222.0,12.6,6.0,1.0,7.0,15,1.0,1.0,9
12175,4.0,18,4,1,1,2,1,1,3111.0,15.0,6.0,1.0,7.0,14,1.0,16.0,9
12176,4.0,13,5,1,1,2,1,1,3222.0,10.0,6.0,1.0,7.0,15,1.0,6.0,21
12177,4.0,11,5,1,1,2,1,1,3222.0,9999.99,5.0,1.0,7.0,14,1.0,16.0,31
12180,4.0,12,5,1,1,2,1,1,8.0,517.0,7.0,1.0,1.0,15,1.0,4.0,432
12182,4.0,13,5,1,1,2,1,1,3208.0,6.1,6.0,1.0,3.0,15,8.0,1.0,82
12183,4.0,12,5,1,1,2,1,1,3208.0,3.8,6.0,1.0,7.0,18,7.0,11.0,21
12184,4.0,12,5,1,1,2,1,1,3208.0,5.2,6.0,1.0,8.0,18,7.0,11.0,32
12185,4.0,18,5,1,1,2,1,1,3208.0,25.0,6.0,1.0,2.0,15,8.0,1.0,9
12186,4.0,18,5,1,1,2,1,1,3208.0,15.0,6.0,1.0,2.0,15,7.0,1.0,9
12188,4.0,18,5,1,1,2,1,1,3208.0,10.0,6.0,1.0,7.0,14,1.0,16.0,21
12190,4.0,17,5,1,1,2,1,1,11.0,189.2,7.0,1.0,7.0,14,1.0,16.0,21
12191,4.0,3,5,1,1,1,1,1,11.0,182.0,7.0,1.0,8.0,13,1.0,10.0,21
12192,4.0,18,5,1,1,2,1,1,3215.0,9999.99,5.0,1.0,7.0,14,1.0,16.0,21
12193,4.0,4,65,1,1,1,1,1,11.0,149.5,7.0,1.0,2.0,15,8.0,1.0,21
12194,4.0,21,65,1,1,1,1,1,11.0,164.5,7.0,1.0,7.0,15,8.0,16.0,9
12195,4.0,22,65,1,1,1,1,1,309.0,48.7,7.0,1.0,7.0,15,7.0,1.0,46
12196,4.0,15,65,1,1,2,1,1,309.0,60.0,6.0,1.0,7.0,14,1.0,16.0,9
12197,4.0,12,65,1,1,2,1,1,309.0,62.5,6.0,1.0,7.0,15,1.0,1.0,9
12198,4.0,12,65,1,1,2,1,1,309.0,59.0,6.0,1.0,7.0,15,1.0,1.0,21
12199,4.0,10,65,1,1,2,1,1,309.0,59.0,6.0,1.0,7.0,15,1.0,1.0,3
12200,4.0,16,65,1,1,2,1,1,3222.0,26.0,6.0,1.0,7.0,15,1.0,1.0,38
12201,4.0,12,65,1,1,2,1,1,3222.0,9999.99,5.0,1.0,7.0,15,1.0,1.0,38
12205,4.0,12,65,3,1,2,1,1,3514.0,9999.99,4.0,1.0,3.0,15,1.0,4.0,9
12206,4.0,8,65,1,1,2,1,1,308.0,117.0,4.0,1.0,2.0,15,1.0,1.0,31
12211,4.0,11,65,1,1,2,1,1,308.0,117.0,5.0,1.0,2.0,15,1.0,1.0,9
12212,4.0,11,65,2,1,2,1,1,3224.0,20.0,4.0,1.0,3.0,15,1.0,4.0,9
12215,4.0,12,5,2,1,2,1,1,9999.0,2.0,4.0,1.0,3.0,15,1.0,4.0,9
12216,4.0,9,65,2,1,2,1,1,3207.0,9.0,4.0,1.0,3.0,15,1.0,4.0,9
12217,4.0,18,65,2,1,2,1,1,3207.0,9.0,4.0,1.0,2.0,15,1.0,1.0,3
12218,4.0,11,65,2,1,2,1,1,3224.0,20.0,4.0,1.0,3.0,15,1.0,1.0,9
12219,4.0,7,65,2,1,2,1,1,3203.0,22.0,4.0,1.0,7.0,15,1.0,4.0,9
12222,4.0,23,65,2,1,1,1,1,3203.0,50.0,4.0,1.0,1.0,15,1.0,4.0,9
12224,4.0,9,65,1,1,2,1,1,309.0,72.0,4.0,1.0,3.0,15,1.0,4.0,32
12228,4.0,18,4,1,1,2,1,1,3105.0,33.8,6.0,1.0,8.0,14,1.0,1.0,82
12230,4.0,7,65,1,1,2,1,1,3109.0,9999.99,5.0,1.0,8.0,18,1.0,1.0,9
12231,4.0,12,65,1,1,2,1,1,11.0,170.0,7.0,1.0,2.0,15,1.0,1.0,9
12232,4.0,13,5,3,1,2,1,1,3215.0,9999.99,4.0,1.0,3.0,15,1.0,4.0,21
12233,4.0,12,65,2,1,2,1,1,3209.0,13.0,4.0,1.0,2.0,15,1.0,1.0,9
12234,4.0,17,65,1,1,2,1,1,11.0,174.0,7.0,1.0,3.0,15,1.0,4.0,82
12235,4.0,17,65,1,1,2,1,1,11.0,171.0,7.0,1.0,3.0,14,1.0,4.0,9
12236,4.0,18,65,2,1,2,1,1,3210.0,9999.99,4.0,1.0,3.0,15,1.0,4.0,9
12237,4.0,11,65,2,1,2,1,1,3211.0,18.0,3.0,1.0,8.0,13,9.0,10.0,9
12238,4.0,12,65,3,1,2,1,1,3228.0,9999.99,4.0,1.0,3.0,14,1.0,4.0,32
12240,4.0,18,65,1,1,2,1,1,8.0,397.0,7.0,1.0,2.0,15,1.0,1.0,31
12241,4.0,5,65,1,1,1,1,1,309.0,72.0,5.0,1.0,3.0,15,1.0,4.0,21
12242,4.0,22,4,1,1,1,1,1,304.0,127.0,5.0,1.0,2.0,15,1.0,1.0,21
12243,4.0,14,4,2,1,2,1,1,304.0,125.0,5.0,1.0,3.0,15,1.0,1.0,341
12244,4.0,17,4,1,1,2,1,1,304.0,126.0,5.0,1.0,2.0,15,1.0,1.0,9
12246,4.0,13,4,1,1,2,1,1,304.0,6.0,4.0,1.0,8.0,14,1.0,1.0,9
12247,4.0,0,4,2,1,1,1,1,302.0,4.2,4.0,2.0,8.0,18,1.0,1.0,21
12248,4.0,12,4,2,1,2,1,1,304.0,6.0,5.0,1.0,7.0,15,7.0,1.0,9
12250,4.0,12,4,2,1,2,1,1,9999.0,36.6,5.0,1.0,8.0,14,1.0,1.0,38
12251,4.0,12,4,2,1,2,1,1,3108.0,20.7,4.0,1.0,3.0,15,1.0,1.0,82
12252,4.0,12,4,2,1,2,1,1,307.0,43.5,5.0,1.0,8.0,15,1.0,1.0,38
12253,4.0,13,4,2,1,2,1,1,307.0,44.5,5.0,1.0,8.0,14,1.0,1.0,32
12254,4.0,17,4,2,1,2,1,1,3111.0,9999.99,5.0,1.0,8.0,18,1.0,1.0,9
12258,4.0,3,53,1,1,1,1,1,708.0,65.4,70.0,1.0,8.0,18,9.0,1.0,82
12259,4.0,0,15,1,1,1,1,1,601.0,9999.99,8.0,1.0,8.0,14,4.0,16.0,21
12260,4.0,17,15,1,1,2,1,1,601.0,156.6,91.0,1.0,7.0,15,9.0,8.0,21
12261,4.0,15,15,1,1,2,1,1,17.0,223.2,6.0,1.0,7.0,15,2.0,2.0,9
12262,4.0,16,15,1,1,2,1,1,19.0,296.3,10.0,1.0,8.0,13,7.0,1.0,32
12263,4.0,9,50,1,1,2,1,1,801.0,71.9,8.0,2.0,8.0,14,1.0,16.0,409
12264,4.0,22,72,1,1,1,1,1,320.0,16.2,7.0,1.0,3.0,15,7.0,18.0,9
12265,4.0,8,50,1,1,2,1,1,803.0,3.0,8.0,2.0,8.0,14,1.0,16.0,21
12266,4.0,10,54,1,1,2,1,1,803.0,15.0,8.0,2.0,8.0,18,9.0,18.0,21
12267,4.0,8,51,1,1,2,1,1,1.0,9999.99,6.0,1.0,3.0,15,5.0,1.0,9
12268,4.0,19,51,1,1,1,1,1,3313.0,9999.99,6.0,1.0,8.0,7,7.0,11.0,21
12270,4.0,19,51,1,1,1,1,1,9.0,10.0,8.0,2.0,2.0,15,4.0,1.0,59
12276,4.0,10,50,1,1,2,1,1,801.0,87.4,7.0,2.0,7.0,14,1.0,16.0,71
12277,4.0,18,50,1,1,2,1,1,801.0,86.9,7.0,2.0,2.0,15,4.0,1.0,21
12278,4.0,11,72,1,1,2,1,1,3001.0,1.6,8.0,1.0,3.0,14,1.0,16.0,9
12282,4.0,21,72,1,1,1,1,1,3007.0,9999.99,9.0,1.0,3.0,15,8.0,2.0,59
12283,4.0,14,72,1,1,2,1,1,3013.0,9999.99,12.0,1.0,2.0,15,4.0,1.0,32
12284,4.0,15,72,1,1,2,1,1,3011.0,9999.99,14.0,1.0,7.0,15,1.0,1.0,342
12286,4.0,17,72,1,1,2,1,1,3011.0,9999.99,14.0,1.0,8.0,14,9.0,16.0,38
12288,4.0,18,72,1,1,2,1,1,3009.0,3.01,8.0,1.0,2.0,15,6.0,1.0,38
12294,4.0,18,72,1,1,2,1,1,3009.0,9999.99,4.0,1.0,2.0,15,4.0,1.0,21
12295,4.0,21,72,1,1,1,1,1,3011.0,9999.99,12.0,1.0,3.0,15,8.0,7.0,9
12296,4.0,21,72,1,1,1,1,1,3011.0,9999.99,14.0,1.0,3.0,15,7.0,2.0,33
12297,4.0,2,72,1,1,1,1,1,3011.0,9999.99,14.0,1.0,8.0,13,9.0,1.0,400
12298,4.0,11,72,1,1,2,1,1,3013.0,9999.99,14.0,1.0,2.0,15,4.0,1.0,21
12299,4.0,22,51,1,1,1,1,1,1.0,337.6,7.0,1.0,8.0,14,1.0,16.0,38
12300,4.0,17,51,1,1,2,1,1,1.0,336.0,7.0,1.0,8.0,14,1.0,16.0,38
12303,4.0,10,51,1,1,2,1,1,1.0,339.0,7.0,1.0,8.0,18,7.0,18.0,9
12306,4.0,22,51,1,1,1,1,1,1.0,333.2,7.0,1.0,8.0,18,8.0,17.0,21
12309,4.0,8,72,1,1,2,1,1,3014.0,8.4,9.0,1.0,2.0,15,4.0,1.0,9
12311,4.0,0,72,1,1,1,1,1,3014.0,7.2,8.0,1.0,7.0,15,4.0,1.0,59
12312,4.0,16,72,1,1,2,1,1,1.0,377.0,8.0,1.0,7.0,12,1.0,5.0,9
12314,4.0,17,72,1,1,2,1,1,1.0,379.0,80.0,2.0,7.0,15,5.0,1.0,3
12318,4.0,16,72,1,1,2,1,1,3014.0,6.2,7.0,1.0,7.0,15,7.0,8.0,21
12319,4.0,20,72,1,1,1,1,1,1.0,379.5,8.0,1.0,3.0,15,4.0,1.0,71
12321,4.0,14,72,1,1,2,1,1,1.0,380.0,10.0,1.0,3.0,15,7.0,8.0,406
12323,4.0,11,72,1,1,2,1,1,3014.0,5.0,7.0,1.0,7.0,12,1.0,5.0,341
12326,4.0,17,54,2,1,2,1,1,1.0,384.4,6.0,1.0,3.0,14,3.0,16.0,9
12327,4.0,0,51,1,1,1,1,1,8101.0,2.6,11.0,2.0,2.0,15,4.0,1.0,400
12328,4.0,3,50,1,1,1,1,1,801.0,59.8,11.0,2.0,7.0,2,9.0,11.0,9
12329,4.0,17,51,1,1,2,1,1,8101.0,2.4,11.0,2.0,4.0,15,4.0,1.0,9
12330,4.0,10,71,1,1,2,1,1,9.0,18.0,7.0,2.0,3.0,15,8.0,8.0,9
12332,4.0,19,71,1,1,1,1,1,9.0,20.0,7.0,2.0,2.0,15,4.0,1.0,21
12333,4.0,15,50,1,1,2,1,1,801.0,80.3,8.0,2.0,2.0,15,4.0,1.0,9