NUM_ACC,MOIS_ACC,HEU_ACC,COD_PRV,COD_ETA_CHA,COD_ETA_SUR,COD_LUM,COD_INT,TYP_LIE_ACC,NUM_ROU,PKM,LAR_CHA,COD_TYP_CHA,COD_TYP_COL,COD_OBS_HRT,COD_POI_CHO,COD_MAN,CIR_ACC
12334,4.0,16,50,1,1,2,1,1,801.0,61.9,8.0,2.0,2.0,15,4.0,1.0,430
12335,4.0,8,50,1,1,2,1,1,801.0,63.7,8.0,2.0,8.0,18,1.0,18.0,9
12336,4.0,18,50,1,1,2,1,1,801.0,73.0,8.0,2.0,7.0,15,4.0,21.0,9
12337,4.0,9,50,1,1,2,1,1,801.0,63.0,8.0,2.0,8.0,18,1.0,18.0,21
12338,4.0,19,50,1,1,1,1,1,801.0,77.5,8.0,2.0,2.0,15,4.0,1.0,9
12339,4.0,21,50,1,1,1,1,1,801.0,75.9,8.0,2.0,2.0,15,4.0,1.0,21
12340,4.0,15,71,1,1,2,1,1,9.0,22.3,8.0,1.0,4.0,15,3.0,1.0,9
12342,4.0,23,71,1,1,1,1,1,315.0,8.5,6.0,1.0,2.0,15,2.0,1.0,33
12343,4.0,9,71,1,1,2,1,1,315.0,9.3,8.0,2.0,2.0,15,1.0,1.0,9
12344,4.0,17,71,1,1,2,1,1,9.0,22.2,8.0,1.0,3.0,15,4.0,1.0,9
12345,4.0,10,72,1,1,2,1,1,3012.0,4.9,14.0,1.0,2.0,15,4.0,1.0,32
12346,4.0,13,72,1,1,2,1,1,320.0,19.0,7.0,1.0,2.0,15,4.0,1.0,9
12347,4.0,17,72,1,1,2,1,1,320.0,14.2,7.0,1.0,2.0,15,1.0,1.0,9
12348,4.0,15,72,1,1,2,1,1,320.0,15.2,7.0,1.0,3.0,15,1.0,1.0,82
12349,4.0,15,72,1,1,2,1,1,320.0,11.7,7.0,1.0,2.0,15,4.0,1.0,32
12351,4.0,17,72,1,1,2,1,1,320.0,11.5,7.0,1.0,3.0,15,1.0,2.0,9
12352,4.0,17,72,1,1,2,1,1,320.0,13.9,7.0,1.0,4.0,15,9.0,1.0,9
12353,4.0,11,72,1,1,2,1,1,320.0,11.8,7.0,1.0,3.0,15,2.0,2.0,9
12354,4.0,18,72,1,1,2,1,1,320.0,21.3,7.0,1.0,2.0,15,1.0,1.0,82
12355,4.0,17,51,1,1,2,1,1,322.0,9999.99,6.0,1.0,7.0,14,4.0,3.0,82
12356,4.0,11,50,1,1,2,1,1,803.0,6.5,8.0,2.0,8.0,18,1.0,18.0,21
12357,4.0,12,50,1,1,2,1,1,803.0,1.1,8.0,2.0,2.0,15,4.0,1.0,82
12358,4.0,8,50,1,1,2,1,1,803.0,4.1,8.0,2.0,2.0,15,4.0,1.0,21
12359,4.0,15,50,1,1,2,1,1,803.0,2.75,8.0,2.0,4.0,15,4.0,1.0,9
12360,4.0,18,50,1,1,2,1,1,803.0,4.4,8.0,2.0,4.0,15,4.0,1.0,82
12361,4.0,7,50,1,1,2,1,1,803.0,6.8,8.0,2.0,8.0,18,1.0,18.0,82
12362,4.0,0,50,1,1,1,1,1,801.0,96.2,7.0,2.0,8.0,18,9.0,11.0,38
12368,4.0,13,51,1,1,2,1,1,3019.0,9999.99,6.0,1.0,2.0,15,6.0,17.0,71
12369,4.0,18,51,1,1,2,1,1,3006.0,9999.99,6.0,1.0,3.0,15,3.0,7.0,21
12370,4.0,12,51,1,1,2,1,1,3002.0,9999.99,6.0,1.0,3.0,15,8.0,14.0,21
12371,4.0,16,51,1,1,2,1,1,3301.0,9999.99,6.0,1.0,8.0,7,1.0,10.0,21
12372,4.0,11,51,1,1,2,1,1,3002.0,9999.99,6.0,1.0,8.0,7,1.0,11.0,21
12375,4.0,8,51,1,1,2,1,1,3006.0,9999.99,6.0,1.0,3.0,15,8.0,6.0,32
12390,4.0,17,51,2,1,2,1,1,3307.0,9999.99,7.0,1.0,7.0,14,3.0,16.0,82
12392,4.0,22,51,1,1,1,1,1,3307.0,9999.99,6.0,1.0,3.0,15,7.0,6.0,21
12393,4.0,12,51,1,1,2,1,1,1.0,335.6,8.0,1.0,3.0,15,2.0,1.0,21
12395,4.0,18,51,1,1,2,1,1,1.0,333.0,8.0,1.0,3.0,15,5.0,4.0,21
12396,4.0,17,51,1,1,2,1,1,1.0,334.2,16.0,1.0,3.0,13,3.0,12.0,21
12399,4.0,17,51,1,2,2,1,1,3307.0,9999.99,6.0,1.0,2.0,10,4.0,1.0,21
12403,4.0,17,51,1,1,2,1,1,3002.0,9999.99,6.0,1.0,8.0,14,1.0,16.0,21
12404,4.0,8,51,1,1,2,1,1,3002.0,9999.99,6.0,1.0,3.0,15,3.0,6.0,21
12406,4.0,16,51,1,1,2,1,1,3006.0,9999.99,6.0,1.0,8.0,14,1.0,16.0,9
12407,4.0,17,51,1,1,2,1,1,9.0,5.6,16.0,2.0,8.0,14,1.0,16.0,4036
12408,4.0,17,51,1,1,2,1,1,3301.0,9999.99,6.0,1.0,8.0,14,1.0,16.0,21
12409,4.0,15,51,1,1,2,1,1,3019.0,9999.99,6.0,1.0,3.0,15,8.0,6.0,21
12410,4.0,18,51,1,1,2,1,1,3002.0,9999.99,6.0,1.0,2.0,15,6.0,1.0,409
12413,4.0,9,51,1,1,2,1,1,3002.0,9999.99,6.0,1.0,3.0,15,7.0,12.0,32
12414,4.0,16,51,1,1,2,1,1,3002.0,9999.99,6.0,1.0,3.0,15,8.0,6.0,21
12415,4.0,15,51,1,1,2,1,1,3301.0,9999.99,6.0,1.0,1.0,15,1.0,14.0,9
12416,4.0,13,51,1,1,2,1,1,9.0,5.2,8.0,1.0,5.0,15,1.0,10.0,9
12417,4.0,10,51,2,1,2,1,1,3002.0,9999.99,6.0,1.0,3.0,15,7.0,6.0,439
12419,4.0,18,6,1,1,2,1,1,3304.0,0.8,7.0,1.0,2.0,15,4.0,1.0,9
12420,4.0,10,50,1,1,2,1,1,3015.0,5.3,6.0,1.0,8.0,18,1.0,18.0,9
12422,4.0,14,71,1,1,2,1,1,3305.0,4.2,6.0,1.0,3.0,15,8.0,8.0,31
12431,4.0,17,72,1,1,2,1,1,315.0,5.2,9.0,2.0,2.0,15,4.0,1.0,9
12435,4.0,17,72,1,1,2,1,1,315.0,6.5,9.0,2.0,7.0,15,5.0,16.0,21
12436,4.0,16,72,1,1,2,1,1,315.0,6.0,8.0,2.0,3.0,13,2.0,4.0,9
12438,4.0,17,72,1,1,2,1,1,315.0,5.7,9.0,2.0,1.0,15,2.0,8.0,21
12439,4.0,18,72,1,1,2,1,1,315.0,4.3,8.0,1.0,3.0,15,6.0,1.0,9
12446,4.0,18,72,1,1,2,1,1,3011.0,12.0,6.0,1.0,3.0,15,4.0,1.0,21
12465,4.0,21,51,1,1,1,1,1,3004.0,9999.99,6.0,2.0,3.0,15,2.0,12.0,21
12466,4.0,18,51,1,1,2,1,1,9.0,5.0,7.0,1.0,2.0,15,4.0,1.0,3
12467,4.0,7,51,1,1,2,1,1,9.0,4.0,7.0,1.0,1.0,15,1.0,4.0,9
12468,4.0,17,51,1,1,2,1,1,3004.0,9999.99,7.0,1.0,8.0,14,1.0,16.0,9
12469,4.0,18,51,1,1,2,1,1,3000.0,9999.99,6.0,1.0,8.0,14,1.0,16.0,32
12470,4.0,18,51,1,1,2,1,1,9.0,4.0,7.0,1.0,3.0,15,3.0,2.0,32
12471,4.0,13,51,1,1,2,1,1,9.0,3.2,7.0,2.0,3.0,15,1.0,6.0,42
12472,4.0,16,51,1,1,2,1,1,9.0,3.5,7.0,2.0,2.0,15,4.0,9.0,3
12475,4.0,18,51,1,1,2,1,1,3004.0,9999.99,7.0,2.0,3.0,15,5.0,2.0,31
12476,4.0,18,51,1,1,2,1,1,9.0,3.9,7.0,2.0,3.0,15,7.0,1.0,409
12477,4.0,16,51,1,1,2,1,1,9.0,4.2,7.0,1.0,3.0,15,3.0,8.0,53
12478,4.0,16,51,1,1,2,1,1,9.0,3.6,7.0,2.0,3.0,15,1.0,16.0,9
12479,4.0,15,51,1,1,2,1,1,1.0,338.2,7.0,2.0,8.0,13,9.0,11.0,32
12480,4.0,15,51,1,1,2,1,1,3000.0,9999.99,6.0,1.0,3.0,15,8.0,2.0,53
12485,4.0,22,71,1,1,1,1,1,3024.0,9999.99,8.0,1.0,8.0,14,1.0,1.0,50
12486,4.0,17,72,1,1,2,1,1,3011.0,9999.99,2.0,1.0,3.0,15,2.0,2.0,9
12487,4.0,10,51,1,1,2,1,1,1.0,338.0,7.0,1.0,3.0,15,8.0,8.0,50
12488,4.0,18,51,1,1,2,1,1,1.0,339.0,7.0,1.0,2.0,15,4.0,1.0,38
12493,4.0,16,71,1,1,2,1,1,3336.0,9999.99,8.0,2.0,2.0,15,1.0,1.0,38
12496,4.0,12,71,1,1,2,1,1,3024.0,9999.99,8.0,1.0,8.0,18,7.0,11.0,50
12498,4.0,8,51,1,1,2,1,1,3004.0,9999.99,7.0,2.0,3.0,15,7.0,6.0,9
12500,4.0,23,38,1,1,1,1,1,1.0,1992.0,9.0,1.0,8.0,16,1.0,16.0,38
12502,4.0,20,10,1,1,1,1,1,1.0,465.3,7.0,1.0,1.0,15,1.0,14.0,9
12503,4.0,18,58,1,1,2,1,1,3445.0,10.0,5.0,1.0,8.0,13,9.0,10.0,53
12505,4.0,19,10,1,1,1,1,1,3443.0,4.0,5.0,1.0,8.0,13,9.0,11.0,38
12506,4.0,21,10,1,1,1,1,1,3427.0,16.0,7.0,1.0,1.0,15,1.0,14.0,9
12507,4.0,12,10,1,1,2,1,1,3422.0,9999.99,5.0,1.0,3.0,15,3.0,16.0,33
12508,4.0,22,58,1,1,1,1,1,1.0,533.4,7.0,1.0,2.0,15,6.0,1.0,38
12509,4.0,14,58,1,1,2,1,1,3430.0,23.0,6.0,1.0,2.0,15,4.0,1.0,21
12510,4.0,17,10,1,1,2,1,1,801.0,133.8,7.0,2.0,2.0,1,6.0,1.0,409
12511,4.0,18,10,1,1,2,1,1,801.0,126.9,7.0,2.0,8.0,13,9.0,11.0,21
12512,4.0,1,10,1,1,1,1,1,1.0,438.6,7.0,1.0,8.0,14,1.0,16.0,21
12513,4.0,12,10,1,1,2,1,1,316.0,7.2,5.0,1.0,3.0,15,8.0,14.0,21
12516,4.0,17,58,1,1,2,1,1,201.0,110.2,5.0,1.0,8.0,13,9.0,10.0,21
12518,4.0,15,58,1,1,2,1,1,3459.0,21.0,6.0,1.0,1.0,15,1.0,14.0,38
12519,4.0,13,10,1,1,2,1,1,3443.0,4.3,5.0,1.0,8.0,13,9.0,11.0,21
12520,4.0,17,10,1,1,2,1,1,3423.0,8.9,8.0,1.0,8.0,18,9.0,11.0,21
12521,4.0,11,10,1,1,2,1,1,3417.0,9999.99,5.0,1.0,3.0,15,8.0,14.0,21
12522,4.0,18,10,1,1,2,1,1,303.0,4.9,7.0,1.0,8.0,13,9.0,10.0,21
12523,4.0,22,10,1,1,1,1,1,1.0,405.2,7.0,1.0,1.0,15,1.0,14.0,439
12524,4.0,13,10,1,1,2,1,1,3427.0,13.2,7.0,1.0,3.0,15,7.0,6.0,21
12525,4.0,13,10,1,1,2,1,1,1.0,461.8,7.0,1.0,3.0,15,8.0,1.0,42
12526,4.0,12,10,1,1,2,1,1,1.0,467.8,7.0,1.0,5.0,15,8.0,14.0,36
12527,4.0,19,10,1,1,1,1,1,1.0,463.3,7.0,1.0,3.0,15,8.0,6.0,48
12528,4.0,15,10,1,1,2,1,1,3471.0,9999.99,5.0,1.0,3.0,15,7.0,6.0,86
12529,4.0,13,10,1,1,2,1,1,1.0,415.5,7.0,1.0,2.0,15,4.0,1.0,9
12530,4.0,23,10,1,1,1,1,1,1.0,412.6,7.0,1.0,2.0,15,4.0,1.0,9
12531,4.0,9,10,1,1,2,1,1,320.0,43.6,7.0,1.0,8.0,13,9.0,11.0,82
12532,4.0,15,10,1,1,2,1,1,3419.0,9999.99,5.0,1.0,8.0,14,2.0,16.0,82
12533,4.0,16,10,1,1,2,1,1,1.0,498.7,7.0,1.0,2.0,15,4.0,1.0,9
12534,4.0,12,10,1,1,2,1,1,3422.0,7.0,6.0,1.0,8.0,13,9.0,10.0,9
12535,4.0,1,10,1,1,1,1,1,1.0,494.0,7.0,1.0,8.0,14,2.0,16.0,53
12536,4.0,8,10,1,1,2,1,1,3419.0,9999.99,5.0,1.0,8.0,13,9.0,10.0,21
12537,4.0,16,10,1,1,2,1,1,1.0,503.0,6.0,2.0,8.0,14,1.0,16.0,9
12538,4.0,23,10,1,1,1,1,1,3424.0,9999.99,5.0,1.0,3.0,15,7.0,6.0,59
12541,4.0,22,10,1,1,1,1,1,801.0,163.9,7.0,2.0,8.0,16,9.0,18.0,3
12542,4.0,14,10,1,1,2,1,1,801.0,153.7,7.0,2.0,8.0,13,9.0,11.0,9
12543,4.0,16,10,1,1,2,1,1,801.0,164.0,7.0,2.0,8.0,13,9.0,11.0,409
12544,4.0,9,58,1,1,2,1,1,801.0,237.2,1.0,2.0,8.0,13,9.0,10.0,9
12545,4.0,7,10,1,1,2,1,1,801.0,189.3,7.0,2.0,8.0,13,9.0,11.0,3
12546,4.0,16,10,1,1,2,1,1,1.0,466.8,7.0,1.0,2.0,15,4.0,1.0,31
12547,4.0,15,10,1,1,2,1,1,1.0,461.1,7.0,1.0,3.0,15,8.0,14.0,9
12548,4.0,15,10,1,1,2,1,1,1.0,467.3,7.0,1.0,3.0,15,8.0,6.0,3
12550,4.0,18,10,1,1,2,1,1,1.0,462.9,7.0,1.0,8.0,14,1.0,16.0,99
12551,4.0,17,10,1,1,2,1,1,1.0,463.5,7.0,1.0,2.0,15,4.0,1.0,53
12552,4.0,10,10,1,1,2,1,1,1.0,482.3,7.0,1.0,8.0,13,9.0,10.0,9
12553,4.0,18,10,1,1,2,1,1,1.0,462.2,7.0,1.0,2.0,1,6.0,1.0,33
12554,4.0,19,10,1,1,1,1,1,1.0,477.9,7.0,1.0,3.0,15,7.0,7.0,99
12556,4.0,18,10,1,1,2,1,1,3403.0,9999.99,5.0,1.0,2.0,15,4.0,1.0,36
12557,4.0,14,10,1,1,2,1,1,1.0,461.2,7.0,1.0,3.0,15,7.0,12.0,36
12558,4.0,9,10,1,1,2,1,1,1.0,462.8,7.0,1.0,2.0,15,4.0,1.0,430
12559,4.0,12,10,1,1,2,1,1,1.0,461.1,7.0,1.0,4.0,15,4.0,1.0,36
12561,4.0,15,10,1,1,2,1,1,801.0,157.0,7.0,2.0,2.0,15,4.0,1.0,48
12562,4.0,14,10,1,1,2,1,1,801.0,169.0,7.0,2.0,8.0,13,9.0,11.0,82
12563,4.0,16,10,1,1,2,1,1,801.0,153.0,7.0,2.0,8.0,13,9.0,11.0,82
12568,4.0,19,10,1,1,1,1,1,301.0,7.1,6.0,2.0,8.0,13,9.0,10.0,9
12570,4.0,18,10,1,1,2,1,1,301.0,6.2,6.0,2.0,2.0,15,4.0,1.0,31
12572,4.0,10,10,1,1,2,1,1,301.0,2.3,6.0,2.0,2.0,15,4.0,1.0,9
12574,4.0,23,10,1,1,1,1,1,3423.0,7.2,8.0,1.0,3.0,15,8.0,12.0,42
12576,4.0,13,10,1,1,2,1,1,301.0,6.4,6.0,2.0,2.0,15,4.0,1.0,3
12578,4.0,12,10,1,1,2,1,1,301.0,4.4,6.0,2.0,3.0,1,8.0,9.0,430
12579,4.0,17,10,1,1,2,1,1,301.0,28.5,7.0,1.0,3.0,15,8.0,1.0,3
12581,4.0,17,10,1,1,2,1,1,3423.0,7.4,7.0,1.0,2.0,15,4.0,1.0,46
12583,4.0,0,10,1,1,1,1,1,1.0,445.1,6.0,2.0,3.0,15,7.0,1.0,82
12584,4.0,8,10,1,1,2,1,1,3427.0,9.2,7.0,1.0,3.0,15,7.0,6.0,31
12585,4.0,10,10,1,1,2,1,1,1.0,445.3,6.0,2.0,2.0,15,4.0,1.0,21
12586,4.0,11,10,1,1,2,1,1,1.0,448.0,6.0,2.0,2.0,15,4.0,1.0,9
12587,4.0,14,10,1,1,2,1,1,3449.0,8.0,5.0,1.0,8.0,14,2.0,16.0,3
12588,4.0,18,10,1,1,2,1,1,3449.0,4.8,5.0,1.0,3.0,15,8.0,1.0,9
12589,4.0,12,10,1,1,2,1,1,3427.0,12.0,7.0,1.0,3.0,15,8.0,6.0,32
12591,4.0,12,10,1,1,2,1,1,1.0,496.2,7.0,1.0,2.0,15,6.0,1.0,9
12592,4.0,12,10,1,1,2,1,1,316.0,28.4,6.0,1.0,3.0,15,8.0,12.0,46
12593,4.0,16,10,1,1,2,1,1,316.0,31.7,5.0,1.0,3.0,15,7.0,6.0,391
12596,4.0,14,10,1,1,2,1,1,3441.0,9999.99,5.0,1.0,1.0,15,1.0,14.0,36
12597,4.0,20,10,1,1,1,1,1,316.0,41.0,5.0,1.0,2.0,15,4.0,1.0,9
12598,4.0,12,10,1,1,2,1,1,1.0,424.0,7.0,1.0,3.0,15,8.0,6.0,92
12599,4.0,18,10,1,1,2,1,1,3400.0,4.0,5.0,1.0,8.0,14,1.0,16.0,9
12601,4.0,20,10,1,1,1,1,1,320.0,68.0,7.0,1.0,3.0,15,8.0,14.0,31
12602,4.0,10,10,1,1,2,1,1,1.0,432.1,7.0,1.0,3.0,15,8.0,14.0,9
12603,4.0,12,10,1,1,2,1,1,320.0,57.7,7.0,1.0,3.0,15,8.0,14.0,9
12604,4.0,12,10,1,1,2,1,1,1.0,438.5,7.0,1.0,8.0,15,9.0,14.0,36
12605,4.0,0,10,1,1,1,1,1,1.0,439.7,7.0,1.0,3.0,15,8.0,14.0,21
12606,4.0,14,10,1,1,2,1,1,1.0,424.2,7.0,1.0,8.0,14,1.0,16.0,71
12607,4.0,12,10,1,1,2,1,1,3406.0,9999.99,5.0,1.0,8.0,13,9.0,11.0,21
12611,4.0,12,10,1,1,2,1,1,301.0,7.2,6.0,2.0,2.0,15,4.0,1.0,9
12614,4.0,17,10,1,1,2,1,1,3410.0,7.7,6.0,1.0,8.0,13,9.0,11.0,21
12615,4.0,22,10,1,1,1,1,1,3410.0,9999.99,5.0,1.0,8.0,13,9.0,10.0,9
12619,4.0,22,10,1,1,1,1,1,301.0,3.5,6.0,2.0,2.0,15,6.0,1.0,46
12620,4.0,8,10,1,1,2,1,1,316.0,6.2,5.0,1.0,3.0,15,8.0,12.0,3
12621,4.0,23,10,1,1,1,1,1,301.0,4.6,6.0,2.0,3.0,15,8.0,1.0,36
12625,4.0,0,10,1,1,1,1,1,3423.0,3.2,8.0,1.0,2.0,15,4.0,1.0,46
12627,4.0,13,10,1,1,2,1,1,1.0,424.7,7.0,2.0,2.0,15,6.0,1.0,21
12628,4.0,19,10,1,1,1,1,1,3461.0,4.0,5.0,1.0,1.0,15,1.0,14.0,21
12629,4.0,12,58,1,1,2,1,1,7.0,24.6,8.0,1.0,3.0,15,8.0,6.0,21
12630,4.0,12,58,1,1,2,1,1,7.0,25.8,8.0,1.0,8.0,10,9.0,11.0,21
12631,4.0,6,58,1,1,2,1,1,3445.0,9999.99,6.0,1.0,8.0,13,9.0,11.0,21
12632,4.0,4,58,1,1,1,1,1,202.0,120.5,7.0,1.0,2.0,15,6.0,1.0,21
12634,4.0,12,58,1,1,2,1,1,3459.0,9999.99,6.0,1.0,8.0,14,1.0,16.0,31
12635,4.0,15,58,1,1,2,1,1,3459.0,9999.99,6.0,1.0,8.0,13,9.0,11.0,33
12636,4.0,16,58,1,1,2,1,1,3459.0,9999.99,6.0,1.0,8.0,14,2.0,16.0,9
12637,4.0,12,58,1,1,2,1,1,202.0,59.8,7.0,1.0,8.0,14,2.0,16.0,9
12638,4.0,14,58,1,1,2,1,1,202.0,67.1,7.0,1.0,3.0,15,7.0,1.0,31
12639,4.0,22,58,1,1,1,1,1,1.0,528.6,7.0,1.0,3.0,15,8.0,14.0,31
12641,4.0,14,58,1,1,2,1,1,301.0,70.5,7.0,1.0,3.0,15,8.0,1.0,3
12644,4.0,16,58,1,1,2,1,1,202.0,46.0,7.0,1.0,8.0,14,2.0,16.0,21
12646,4.0,9,58,3,1,2,1,1,3440.0,9999.99,5.0,1.0,3.0,15,8.0,18.0,59
12647,4.0,20,58,1,1,1,1,1,9999.0,9999.99,6.0,1.0,3.0,15,8.0,1.0,9
12648,4.0,19,58,1,1,1,1,1,201.0,103.3,6.0,1.0,3.0,15,8.0,14.0,439
12649,4.0,17,58,1,1,2,1,1,201.0,106.0,5.0,1.0,1.0,15,1.0,14.0,32
12650,4.0,10,58,1,1,2,1,1,3459.0,9999.99,5.0,1.0,8.0,14,2.0,16.0,9
12651,4.0,9,10,1,1,2,1,1,303.0,94.0,7.0,1.0,8.0,13,9.0,11.0,36
12652,4.0,19,58,1,1,1,1,1,3436.0,1.0,6.0,1.0,3.0,15,8.0,14.0,9
12655,4.0,21,58,1,1,1,1,1,7.0,39.2,8.0,1.0,2.0,15,6.0,1.0,2024-08-31 00:00:00
12656,4.0,10,10,1,1,2,1,1,801.0,146.9,1.0,2.0,8.0,13,9.0,11.0,9
12657,4.0,16,10,1,1,2,1,1,801.0,133.2,7.0,2.0,3.0,15,8.0,1.0,9
12658,4.0,12,10,1,1,2,1,1,3416.0,9999.99,6.0,1.0,8.0,14,2.0,16.0,48
12659,4.0,13,10,1,1,2,1,1,316.0,45.0,6.0,1.0,8.0,14,2.0,16.0,46
12661,4.0,4,10,1,1,1,1,1,202.0,134.0,7.0,1.0,2.0,15,6.0,1.0,9
12663,4.0,8,10,1,1,2,1,1,3400.0,3.3,5.0,1.0,8.0,14,2.0,16.0,31
12664,4.0,1,10,1,1,1,1,1,3404.0,1.0,5.0,1.0,2.0,15,4.0,1.0,9
12665,4.0,22,10,1,1,1,1,1,320.0,59.8,7.0,1.0,8.0,14,1.0,16.0,33
12666,4.0,17,13,1,1,2,1,1,10.0,729.0,15.0,1.0,8.0,5,1.0,1.0,82
12667,4.0,16,53,1,1,2,1,1,13.0,494.5,7.0,1.0,7.0,15,1.0,1.0,31
12670,4.0,14,53,1,1,2,1,1,9999.0,177.2,7.0,1.0,1.0,15,1.0,4.0,9
12672,4.0,20,53,1,1,1,1,1,7319.0,9999.99,5.0,1.0,2.0,15,1.0,21.0,31
12681,4.0,9,53,1,1,2,1,1,708.0,40.9,7.0,1.0,8.0,10,1.0,11.0,9
12682,4.0,22,13,1,1,1,1,1,10.0,647.8,7.0,1.0,3.0,15,2.0,1.0,9
12683,4.0,22,13,1,1,1,1,1,10.0,647.8,6.0,1.0,3.0,15,5.0,4.0,38
12685,4.0,17,13,1,1,2,1,1,10.0,742.0,6.0,1.0,1.0,15,1.0,2.0,3
12687,4.0,8,53,1,1,2,1,1,13.0,432.0,6.0,1.0,8.0,13,9.0,1.0,31
12688,4.0,16,53,1,1,2,1,1,13.0,430.2,6.0,1.0,8.0,13,9.0,16.0,21
12689,4.0,14,53,1,1,2,1,1,13.0,438.6,6.0,1.0,8.0,10,9.0,10.0,9
12690,4.0,7,53,1,1,2,1,1,13.0,438.93,6.0,1.0,7.0,5,2.0,11.0,341
12693,4.0,22,13,1,1,1,1,1,13.0,609.0,14.0,1.0,8.0,18,3.0,1.0,48
12695,4.0,9,13,1,1,2,1,1,7107.0,9999.99,6.0,1.0,3.0,15,6.0,1.0,31
12697,4.0,11,13,1,1,2,1,1,10.0,560.2,17.0,1.0,7.0,15,2.0,13.0,3
12698,4.0,21,13,1,1,1,1,1,10.0,558.4,17.0,1.0,7.0,15,8.0,16.0,9
12699,4.0,22,13,1,1,1,1,1,10.0,558.4,17.0,1.0,7.0,15,7.0,1.0,48
12700,4.0,20,12,1,1,1,1,1,1.0,755.85,6.0,1.0,8.0,14,3.0,1.0,9
12701,4.0,0,12,1,1,1,1,1,1.0,752.93,6.0,1.0,8.0,16,3.0,1.0,9
12702,4.0,11,12,1,2,2,2,1,1.0,690.4,6.0,1.0,7.0,15,3.0,4.0,21
12703,4.0,6,12,1,1,2,1,1,301.0,247.15,6.0,1.0,3.0,14,1.0,1.0,9
12704,4.0,20,41,1,1,1,1,1,9999.0,39.1,13.0,1.0,3.0,14,1.0,16.0,9
12705,4.0,17,12,1,1,2,1,1,2215.0,10.0,4.0,1.0,7.0,15,3.0,2.0,21
12706,4.0,12,12,1,1,2,1,1,1.0,720.5,8.0,1.0,8.0,14,1.0,16.0,9
12708,4.0,13,12,1,1,2,1,1,2234.0,9999.99,4.0,1.0,1.0,15,1.0,4.0,31
12709,4.0,22,12,1,1,1,1,1,1.0,637.0,6.0,1.0,2.0,15,1.0,1.0,21
12711,4.0,14,12,1,1,2,1,1,2221.0,7.2,8.0,1.0,3.0,14,1.0,16.0,3
12712,4.0,14,12,1,1,2,1,1,9999.0,9999.99,12.0,1.0,3.0,15,1.0,1.0,342
12713,4.0,13,12,1,1,2,1,1,2208.0,9999.99,4.0,1.0,8.0,18,1.0,1.0,82
12714,4.0,7,41,1,1,2,1,1,8.0,27.7,7.0,1.0,3.0,15,1.0,1.0,391
12716,4.0,16,12,1,1,2,1,1,1.0,648.35,6.0,1.0,8.0,3,2.0,1.0,46
12717,4.0,13,12,1,1,2,1,1,1.0,740.7,6.0,1.0,7.0,13,9.0,1.0,38
12718,4.0,11,12,1,1,2,1,1,1.0,757.85,6.0,1.0,8.0,13,9.0,1.0,9
12721,4.0,16,42,1,1,2,1,1,503.0,9999.99,7.0,2.0,3.0,15,9.0,1.0,9
12722,4.0,22,42,1,1,1,1,1,8.0,713.4,8.0,1.0,7.0,15,3.0,4.0,21
12723,4.0,18,14,1,1,2,1,1,802.0,9999.99,7.0,2.0,1.0,15,1.0,4.0,341
12724,4.0,22,66,1,1,1,1,1,5005.0,4.6,5.0,1.0,1.0,15,1.0,4.0,38
12725,4.0,17,7,1,1,2,1,1,503.0,100.3,6.0,1.0,3.0,15,8.0,1.0,46
12726,4.0,23,7,1,1,1,1,1,7235.0,25.4,5.0,1.0,8.0,13,9.0,11.0,9
12728,4.0,22,35,1,1,1,1,1,5307.0,15.0,5.0,1.0,8.0,13,9.0,11.0,9
12729,4.0,6,42,1,1,2,1,1,6.0,245.2,8.0,1.0,8.0,13,9.0,10.0,9
12730,4.0,11,42,1,1,2,1,1,8.0,710.3,7.0,1.0,7.0,15,8.0,4.0,9
12733,4.0,16,14,1,1,2,1,1,5043.0,8.9,6.0,1.0,8.0,14,1.0,16.0,9
12734,4.0,17,14,1,1,2,1,1,802.0,196.9,7.0,2.0,2.0,15,4.0,1.0,21
12735,4.0,16,42,1,1,2,1,1,802.0,230.3,7.0,2.0,2.0,15,4.0,1.0,3
12739,4.0,15,35,1,1,2,1,1,5309.0,7.0,5.0,1.0,8.0,13,9.0,10.0,9
12741,4.0,14,7,1,1,2,1,1,15.0,252.96,7.0,1.0,8.0,13,9.0,10.0,9
12743,4.0,21,7,1,1,1,1,1,7235.0,23.6,6.0,1.0,8.0,13,9.0,10.0,36
12744,4.0,15,7,1,1,2,1,1,5108.0,2.3,5.0,1.0,8.0,13,9.0,11.0,46
12745,4.0,17,66,1,1,2,1,1,5003.0,7.8,5.0,1.0,8.0,13,9.0,11.0,82
12746,4.0,17,35,1,1,2,1,1,8.0,804.2,8.0,1.0,7.0,15,8.0,1.0,9
12747,4.0,20,35,1,1,1,1,1,5318.0,1.3,5.0,1.0,2.0,15,4.0,1.0,31
12748,4.0,17,35,1,1,2,1,1,5312.0,3.15,5.0,1.0,7.0,15,8.0,4.0,9
12749,4.0,20,35,1,1,1,1,1,8.0,796.9,6.0,1.0,7.0,15,8.0,4.0,33
12751,4.0,16,35,1,1,2,1,1,510.0,15.2,6.0,1.0,7.0,15,8.0,4.0,31
12754,4.0,10,42,1,1,2,1,1,503.0,36.0,7.0,1.0,8.0,13,9.0,11.0,9