NUM_ACC,MOIS_ACC,HEU_ACC,COD_PRV,COD_ETA_CHA,COD_ETA_SUR,COD_LUM,COD_INT,TYP_LIE_ACC,NUM_ROU,PKM,LAR_CHA,COD_TYP_CHA,COD_TYP_COL,COD_OBS_HRT,COD_POI_CHO,COD_MAN,CIR_ACC
12755,4.0,18,42,1,1,2,1,1,8.0,714.0,8.0,2.0,3.0,15,7.0,1.0,46
12759,4.0,9,42,1,1,2,1,1,6.0,221.8,8.0,1.0,8.0,13,9.0,10.0,9
12761,4.0,6,42,1,1,2,1,1,6.0,226.5,8.0,1.0,7.0,15,8.0,1.0,342
12766,4.0,15,66,1,1,2,1,1,8.0,748.3,8.0,1.0,7.0,15,8.0,4.0,9
12768,4.0,14,66,1,1,2,1,1,5002.0,14.9,5.0,1.0,7.0,15,8.0,7.0,3
12769,4.0,16,66,1,1,2,1,1,5005.0,2.9,5.0,1.0,7.0,15,8.0,4.0,9
12770,4.0,14,66,1,1,2,1,1,5002.0,40.1,6.0,1.0,8.0,13,9.0,10.0,9
12775,4.0,19,14,1,1,1,1,1,802.0,172.2,7.0,2.0,8.0,13,9.0,11.0,82
12777,4.0,6,66,1,1,2,1,1,716.0,41.1,6.0,1.0,7.0,15,7.0,6.0,21
12779,4.0,20,66,1,1,1,1,1,716.0,48.9,6.0,1.0,7.0,15,9.0,6.0,9
12780,4.0,19,7,1,1,1,1,1,15.0,264.8,7.0,1.0,7.0,15,1.0,6.0,21
12781,4.0,19,7,1,1,1,1,1,15.0,279.8,7.0,1.0,8.0,13,9.0,11.0,21
12787,4.0,21,14,1,1,1,1,1,8.0,724.1,11.0,2.0,8.0,14,1.0,16.0,21
12789,4.0,16,14,1,1,2,1,1,8.0,723.0,11.0,2.0,5.0,15,7.0,1.0,82
12792,4.0,18,14,1,1,2,1,1,8.0,724.0,11.0,2.0,2.0,15,4.0,1.0,21
12794,4.0,17,14,1,1,2,1,1,6.0,214.2,10.0,1.0,7.0,15,3.0,2.0,9
12795,4.0,2,14,1,1,1,1,1,6.0,205.8,10.0,1.0,8.0,18,9.0,1.0,31
12796,4.0,8,66,1,1,2,1,1,5006.0,17.9,9.0,1.0,7.0,15,3.0,2.0,21
12797,4.0,12,14,1,1,2,1,1,9999.0,9999.99,8.0,1.0,7.0,15,9.0,6.0,21
12798,4.0,14,35,1,1,2,1,1,506.0,9999.99,6.0,1.0,8.0,13,9.0,10.0,21
12801,4.0,20,32,1,1,1,1,1,1.0,1089.1,7.0,1.0,8.0,2,9.0,11.0,88
12802,4.0,13,31,1,1,2,1,1,1.0,1214.0,7.0,1.0,7.0,15,1.0,2.0,21
12803,4.0,13,31,1,1,2,1,1,1.0,1220.4,7.0,1.0,8.0,18,9.0,1.0,21
12804,4.0,16,59,1,1,2,1,1,9999.0,13.0,7.0,1.0,1.0,15,9.0,4.0,9
12805,4.0,19,59,1,1,1,1,1,1.0,1013.0,6.0,1.0,7.0,18,9.0,16.0,46
12806,4.0,17,32,1,1,2,1,1,9999.0,108.5,5.0,1.0,8.0,18,9.0,10.0,9
12807,4.0,19,32,1,1,1,1,1,1307.0,3.6,6.0,1.0,7.0,12,8.0,19.0,21
12808,4.0,15,59,1,1,2,1,1,9999.0,35.2,6.0,1.0,8.0,13,9.0,10.0,9
12809,4.0,13,59,1,1,2,1,1,1.0,999.2,6.0,1.0,8.0,13,9.0,11.0,9
12810,4.0,20,59,1,1,1,1,1,1916.0,61.2,5.0,1.0,8.0,13,9.0,10.0,9
12811,4.0,17,59,1,1,2,1,1,1901.0,6.0,5.0,1.0,8.0,13,9.0,12.0,31
12813,4.0,13,32,1,1,2,1,1,1300.0,10.5,6.0,1.0,8.0,14,1.0,18.0,9
12814,4.0,18,32,1,1,2,1,1,1300.0,7.2,6.0,1.0,3.0,15,2.0,18.0,82
12816,4.0,17,32,1,1,2,1,1,102.0,15.0,5.0,1.0,8.0,18,9.0,9.0,21
12817,4.0,9,32,1,1,2,1,1,1.0,1068.8,6.0,1.0,8.0,18,9.0,10.0,48
12818,4.0,17,31,1,1,2,1,1,1.0,1266.2,7.0,1.0,8.0,18,9.0,1.0,9
12819,4.0,5,31,1,1,1,1,1,1.0,1250.0,7.0,1.0,8.0,18,9.0,1.0,21
12820,4.0,12,16,1,1,2,1,1,1.0,211.6,7.0,1.0,8.0,15,1.0,4.0,46
12821,4.0,16,16,1,1,2,1,1,411.0,9999.99,6.0,1.0,8.0,13,9.0,11.0,53
12822,4.0,10,16,1,1,2,1,1,4266.0,9999.99,6.0,1.0,8.0,14,7.0,16.0,3
12823,4.0,6,16,1,1,2,1,1,805.0,188.3,7.0,1.0,8.0,18,7.0,11.0,9
12824,4.0,12,16,1,1,2,1,1,805.0,202.8,7.0,1.0,8.0,13,9.0,11.0,9
12825,4.0,10,16,2,1,2,1,1,4214.0,9999.99,6.0,1.0,8.0,14,1.0,16.0,31
12826,4.0,17,16,1,1,2,1,1,406.0,14.0,7.0,1.0,1.0,15,1.0,4.0,31
12827,4.0,20,16,1,1,1,1,1,1.0,151.4,7.0,1.0,3.0,15,5.0,1.0,31
12828,4.0,6,16,1,1,2,1,1,805.0,144.5,8.0,2.0,8.0,18,3.0,10.0,21
12829,4.0,19,16,1,1,1,1,1,4201.0,9999.99,6.0,1.0,3.0,15,4.0,1.0,9
12830,4.0,19,16,1,1,1,1,1,4266.0,9999.99,6.0,1.0,3.0,15,8.0,4.0,32
12831,4.0,12,16,1,1,2,1,1,1.0,239.0,10.0,1.0,3.0,15,6.0,1.0,9
12833,4.0,16,16,1,1,2,1,1,1.0,244.2,10.0,1.0,3.0,14,4.0,21.0,31
12834,4.0,18,16,1,1,2,1,1,1.0,243.8,10.0,1.0,8.0,14,7.0,16.0,9
12835,4.0,20,16,1,1,1,1,1,4266.0,9999.99,6.0,1.0,3.0,15,8.0,1.0,409
12836,4.0,16,16,1,1,2,1,1,1.0,243.6,10.0,1.0,2.0,15,4.0,1.0,9
12837,4.0,18,16,1,1,2,1,1,4266.0,8.6,6.0,1.0,8.0,15,8.0,4.0,82
12838,4.0,18,16,1,1,2,1,1,1.0,244.0,10.0,1.0,2.0,15,6.0,1.0,3
12839,4.0,18,16,1,1,2,1,1,1.0,242.8,10.0,1.0,8.0,14,8.0,16.0,21
12840,4.0,18,16,1,1,2,1,1,1.0,245.3,10.0,1.0,8.0,13,7.0,11.0,38
12841,4.0,13,16,1,1,2,1,1,1.0,244.0,10.0,1.0,3.0,15,8.0,21.0,9
12843,4.0,12,16,1,1,2,1,1,4234.0,9999.99,6.0,1.0,3.0,15,7.0,1.0,9
12844,4.0,17,16,1,1,2,1,1,4205.0,9999.99,6.0,1.0,8.0,14,7.0,16.0,3
12845,4.0,12,16,1,1,2,1,1,4201.0,9999.99,6.0,1.0,3.0,15,8.0,4.0,50
12846,4.0,21,16,1,1,1,1,1,4201.0,9999.99,6.0,1.0,8.0,13,7.0,11.0,9
12847,4.0,15,16,1,1,2,1,1,1.0,222.3,7.0,1.0,8.0,15,1.0,4.0,31
12848,4.0,14,16,1,1,2,1,1,405.0,10.8,6.0,1.0,2.0,15,1.0,1.0,82
12850,4.0,20,16,1,1,1,1,1,1.0,218.4,7.0,1.0,8.0,15,1.0,4.0,3
12851,4.0,15,16,1,1,2,1,1,4.0,8.8,7.0,2.0,2.0,15,1.0,1.0,31
12852,4.0,18,16,1,1,2,1,1,1.0,216.1,7.0,1.0,2.0,15,1.0,1.0,88
12853,4.0,8,16,1,1,2,1,1,805.0,181.4,7.0,1.0,8.0,13,7.0,11.0,38
12854,4.0,5,16,1,1,1,1,1,805.0,216.2,7.0,1.0,8.0,13,9.0,11.0,9
12855,4.0,8,16,1,1,2,1,1,805.0,213.5,7.0,1.0,8.0,13,9.0,11.0,9
12856,4.0,17,16,1,1,2,1,1,805.0,190.1,7.0,1.0,2.0,13,9.0,10.0,9
12857,4.0,17,16,1,1,2,1,1,805.0,182.5,7.0,1.0,8.0,13,9.0,10.0,46
12858,4.0,12,16,1,1,2,1,1,4201.0,9999.99,6.0,1.0,8.0,13,7.0,11.0,9
12859,4.0,18,16,1,1,2,1,1,4201.0,9999.99,6.0,1.0,3.0,15,8.0,4.0,3
12860,4.0,17,16,1,1,2,1,1,4268.0,9999.99,6.0,1.0,1.0,15,1.0,4.0,3
12862,4.0,14,16,1,1,2,1,1,4201.0,9999.99,6.0,1.0,8.0,14,7.0,16.0,38
12864,4.0,23,16,1,1,1,1,1,411.0,9999.99,6.0,1.0,8.0,15,7.0,16.0,21
12866,4.0,14,16,1,1,2,1,1,805.0,247.8,7.0,1.0,8.0,13,9.0,10.0,3
12867,4.0,15,16,1,1,2,1,1,805.0,249.06,7.0,1.0,8.0,13,7.0,11.0,31
12868,4.0,7,16,1,1,2,1,1,805.0,243.08,7.0,1.0,8.0,13,7.0,11.0,436
12869,4.0,16,16,1,1,2,1,1,805.0,242.2,7.0,1.0,3.0,15,7.0,1.0,21
12870,4.0,13,16,1,1,2,1,1,805.0,9999.99,7.0,1.0,8.0,13,9.0,11.0,38
12872,4.0,16,16,1,1,2,1,1,1.0,203.0,9.0,1.0,1.0,15,8.0,4.0,3
12874,4.0,18,16,1,1,2,1,1,1.0,183.0,9.0,1.0,1.0,15,5.0,4.0,33
12876,4.0,9,16,1,1,2,1,1,805.0,142.6,7.0,2.0,8.0,18,2.0,11.0,21
12877,4.0,9,16,1,1,2,1,1,805.0,167.5,7.0,2.0,8.0,18,3.0,10.0,3
12878,4.0,13,16,1,1,2,1,1,805.0,169.7,7.0,2.0,8.0,18,2.0,11.0,9
12879,4.0,13,16,2,1,2,1,1,4217.0,9999.99,6.0,1.0,8.0,18,2.0,11.0,9
12880,4.0,17,16,1,1,2,1,1,406.0,22.0,7.0,1.0,3.0,15,5.0,1.0,82
12882,4.0,16,16,2,1,2,1,1,4217.0,9999.99,6.0,1.0,3.0,15,4.0,1.0,9
12884,4.0,6,16,2,1,2,1,1,4201.0,9999.99,6.0,1.0,8.0,14,1.0,16.0,38
12886,4.0,19,16,2,1,1,1,1,4201.0,9999.99,6.0,1.0,3.0,15,5.0,1.0,31
12889,4.0,1,16,2,1,1,1,1,4214.0,9999.99,6.0,1.0,3.0,15,2.0,4.0,9
12892,4.0,7,16,2,1,2,1,1,4217.0,9999.99,6.0,1.0,3.0,15,2.0,1.0,21
12893,4.0,18,16,1,1,2,1,1,406.0,26.0,7.0,1.0,2.0,14,1.0,16.0,33
12895,4.0,12,16,2,1,2,1,1,4206.0,9999.99,6.0,1.0,8.0,14,1.0,16.0,341
12898,4.0,18,16,2,1,2,1,1,4232.0,9999.99,6.0,1.0,2.0,15,4.0,1.0,31
12899,4.0,18,16,1,1,2,1,1,408.0,1.0,7.0,1.0,8.0,15,3.0,18.0,9
12900,4.0,6,16,1,1,2,1,1,406.0,12.0,7.0,1.0,3.0,15,2.0,4.0,33
12901,4.0,3,16,2,1,1,1,1,4228.0,9999.99,6.0,1.0,8.0,18,3.0,10.0,9
12902,4.0,0,16,1,1,1,1,1,1.0,160.8,7.0,1.0,8.0,18,2.0,11.0,9
12903,4.0,13,16,1,1,2,1,1,1.0,157.1,7.0,1.0,8.0,18,3.0,10.0,3
12904,4.0,17,16,1,1,2,1,1,1.0,171.6,7.0,1.0,3.0,15,5.0,1.0,42
12905,4.0,1,18,1,1,1,1,1,6.0,47.0,6.0,1.0,1.0,15,1.0,2.0,3
12906,4.0,14,18,1,1,2,1,1,9999.0,59.4,6.0,1.0,8.0,14,1.0,16.0,21
12907,4.0,0,18,1,1,1,1,1,404.0,13.2,6.0,1.0,8.0,13,9.0,1.0,46
12908,4.0,2,18,1,1,1,1,1,4301.0,24.0,6.0,1.0,8.0,16,1.0,16.0,9
12909,4.0,14,18,1,1,2,1,1,7300.0,33.4,6.0,1.0,8.0,13,9.0,11.0,9
12910,4.0,20,18,1,1,1,1,1,6.0,55.4,6.0,1.0,2.0,15,1.0,1.0,439
12912,4.0,20,18,1,1,1,1,1,411.0,120.4,6.0,1.0,8.0,13,9.0,11.0,9
12913,4.0,14,18,1,1,2,1,1,4303.0,8.1,6.0,1.0,8.0,14,1.0,16.0,9
12914,4.0,9,18,1,1,2,1,1,411.0,94.5,6.0,1.0,3.0,15,1.0,2.0,3
12915,4.0,13,18,1,1,2,1,1,411.0,85.4,6.0,1.0,8.0,13,1.0,11.0,9
12916,4.0,17,18,1,1,2,1,1,411.0,101.1,6.0,1.0,2.0,15,1.0,1.0,9
12917,4.0,17,18,1,1,2,1,1,802.0,56.0,7.0,2.0,8.0,13,1.0,11.0,9
12918,4.0,16,18,1,1,2,1,1,802.0,45.5,7.0,2.0,8.0,13,9.0,11.0,33
12919,4.0,13,18,1,1,2,1,1,802.0,55.2,7.0,2.0,8.0,13,9.0,11.0,32
12920,4.0,11,18,1,1,2,1,1,802.0,55.2,7.0,2.0,8.0,13,1.0,11.0,3
12921,4.0,14,18,1,1,2,1,1,802.0,48.5,7.0,2.0,8.0,13,1.0,5.0,33
12922,4.0,10,18,1,1,2,1,1,4302.0,9999.99,6.0,1.0,8.0,14,1.0,16.0,9
12923,4.0,23,18,1,1,1,1,1,6.0,97.1,6.0,1.0,8.0,13,1.0,11.0,21
12924,4.0,18,18,1,1,2,1,1,6.0,93.7,6.0,1.0,8.0,13,1.0,10.0,21
12925,4.0,15,18,1,1,2,1,1,4301.0,66.0,6.0,1.0,8.0,13,1.0,10.0,32
12929,4.0,12,18,1,1,2,1,1,6.0,66.8,6.0,1.0,2.0,15,1.0,21.0,42
12931,4.0,18,18,1,1,2,1,1,6.0,9999.99,7.0,2.0,8.0,2,1.0,11.0,3
12932,4.0,13,18,1,1,2,1,1,802.0,39.3,7.0,2.0,8.0,13,9.0,5.0,9
12933,4.0,16,18,1,1,2,1,1,802.0,22.5,7.0,2.0,8.0,2,1.0,5.0,9
12934,4.0,19,18,1,1,1,1,1,9999.0,20.2,7.0,2.0,4.0,15,1.0,1.0,3
12936,4.0,14,18,1,1,2,1,1,404.0,24.0,6.0,1.0,2.0,15,1.0,1.0,3
12937,4.0,16,18,1,1,2,1,1,4316.0,13.0,6.0,1.0,3.0,15,1.0,2.0,21
12938,4.0,9,18,1,1,2,1,1,802.0,84.5,7.0,1.0,4.0,15,1.0,1.0,38
12939,4.0,10,18,1,1,2,1,1,802.0,84.5,7.0,1.0,8.0,13,9.0,1.0,9
12940,4.0,17,18,1,1,2,1,1,404.0,12.8,6.0,1.0,8.0,13,9.0,1.0,3
12941,4.0,18,18,2,1,2,1,1,4329.0,9999.99,4.0,1.0,8.0,13,1.0,1.0,42
12942,4.0,20,18,1,1,1,1,1,6.0,31.9,6.0,1.0,8.0,13,9.0,11.0,9
12944,4.0,17,18,1,1,2,1,1,6.0,27.6,6.0,1.0,3.0,15,7.0,1.0,9
12946,4.0,16,18,1,1,2,1,1,6.0,26.8,6.0,1.0,3.0,15,1.0,1.0,21
12949,4.0,19,18,1,1,1,1,1,6.0,47.9,6.0,1.0,3.0,15,1.0,1.0,42
12950,4.0,22,18,1,1,1,1,1,6.0,32.0,6.0,1.0,8.0,13,9.0,11.0,82
12951,4.0,23,18,1,1,1,1,1,6.0,37.6,6.0,1.0,3.0,15,1.0,2.0,3
12962,4.0,18,19,1,1,2,1,1,8.0,585.2,6.0,1.0,8.0,18,9.0,12.0,46
12963,4.0,11,19,1,1,2,1,1,8.0,555.8,6.0,1.0,8.0,18,8.0,8.0,21
12965,4.0,18,23,1,1,2,1,1,701.0,1.1,4.0,1.0,8.0,14,1.0,16.0,3
12966,4.0,17,18,1,1,2,1,1,7300.0,33.2,5.0,1.0,8.0,13,9.0,11.0,40
12968,4.0,13,19,1,1,2,1,1,710.0,34.5,7.0,1.0,8.0,14,1.0,16.0,48
12969,4.0,11,20,1,1,2,1,1,3508.0,17.0,5.0,1.0,8.0,14,1.0,16.0,9
12971,4.0,16,20,2,1,2,1,1,3513.0,9999.99,6.0,1.0,2.0,15,4.0,1.0,9
12972,4.0,14,20,1,1,2,1,1,9999.0,104.0,7.0,1.0,1.0,15,1.0,4.0,32
12974,4.0,18,20,1,1,2,1,1,3533.0,9999.99,4.0,1.0,8.0,18,1.0,1.0,9
12975,4.0,7,20,1,1,2,1,1,3533.0,34.1,5.0,1.0,8.0,18,1.0,1.0,3
12976,4.0,18,20,1,1,2,1,1,9999.0,140.9,8.0,1.0,3.0,15,4.0,1.0,9
12977,4.0,23,20,1,1,1,1,1,3514.0,2.0,7.0,1.0,3.0,15,2.0,4.0,9
12978,4.0,19,20,1,1,1,1,1,9999.0,144.8,8.0,1.0,3.0,15,3.0,1.0,9
12979,4.0,14,20,1,1,2,1,1,9999.0,112.4,6.0,1.0,8.0,15,1.0,1.0,82
12980,4.0,23,20,1,1,1,1,1,9999.0,159.2,7.0,1.0,8.0,14,1.0,4.0,21
12981,4.0,12,20,1,1,2,1,1,9999.0,156.4,7.0,1.0,3.0,15,8.0,6.0,33
12982,4.0,18,20,1,1,2,1,1,9999.0,162.5,7.0,1.0,8.0,18,1.0,1.0,9
12983,4.0,18,20,1,1,2,1,1,9999.0,131.5,6.0,1.0,3.0,15,6.0,8.0,21
12984,4.0,12,20,1,1,2,1,1,9999.0,129.5,7.0,1.0,7.0,6,1.0,12.0,9
12986,4.0,13,20,1,1,2,1,1,9999.0,14.5,6.0,1.0,8.0,13,7.0,11.0,9
12987,4.0,15,20,1,1,2,1,1,3533.0,9999.99,5.0,1.0,8.0,5,2.0,11.0,9
12988,4.0,10,20,1,1,2,1,1,3533.0,8.0,5.0,1.0,8.0,18,1.0,1.0,32
12989,4.0,16,20,1,1,2,1,1,311.0,9999.99,5.0,1.0,2.0,15,1.0,1.0,9
12990,4.0,15,20,1,1,2,1,1,3509.0,9999.99,5.0,1.0,3.0,15,8.0,4.0,9
12993,4.0,10,20,1,1,2,1,1,804.0,73.75,7.0,1.0,8.0,13,9.0,1.0,31
12994,4.0,13,20,1,1,2,1,1,804.0,9999.99,7.0,1.0,2.0,15,4.0,1.0,82
12995,4.0,15,20,1,1,2,1,1,9999.0,86.05,8.0,1.0,3.0,15,6.0,1.0,9
13001,4.0,13,20,2,1,2,1,1,403.0,120.6,6.0,1.0,3.0,15,3.0,4.0,82
13008,4.0,13,8,1,1,2,1,1,1.0,1687.0,6.0,1.0,8.0,18,9.0,1.0,9
13010,4.0,0,62,1,1,1,1,1,1.0,1324.0,10.0,1.0,8.0,14,2.0,1.0,33
13011,4.0,4,21,1,1,1,1,1,1.0,1524.3,6.0,1.0,3.0,15,6.0,1.0,31
13014,4.0,22,29,1,1,1,1,1,14.0,337.3,6.0,1.0,8.0,13,9.0,10.0,32
13015,4.0,0,62,1,1,1,1,1,1.0,1338.0,8.0,1.0,8.0,18,2.0,1.0,9
13016,4.0,11,62,1,1,2,1,1,1.0,1353.0,8.0,1.0,8.0,18,2.0,1.0,9
13018,4.0,15,8,1,1,2,1,1,1.0,1658.2,6.0,1.0,8.0,18,9.0,1.0,9
13019,4.0,20,62,1,1,1,1,1,1.0,1392.0,8.0,1.0,8.0,18,2.0,1.0,9
13021,4.0,23,62,1,1,1,1,1,1.0,1392.0,8.0,1.0,8.0,18,2.0,1.0,9
13022,4.0,14,62,1,1,2,1,1,1.0,1381.4,8.0,1.0,8.0,18,3.0,1.0,31
13023,4.0,12,23,1,1,2,1,1,802.0,143.8,9.0,2.0,1.0,15,1.0,4.0,33
13024,4.0,12,23,1,1,2,1,1,802.0,156.5,9.0,2.0,8.0,14,1.0,16.0,341
13029,4.0,12,23,1,1,2,1,1,13.0,212.0,8.0,1.0,5.0,15,9.0,4.0,9
13030,4.0,16,39,1,1,2,1,1,13.0,270.5,7.0,1.0,7.0,15,8.0,18.0,31
13031,4.0,14,23,1,1,2,1,1,7048.0,18.8,10.0,1.0,8.0,14,1.0,16.0,9
13032,4.0,17,23,1,1,2,1,1,716.0,19.2,15.0,1.0,3.0,13,1.0,16.0,31
13034,4.0,17,23,1,1,2,1,1,802.0,140.8,9.0,2.0,2.0,15,4.0,1.0,9
13035,4.0,9,39,1,1,2,1,1,7231.0,6.0,7.0,1.0,8.0,18,8.0,17.0,9
13036,4.0,19,39,1,1,1,1,1,13.0,282.4,7.0,1.0,7.0,15,9.0,11.0,9
13037,4.0,17,39,1,1,2,1,1,13.0,285.7,7.0,1.0,7.0,15,9.0,14.0,9
13039,4.0,20,39,1,1,1,1,1,8.0,682.0,10.0,1.0,3.0,15,8.0,4.0,9
13040,4.0,10,39,1,1,2,1,1,8.0,638.5,7.0,1.0,8.0,11,2.0,18.0,31
13059,4.0,17,23,1,1,2,1,1,716.0,16.1,7.0,1.0,3.0,15,8.0,14.0,31
13060,4.0,4,23,1,1,1,1,1,716.0,20.2,17.0,1.0,1.0,14,1.0,16.0,9
13062,4.0,11,23,1,1,2,1,1,7058.0,2.1,8.0,1.0,8.0,14,1.0,16.0,9
13063,4.0,15,23,1,1,2,1,1,13.0,231.3,8.0,2.0,2.0,15,1.0,21.0,46
13064,4.0,11,23,1,1,2,1,1,7058.0,3.0,8.0,1.0,8.0,14,1.0,16.0,9
13067,4.0,18,23,1,1,2,1,1,802.0,114.1,9.0,2.0,8.0,18,9.0,11.0,9
13068,4.0,17,23,1,1,2,1,1,802.0,163.5,10.0,2.0,8.0,18,9.0,10.0,38
13069,4.0,16,23,1,1,2,1,1,802.0,150.5,9.0,2.0,8.0,18,9.0,11.0,36
13070,4.0,17,23,1,1,2,1,1,802.0,158.4,9.0,2.0,7.0,2,9.0,11.0,341
13071,4.0,16,23,1,1,2,1,1,7062.0,6.2,8.0,1.0,8.0,18,9.0,11.0,9
13073,4.0,18,23,1,1,2,1,1,7008.0,5.0,7.0,1.0,1.0,15,8.0,4.0,33
13074,4.0,19,23,1,1,1,1,1,802.0,109.1,8.0,2.0,1.0,15,6.0,4.0,3
13075,4.0,14,23,1,1,2,1,1,802.0,107.2,9.0,2.0,2.0,15,4.0,1.0,21
13076,4.0,17,23,1,1,2,1,1,6.0,148.8,8.0,1.0,7.0,6,8.0,11.0,9
13077,4.0,21,23,1,1,1,1,1,6.0,150.9,8.0,1.0,2.0,15,4.0,1.0,9
13078,4.0,12,23,1,1,2,1,1,6.0,141.1,8.0,1.0,7.0,7,9.0,11.0,21
13079,4.0,21,23,1,1,1,1,1,7071.0,6.5,8.0,1.0,8.0,18,9.0,11.0,9
13080,4.0,16,23,1,1,2,1,1,4.0,133.8,8.0,1.0,8.0,15,1.0,18.0,9
13081,4.0,18,23,1,1,2,1,1,13.0,197.0,8.0,1.0,1.0,15,8.0,1.0,21
13082,4.0,18,23,1,1,2,1,1,7014.0,9999.99,7.0,1.0,8.0,18,9.0,10.0,3
13085,4.0,12,23,1,1,2,1,1,4.0,113.5,8.0,1.0,8.0,18,9.0,10.0,9
13086,4.0,18,24,1,1,2,1,1,2.0,424.4,8.0,1.0,3.0,13,3.0,4.0,32
13087,4.0,15,24,1,1,2,1,1,16.0,470.0,7.0,1.0,2.0,15,4.0,1.0,9
13088,4.0,5,24,1,1,1,1,1,9999.0,22.0,6.0,1.0,8.0,13,1.0,10.0,31
13091,4.0,20,24,1,1,1,1,1,2.0,464.3,7.0,1.0,2.0,15,4.0,1.0,32
13094,4.0,22,55,1,1,1,1,1,2.0,397.5,7.0,1.0,8.0,13,2.0,11.0,21
13098,4.0,22,55,1,1,1,1,1,2.0,400.0,8.0,1.0,2.0,15,6.0,1.0,341
13100,4.0,16,24,1,1,2,1,1,16.0,457.0,7.0,1.0,2.0,15,4.0,1.0,341
13103,4.0,11,55,1,1,2,1,1,6203.0,9999.99,6.0,1.0,1.0,15,3.0,4.0,32
13104,4.0,12,24,1,1,2,1,1,16.0,354.5,6.0,1.0,1.0,15,1.0,4.0,31
13106,4.0,14,24,1,1,2,1,1,19.0,68.4,7.0,1.0,8.0,10,9.0,18.0,9
13110,4.0,17,24,1,1,2,1,1,6209.0,38.0,6.0,1.0,1.0,15,1.0,4.0,82
13111,4.0,17,24,1,1,2,1,1,16.0,414.3,8.0,1.0,8.0,5,1.0,10.0,31
13112,4.0,14,24,1,1,2,1,1,16.0,390.0,8.0,1.0,2.0,15,4.0,1.0,400
13114,4.0,19,46,1,1,1,1,1,9.0,515.2,9.0,1.0,1.0,15,1.0,1.0,21
13117,4.0,8,25,1,1,2,1,1,1507.0,9999.99,9.0,1.0,8.0,13,9.0,1.0,71
13118,4.0,23,25,1,1,1,1,1,9.0,444.5,8.0,1.0,7.0,15,1.0,1.0,400
13119,4.0,15,25,1,1,2,1,1,10.0,263.0,8.0,1.0,8.0,13,7.0,1.0,9
13122,4.0,8,25,1,1,2,1,1,1516.0,9999.99,9.0,1.0,7.0,15,1.0,1.0,32
13124,4.0,7,25,2,1,2,1,1,1502.0,4.0,7.0,1.0,2.0,15,1.0,1.0,88
13125,4.0,15,25,2,1,2,1,1,108.0,19.6,9.0,1.0,7.0,15,7.0,1.0,46
13126,4.0,23,25,1,1,1,1,1,10.0,284.3,10.0,1.0,7.0,14,9.0,1.0,9
13131,4.0,17,63,1,1,2,1,1,703.0,9999.99,6.0,1.0,1.0,15,1.0,4.0,71
13132,4.0,18,63,1,1,2,1,1,10.0,459.1,6.0,1.0,3.0,15,7.0,6.0,32
13136,4.0,18,46,1,1,2,1,1,1519.0,9999.99,6.0,1.0,3.0,15,7.0,15.0,21
13139,4.0,17,25,2,1,2,1,1,1510.0,9999.99,7.0,1.0,8.0,13,7.0,1.0,21
13140,4.0,16,25,1,1,2,1,1,9.0,355.5,7.0,1.0,8.0,13,7.0,1.0,21
13146,4.0,8,46,1,1,2,1,1,9.0,665.1,14.0,1.0,8.0,14,1.0,16.0,9
13147,4.0,23,46,1,1,1,1,1,9.0,664.3,14.0,1.0,3.0,15,1.0,12.0,36
13153,4.0,17,25,2,1,2,1,1,111.0,20.0,7.0,1.0,8.0,13,9.0,1.0,9
13154,4.0,18,25,1,1,2,1,1,10.0,234.0,9.0,1.0,8.0,13,9.0,1.0,9
13155,4.0,18,25,1,1,2,1,1,1506.0,67.0,6.0,1.0,1.0,15,1.0,7.0,9
13156,4.0,18,25,2,1,2,1,1,307.0,9999.99,5.0,1.0,1.0,15,1.0,1.0,33
13157,4.0,21,25,1,1,1,1,1,10.0,382.6,7.0,1.0,2.0,15,1.0,1.0,31
13159,4.0,15,25,2,1,2,1,1,1502.0,9999.99,6.0,1.0,8.0,13,9.0,1.0,9
13160,4.0,11,25,2,1,2,1,1,1502.0,9999.99,7.0,1.0,7.0,15,7.0,1.0,31
13161,4.0,18,25,1,1,2,1,1,9.0,441.3,10.0,1.0,7.0,1,1.0,1.0,9
13162,4.0,14,25,1,1,2,1,1,9.0,442.0,10.0,1.0,7.0,15,1.0,1.0,9
13163,4.0,18,25,1,1,2,1,1,9.0,439.0,10.0,1.0,7.0,15,1.0,1.0,32
13164,4.0,18,16,2,1,2,1,1,9999.0,9999.99,7.0,1.0,3.0,15,8.0,4.0,9
13165,4.0,12,61,1,1,2,1,1,409.0,13.0,8.0,1.0,2.0,15,4.0,1.0,48
13166,4.0,13,61,1,1,2,1,1,411.0,25.5,7.0,1.0,7.0,14,8.0,16.0,48
13167,4.0,7,17,1,1,2,1,1,4540.0,0.0,4.0,1.0,3.0,15,3.0,1.0,341
13170,4.0,19,17,1,1,1,1,1,13.0,126.7,5.0,1.0,1.0,15,1.0,2.0,9
13172,4.0,18,17,1,1,2,1,1,4.0,71.1,5.0,1.0,2.0,15,4.0,1.0,31
13173,4.0,16,17,1,1,2,1,1,4.0,71.3,5.0,1.0,7.0,14,7.0,16.0,31
13174,4.0,6,17,1,1,2,1,1,4.0,87.5,5.0,1.0,3.0,15,3.0,2.0,3
13175,4.0,16,17,1,1,2,1,1,413.0,49.1,5.0,1.0,8.0,18,9.0,1.0,21