NUM_ACC,MOIS_ACC,HEU_ACC,COD_PRV,COD_ETA_CHA,COD_ETA_SUR,COD_LUM,COD_INT,TYP_LIE_ACC,NUM_ROU,PKM,LAR_CHA,COD_TYP_CHA,COD_TYP_COL,COD_OBS_HRT,COD_POI_CHO,COD_MAN,CIR_ACC
13540,4.0,11,30,1,1,2,1,1,4602.0,9999.99,7.0,1.0,1.0,15,1.0,4.0,9
13541,4.0,16,30,1,1,2,1,1,4601.0,9999.99,15.0,2.0,3.0,15,5.0,4.0,36
13546,4.0,11,30,1,1,2,1,1,4600.0,9999.99,12.0,1.0,2.0,15,1.0,6.0,36
13547,4.0,18,30,1,1,2,1,1,9999.0,9999.99,6.0,1.0,8.0,14,1.0,16.0,31
13548,4.0,16,30,1,1,2,1,1,4601.0,9999.99,12.0,1.0,8.0,14,1.0,16.0,9
13549,4.0,17,30,1,1,2,1,1,4602.0,9999.99,12.0,1.0,3.0,15,8.0,4.0,9
13550,4.0,17,30,1,1,2,1,1,4600.0,9999.99,6.0,1.0,1.0,15,1.0,4.0,31
13552,4.0,19,30,1,1,1,1,1,4601.0,9999.99,12.0,1.0,3.0,15,8.0,1.0,9
13554,4.0,22,30,1,1,1,1,1,4602.0,9999.99,12.0,1.0,3.0,15,7.0,1.0,32
13556,4.0,17,30,1,1,2,1,1,2.0,8.4,7.0,2.0,2.0,15,4.0,1.0,32
13557,4.0,13,69,1,1,2,1,1,4607.0,1.1,7.0,1.0,3.0,15,8.0,4.0,32
13558,4.0,9,30,1,1,2,1,1,2.0,11.6,9.0,2.0,2.0,15,4.0,1.0,3
13560,4.0,14,30,1,1,2,1,1,2.0,12.5,7.0,2.0,5.0,15,6.0,6.0,9
13561,4.0,16,30,1,1,2,1,1,1.0,53.7,9.0,1.0,8.0,13,9.0,11.0,9
13562,4.0,12,30,1,1,2,1,1,805.0,80.5,7.0,2.0,8.0,13,9.0,11.0,3
13563,4.0,21,30,1,1,1,1,1,1.0,14.4,11.0,2.0,8.0,9,7.0,11.0,50
13564,4.0,16,30,1,1,2,1,1,1.0,13.0,11.0,2.0,5.0,15,9.0,1.0,32
13565,4.0,14,30,2,1,2,5,1,1.0,12.0,11.0,2.0,8.0,14,1.0,16.0,53
13567,4.0,12,30,1,1,2,1,1,1.0,30.5,7.0,1.0,3.0,15,8.0,4.0,21
13568,4.0,16,69,1,1,2,1,1,4701.0,9999.99,7.0,1.0,8.0,14,1.0,16.0,82
13569,4.0,13,69,2,1,2,1,1,4701.0,9999.99,7.0,1.0,3.0,15,8.0,1.0,50
13571,4.0,10,69,1,1,2,1,1,4701.0,9999.99,12.0,1.0,8.0,14,1.0,16.0,9
13572,4.0,15,69,1,1,2,1,1,4703.0,9999.99,7.0,1.0,8.0,13,7.0,11.0,9
13573,4.0,11,30,1,1,2,1,1,2.0,20.3,7.0,2.0,1.0,15,1.0,4.0,31
13574,4.0,18,30,1,1,2,1,1,805.0,75.6,7.0,2.0,7.0,3,5.0,9.0,9
13575,4.0,12,40,1,1,2,1,1,410.0,14.7,6.0,1.0,8.0,14,1.0,16.0,31
13576,4.0,16,40,1,1,2,1,1,410.0,14.2,6.0,1.0,3.0,15,8.0,14.0,9
13577,4.0,12,40,1,1,2,1,1,805.0,115.3,7.0,2.0,2.0,15,4.0,1.0,9
13578,4.0,9,40,1,1,2,1,1,805.0,124.6,7.0,2.0,8.0,18,8.0,10.0,9
13579,4.0,7,40,1,1,2,1,1,1.0,67.8,7.0,1.0,3.0,15,8.0,1.0,341
13580,4.0,18,40,1,1,2,1,1,1.0,73.1,7.0,1.0,2.0,15,4.0,1.0,32
13581,4.0,6,36,1,1,2,1,1,417.0,34.17,6.0,1.0,7.0,14,1.0,16.0,400
13582,4.0,21,40,1,1,1,1,1,1.0,92.6,7.0,1.0,3.0,15,8.0,16.0,38
13583,4.0,10,40,1,1,2,1,1,1.0,115.0,7.0,1.0,3.0,15,8.0,1.0,21
13585,4.0,14,40,1,1,2,1,1,1.0,103.0,7.0,2.0,3.0,15,8.0,16.0,9
13587,4.0,17,40,1,1,2,1,1,1.0,99.0,7.0,2.0,7.0,14,2.0,16.0,9
13588,4.0,14,40,1,1,2,1,1,1.0,114.0,7.0,1.0,3.0,15,8.0,1.0,9
13590,4.0,10,40,1,1,2,1,1,1.0,99.9,7.0,2.0,3.0,15,7.0,6.0,9
13594,4.0,10,34,1,1,2,1,1,6.0,270.8,8.0,1.0,8.0,13,7.0,1.0,21
13595,4.0,2,34,1,1,1,1,1,802.0,256.3,7.0,2.0,8.0,2,9.0,11.0,21
13596,4.0,16,34,1,1,2,1,1,5401.0,1.6,7.0,1.0,1.0,15,3.0,2.0,9
13597,4.0,14,34,1,1,2,1,1,5409.0,16.0,6.0,1.0,8.0,13,1.0,10.0,9
13598,4.0,16,34,1,1,2,1,1,6.0,264.0,8.0,1.0,3.0,15,5.0,2.0,38
13601,4.0,12,34,1,1,2,1,1,6.0,298.3,8.0,1.0,8.0,13,1.0,10.0,21
13602,4.0,12,34,1,1,2,1,1,802.0,254.4,7.0,2.0,8.0,2,7.0,11.0,21
13603,4.0,10,34,1,1,2,1,1,802.0,242.0,7.0,2.0,3.0,15,2.0,1.0,9
13604,4.0,15,34,1,1,2,1,1,6.0,304.6,6.0,1.0,8.0,14,1.0,16.0,9
13605,4.0,18,34,1,1,2,1,1,505.0,22.2,6.0,2.0,8.0,18,7.0,11.0,59
13606,4.0,15,34,1,1,2,1,1,6.0,302.8,6.0,1.0,2.0,15,1.0,1.0,9
13607,4.0,21,34,1,1,1,1,1,5413.0,13.0,5.0,1.0,8.0,14,1.0,16.0,21
13608,4.0,12,34,1,1,2,1,1,507.0,15.0,7.0,1.0,8.0,18,9.0,10.0,71
13611,4.0,21,34,1,1,1,1,1,5421.0,9999.99,4.0,1.0,3.0,15,3.0,4.0,31
13612,4.0,17,34,1,1,2,1,1,802.0,240.6,7.0,2.0,8.0,3,9.0,10.0,9
13614,4.0,18,52,1,1,2,1,1,4506.0,10.0,3.0,1.0,8.0,13,9.0,1.0,9
13615,4.0,15,52,1,1,2,1,1,4573.0,9999.99,5.0,1.0,3.0,15,8.0,4.0,9
13616,4.0,18,52,1,1,2,1,1,4573.0,9999.99,4.0,1.0,8.0,13,9.0,1.0,9
13620,4.0,5,9,1,1,1,1,1,16.0,169.6,8.0,1.0,8.0,13,9.0,1.0,9
13623,4.0,15,9,1,1,2,1,1,4115.0,9999.99,5.0,1.0,8.0,13,9.0,1.0,9
13624,4.0,18,9,1,1,2,1,1,4113.0,9999.99,4.0,1.0,7.0,15,4.0,20.0,9
13626,4.0,15,9,1,1,2,1,1,2.0,129.9,8.0,1.0,3.0,15,7.0,4.0,53
13628,4.0,20,9,1,1,1,1,1,2.0,164.1,8.0,1.0,8.0,13,9.0,1.0,9
13630,4.0,19,9,1,1,1,1,1,16.0,129.0,8.0,1.0,7.0,15,2.0,4.0,82
13631,4.0,13,9,1,1,2,1,1,16.0,126.0,8.0,1.0,2.0,15,4.0,1.0,9
13633,4.0,15,9,1,1,2,1,1,2.0,104.3,8.0,1.0,3.0,15,8.0,4.0,9
13634,4.0,8,9,1,1,2,1,1,412.0,1.8,6.0,1.0,3.0,15,8.0,4.0,9
13635,4.0,18,70,1,1,2,1,1,13.0,17.0,8.0,1.0,8.0,13,9.0,1.0,9
13636,4.0,17,52,1,1,2,1,1,13.0,98.6,8.0,1.0,8.0,13,9.0,1.0,50
13637,4.0,18,52,1,1,2,1,1,13.0,106.5,8.0,1.0,8.0,13,9.0,1.0,9
13638,4.0,15,52,1,1,2,1,1,13.0,91.1,8.0,1.0,3.0,15,7.0,4.0,3
13641,4.0,11,52,1,1,2,1,1,4103.0,3.5,4.0,1.0,8.0,13,9.0,1.0,36
13642,4.0,17,52,1,1,2,1,1,4103.0,20.2,3.0,1.0,7.0,15,2.0,4.0,21
13643,4.0,17,52,1,1,2,1,1,4104.0,9999.99,5.0,1.0,1.0,15,1.0,4.0,21
13647,4.0,16,36,1,1,2,1,1,2.0,83.0,6.0,1.0,8.0,18,7.0,10.0,46
13648,4.0,14,36,1,1,2,1,1,2.0,86.7,6.0,1.0,8.0,14,8.0,16.0,32
13649,4.0,19,36,1,1,1,1,1,2.0,81.7,6.0,1.0,8.0,18,8.0,10.0,38
13650,4.0,12,36,1,1,2,1,1,9999.0,3.4,4.0,1.0,8.0,18,7.0,11.0,31
13652,4.0,22,73,1,1,1,1,1,403.0,12.1,6.0,1.0,8.0,18,2.0,1.0,9
13653,4.0,13,60,1,1,2,1,1,805.0,286.9,7.0,1.0,8.0,2,9.0,10.0,42
13654,4.0,17,60,1,1,2,1,1,801.0,4.4,11.0,2.0,8.0,14,9.0,1.0,3
13656,4.0,17,74,1,1,2,1,1,1.0,247.9,14.0,1.0,2.0,15,4.0,1.0,31
13657,4.0,17,60,1,1,2,1,1,801.0,9.1,11.0,2.0,8.0,18,7.0,1.0,9
13658,4.0,21,73,1,1,1,1,1,4022.0,9999.99,7.0,2.0,7.0,14,1.0,16.0,9
13659,4.0,15,73,1,1,2,1,1,4026.0,9999.99,6.0,1.0,8.0,14,3.0,18.0,341
13660,4.0,14,16,1,1,2,1,1,805.0,157.0,4.0,1.0,2.0,1,4.0,1.0,42
13661,4.0,11,60,1,1,2,1,1,805.0,253.9,7.0,2.0,8.0,1,4.0,1.0,32
13662,4.0,13,60,1,1,2,1,1,805.0,259.9,7.0,2.0,8.0,13,9.0,1.0,9
13663,4.0,16,60,1,1,2,1,1,805.0,251.9,7.0,1.0,3.0,15,3.0,18.0,48
13665,4.0,10,74,1,1,2,1,1,6.0,18.0,7.0,2.0,8.0,13,9.0,1.0,38
13667,4.0,18,74,1,1,2,1,1,6.0,20.0,7.0,2.0,3.0,1,7.0,1.0,341
13668,4.0,18,74,1,1,2,1,1,6.0,16.8,7.0,2.0,8.0,13,9.0,1.0,31
13669,4.0,4,74,1,1,1,1,1,6.0,14.7,7.0,2.0,2.0,15,4.0,1.0,38
13670,4.0,11,74,1,1,2,1,1,6.0,15.7,7.0,2.0,2.0,15,4.0,1.0,489
13671,4.0,12,73,1,1,2,1,1,403.0,15.0,6.0,1.0,8.0,18,2.0,18.0,9
13673,4.0,17,73,1,1,2,1,1,403.0,10.1,6.0,1.0,3.0,15,3.0,1.0,9
13675,4.0,15,73,1,1,2,1,1,4032.0,9999.99,6.0,1.0,2.0,15,6.0,1.0,33
13677,4.0,16,73,1,1,2,1,1,4036.0,9999.99,6.0,2.0,3.0,15,7.0,12.0,9
13701,4.0,17,73,1,1,2,1,1,4025.0,9999.99,6.0,1.0,8.0,18,7.0,1.0,9
13702,4.0,15,73,1,1,2,1,1,401.0,10.2,16.0,1.0,8.0,14,8.0,1.0,9
13704,4.0,15,73,1,1,2,1,1,4026.0,9999.99,5.0,1.0,1.0,15,1.0,1.0,9
13706,4.0,18,73,1,1,2,1,1,4025.0,9999.99,6.0,1.0,3.0,15,8.0,1.0,9
13707,4.0,14,73,1,1,2,1,1,401.0,14.2,16.0,1.0,3.0,15,8.0,1.0,9
13708,4.0,16,73,1,1,2,1,1,401.0,9.1,16.0,1.0,8.0,7,1.0,1.0,36
13710,4.0,13,60,1,1,2,1,1,805.0,283.4,7.0,1.0,2.0,15,4.0,20.0,9
13711,4.0,8,60,1,1,2,1,1,805.0,304.1,7.0,1.0,8.0,2,7.0,11.0,3
13712,4.0,18,60,1,1,2,1,1,805.0,304.5,7.0,1.0,8.0,10,9.0,10.0,9
13713,4.0,17,73,1,1,2,1,1,403.0,4.0,8.0,2.0,3.0,15,8.0,2.0,31
13718,4.0,12,73,1,1,2,1,1,403.0,7.0,10.0,2.0,3.0,15,3.0,2.0,3
13724,4.0,18,73,1,1,2,1,1,322.0,70.9,17.0,1.0,8.0,14,3.0,16.0,82
13725,4.0,16,73,1,1,2,1,1,322.0,71.1,17.0,1.0,2.0,15,4.0,1.0,9
13726,4.0,22,73,1,1,1,1,1,322.0,67.8,17.0,1.0,2.0,15,4.0,1.0,9
13728,4.0,17,73,1,1,2,1,1,322.0,69.1,17.0,1.0,3.0,15,3.0,1.0,9
13729,4.0,16,73,1,1,2,1,1,322.0,71.1,17.0,1.0,3.0,15,2.0,1.0,9
13733,4.0,18,60,1,1,2,1,1,801.0,5.2,11.0,2.0,8.0,18,7.0,1.0,9
13734,4.0,17,60,1,1,2,1,1,801.0,1.8,11.0,2.0,2.0,15,4.0,1.0,50
13735,4.0,16,73,1,1,2,1,1,1.0,295.0,8.0,1.0,2.0,15,4.0,18.0,9
13738,4.0,20,73,1,1,1,1,1,1.0,297.9,15.0,1.0,2.0,15,4.0,1.0,36
13739,4.0,8,73,1,1,2,1,1,1.0,296.6,15.0,1.0,7.0,15,7.0,18.0,31
13740,4.0,18,73,1,1,2,1,1,1.0,298.0,15.0,1.0,7.0,15,7.0,18.0,53
13743,4.0,21,73,1,1,1,1,1,1.0,296.0,8.0,1.0,7.0,15,3.0,1.0,31
13763,4.0,19,74,1,1,1,1,1,1.0,251.0,14.0,1.0,3.0,15,7.0,1.0,21
13766,4.0,21,74,1,1,1,1,1,1.0,248.0,14.0,1.0,2.0,15,4.0,1.0,32
13767,4.0,16,74,1,1,2,1,1,1.0,250.3,14.0,1.0,3.0,15,7.0,1.0,59
13768,4.0,18,74,1,1,2,1,1,1.0,252.1,14.0,1.0,1.0,15,1.0,2.0,32
13771,4.0,20,74,1,1,1,1,1,1.0,254.0,14.0,1.0,3.0,15,7.0,1.0,32
13775,4.0,22,74,1,1,1,1,1,1.0,248.2,14.0,1.0,3.0,15,7.0,1.0,32
13786,4.0,13,73,2,4,2,1,1,322.0,61.0,9.0,1.0,3.0,15,6.0,3.0,9
13794,4.0,17,73,1,1,2,1,1,1.0,300.2,16.0,1.0,2.0,15,4.0,1.0,9
13795,4.0,16,73,1,1,2,1,1,1.0,304.0,16.0,1.0,2.0,15,4.0,1.0,33
13796,4.0,12,73,1,1,2,1,1,1.0,299.5,16.0,1.0,3.0,15,7.0,1.0,9
13797,4.0,16,54,1,1,2,1,1,3606.0,9999.99,5.0,1.0,8.0,13,9.0,10.0,9
13799,4.0,13,54,1,1,2,1,1,303.0,9999.99,8.0,1.0,7.0,15,7.0,6.0,9
13800,4.0,19,54,1,1,1,1,1,3603.0,9999.99,7.0,1.0,8.0,15,7.0,1.0,9
13801,4.0,17,54,1,1,2,1,1,1.0,384.5,7.0,1.0,8.0,14,1.0,16.0,9
13802,4.0,21,54,1,1,1,1,1,9.0,41.15,7.0,1.0,3.0,15,8.0,1.0,21
13804,4.0,18,6,1,1,2,1,1,3308.0,1.0,7.0,1.0,1.0,15,1.0,4.0,21
13805,4.0,21,54,1,1,1,1,1,1.0,385.8,7.0,1.0,3.0,15,6.0,1.0,9
13806,4.0,18,28,1,1,2,1,1,9.0,116.0,8.0,1.0,8.0,13,2.0,11.0,9
13807,4.0,15,73,1,1,2,1,1,1.0,289.2,7.0,1.0,8.0,14,3.0,16.0,9
13809,4.0,15,54,1,1,2,1,1,320.0,24.5,7.0,1.0,8.0,14,3.0,16.0,31
13810,4.0,17,72,1,1,2,1,1,3011.0,24.2,7.0,1.0,8.0,18,8.0,1.0,9
13811,4.0,14,54,1,1,2,1,1,9.0,62.1,8.0,1.0,1.0,15,1.0,2.0,9
13812,4.0,16,6,1,1,2,1,1,322.0,32.6,7.0,1.0,8.0,14,8.0,16.0,36
13815,4.0,16,54,1,1,2,1,1,3607.0,5.2,7.0,1.0,1.0,15,1.0,4.0,9
13817,4.0,13,28,2,1,2,1,1,3618.0,9999.99,6.0,1.0,3.0,15,8.0,8.0,9
13818,4.0,18,28,1,1,2,1,1,308.0,26.0,7.0,1.0,3.0,15,8.0,6.0,33
13819,4.0,10,54,1,1,2,1,1,9.0,42.75,7.0,1.0,8.0,11,1.0,11.0,9
13821,4.0,15,6,1,1,2,1,1,305.0,36.5,6.0,1.0,8.0,13,1.0,1.0,9
13822,4.0,15,28,1,1,2,1,1,9999.0,9999.99,6.0,1.0,8.0,13,1.0,10.0,9
13823,4.0,19,54,1,1,1,1,1,3338.0,9999.99,5.0,1.0,3.0,15,1.0,8.0,9
13824,4.0,10,6,1,1,2,1,1,3326.0,5.2,5.0,1.0,8.0,14,1.0,16.0,33
13826,4.0,15,6,1,1,2,1,1,3321.0,1.5,6.0,1.0,8.0,13,9.0,10.0,9
13827,4.0,18,6,1,1,2,1,1,3315.0,9999.99,5.0,1.0,3.0,15,8.0,4.0,82
13828,4.0,20,6,1,1,1,1,1,313.0,25.6,7.0,2.0,3.0,15,2.0,6.0,9
13829,4.0,11,54,1,1,2,1,1,9999.0,9999.99,7.0,1.0,3.0,15,7.0,6.0,31
13830,4.0,13,54,1,1,2,1,1,3625.0,9999.99,7.0,1.0,2.0,15,4.0,1.0,38
13834,4.0,8,54,1,1,2,1,1,3602.0,9999.99,7.0,1.0,2.0,15,4.0,1.0,9
13836,4.0,10,54,1,1,2,1,1,3625.0,9999.99,7.0,1.0,2.0,15,4.0,1.0,50
13837,4.0,13,54,1,1,2,1,1,3625.0,9999.99,7.0,1.0,8.0,14,7.0,16.0,9
13850,4.0,21,54,1,1,1,1,1,3602.0,9999.99,7.0,1.0,8.0,14,8.0,18.0,9
13851,4.0,14,54,1,1,2,1,1,3602.0,9999.99,4.0,1.0,2.0,14,1.0,16.0,3
13856,4.0,17,28,1,1,2,1,1,308.0,83.0,7.0,1.0,8.0,13,9.0,10.0,3
13858,4.0,12,28,2,1,2,1,1,205.0,38.0,7.0,1.0,7.0,15,8.0,2.0,59
13859,4.0,0,28,1,1,1,1,1,803.0,76.7,8.0,2.0,2.0,15,4.0,1.0,341
13860,4.0,6,28,1,1,2,1,1,803.0,90.18,8.0,2.0,2.0,15,4.0,1.0,9
13861,4.0,17,28,1,1,2,1,1,803.0,70.46,8.0,2.0,2.0,15,6.0,1.0,9
13862,4.0,5,28,1,1,1,1,1,803.0,91.9,8.0,2.0,8.0,13,9.0,5.0,9
13863,4.0,3,28,1,1,1,1,1,803.0,58.9,8.0,2.0,8.0,13,7.0,10.0,9
13864,4.0,15,28,1,1,2,1,1,803.0,99.9,8.0,2.0,8.0,13,9.0,5.0,9
13865,4.0,0,28,1,1,1,1,1,803.0,97.5,8.0,2.0,8.0,13,9.0,11.0,31
13866,4.0,20,28,1,1,1,1,1,11.0,86.1,8.0,1.0,2.0,15,4.0,1.0,9
13867,4.0,14,28,1,1,2,1,1,11.0,70.0,8.0,1.0,2.0,15,4.0,1.0,9
13868,4.0,18,72,1,1,2,1,1,9.0,33.9,7.0,1.0,2.0,15,4.0,1.0,341
13869,4.0,21,72,1,1,1,1,1,9.0,35.8,7.0,1.0,8.0,14,1.0,16.0,3
13870,4.0,17,54,1,1,2,1,1,9.0,43.2,7.0,1.0,8.0,13,8.0,10.0,9
13871,4.0,17,72,1,1,2,1,1,9.0,32.0,7.0,1.0,2.0,15,4.0,1.0,9
13872,4.0,16,54,1,1,2,1,1,9.0,9999.99,7.0,1.0,3.0,15,8.0,4.0,9
13873,4.0,8,28,1,1,2,1,1,11.0,87.0,8.0,1.0,3.0,15,8.0,6.0,31
13874,4.0,14,28,1,1,2,1,1,11.0,90.0,8.0,1.0,8.0,13,3.0,10.0,33
13875,4.0,23,28,1,1,1,1,1,11.0,86.0,8.0,1.0,7.0,15,8.0,2.0,9
13876,4.0,13,28,1,1,2,1,1,11.0,70.0,8.0,1.0,8.0,13,2.0,11.0,9
13878,4.0,12,28,2,1,2,1,1,3632.0,9999.99,6.0,1.0,8.0,13,2.0,11.0,31
13881,4.0,11,28,1,1,2,1,1,308.0,21.5,7.0,1.0,8.0,14,1.0,16.0,33
13882,4.0,9,28,2,1,2,1,1,308.0,9999.99,7.0,1.0,8.0,14,1.0,16.0,9
13884,4.0,16,50,1,1,2,1,1,801.0,101.9,8.0,1.0,2.0,15,4.0,7.0,86
13885,4.0,20,54,1,1,1,1,1,3613.0,12.0,5.0,1.0,3.0,15,8.0,4.0,31
13886,4.0,15,54,1,1,2,1,1,3606.0,9999.99,5.0,1.0,2.0,15,4.0,1.0,42
13887,4.0,10,54,1,1,2,1,1,11.0,52.3,8.0,1.0,3.0,18,7.0,4.0,82
13888,4.0,14,54,1,1,2,1,1,3613.0,24.2,5.0,1.0,8.0,14,1.0,16.0,3
13889,4.0,15,54,1,1,2,1,1,11.0,52.4,8.0,1.0,8.0,13,9.0,10.0,9
13891,4.0,7,54,1,1,2,1,1,11.0,52.4,8.0,1.0,8.0,13,8.0,10.0,32
13892,4.0,18,54,1,1,2,1,1,3612.0,9999.99,5.0,1.0,8.0,13,8.0,10.0,9
13893,4.0,18,54,1,1,2,1,1,11.0,54.0,8.0,1.0,2.0,15,4.0,1.0,9
13894,4.0,19,54,1,1,1,1,1,3613.0,4.0,5.0,1.0,8.0,13,8.0,10.0,9
13895,4.0,21,54,1,1,1,1,1,9.0,52.8,7.0,1.0,2.0,15,4.0,1.0,9
13896,4.0,15,28,1,1,2,1,1,316.0,96.0,7.0,1.0,8.0,13,3.0,10.0,9
13897,4.0,18,28,1,1,2,1,1,316.0,93.0,7.0,1.0,3.0,15,6.0,14.0,9
13898,4.0,19,28,1,1,1,1,1,316.0,70.3,7.0,1.0,3.0,15,6.0,14.0,9
13899,4.0,17,28,2,1,2,1,1,3619.0,9999.99,6.0,1.0,8.0,14,1.0,16.0,9
13902,4.0,12,28,2,1,2,1,1,3619.0,9999.99,6.0,1.0,3.0,15,8.0,2.0,31
13904,4.0,13,54,1,1,2,1,1,318.0,61.5,7.0,1.0,1.0,15,1.0,4.0,9
13905,4.0,12,54,1,1,2,1,1,318.0,50.0,7.0,1.0,8.0,14,4.0,18.0,21
13906,4.0,16,54,1,1,2,1,1,303.0,9999.99,7.0,1.0,7.0,15,7.0,6.0,9
13907,4.0,3,54,1,1,1,1,1,318.0,48.4,7.0,1.0,8.0,14,8.0,16.0,9
13908,4.0,15,10,1,1,2,1,1,303.0,35.5,7.0,1.0,8.0,13,9.0,11.0,9
13910,4.0,12,54,1,1,2,1,1,320.0,32.1,14.0,2.0,8.0,13,9.0,10.0,9
13912,4.0,13,6,1,1,2,1,1,322.0,29.6,14.0,2.0,8.0,14,7.0,16.0,9
13914,4.0,18,54,1,1,2,1,1,320.0,27.9,14.0,2.0,8.0,14,8.0,16.0,31
13915,4.0,7,54,1,1,2,1,1,320.0,32.0,14.0,2.0,8.0,14,7.0,16.0,9
13917,4.0,16,54,1,1,2,1,1,803.0,33.0,8.0,1.0,2.0,15,4.0,1.0,9
13918,4.0,10,6,1,1,2,1,1,3326.0,6.3,5.0,1.0,3.0,15,8.0,1.0,9
13921,4.0,13,51,1,1,2,1,1,322.0,26.9,7.0,1.0,3.0,15,7.0,1.0,31
13922,4.0,11,6,1,1,2,1,1,3308.0,1.0,7.0,1.0,7.0,15,5.0,6.0,9
13923,4.0,0,6,1,1,1,1,1,322.0,9999.99,7.0,1.0,7.0,15,7.0,6.0,40
13924,4.0,16,6,1,1,2,1,1,322.0,28.1,7.0,1.0,2.0,15,4.0,1.0,3
13925,4.0,23,6,1,1,1,1,1,322.0,28.0,7.0,1.0,2.0,15,4.0,17.0,21
13927,4.0,15,28,1,1,2,1,1,9.0,83.2,8.0,1.0,2.0,15,4.0,1.0,9
13928,4.0,8,28,1,1,2,2,1,9.0,102.9,8.0,1.0,8.0,13,3.0,10.0,32
13929,4.0,6,28,1,1,2,1,1,9.0,98.8,8.0,1.0,8.0,13,9.0,11.0,82
13930,4.0,15,28,1,1,2,1,1,9.0,88.4,8.0,1.0,8.0,13,1.0,10.0,31
13931,4.0,16,28,1,1,2,1,1,9.0,70.1,8.0,1.0,8.0,13,9.0,11.0,33
13932,4.0,16,54,1,1,2,1,1,318.0,49.0,7.0,1.0,8.0,14,7.0,16.0,9
13934,4.0,17,54,1,1,2,1,1,3011.0,32.0,6.0,1.0,8.0,14,1.0,16.0,9
13936,4.0,13,54,1,1,2,1,1,1.0,392.1,8.0,1.0,2.0,15,4.0,1.0,50
13938,4.0,14,54,1,1,2,1,1,1.0,9999.99,7.0,1.0,8.0,14,3.0,10.0,9
13940,4.0,17,54,1,1,2,1,1,3014.0,9999.99,6.0,1.0,3.0,15,7.0,6.0,9
13942,4.0,18,54,1,1,2,1,1,1.0,398.3,10.0,1.0,2.0,15,4.0,1.0,9
13943,4.0,2,72,1,1,1,1,1,3007.0,12.0,7.0,1.0,2.0,15,4.0,1.0,9
13944,4.0,17,6,1,1,2,1,1,1.0,329.6,7.0,1.0,2.0,15,4.0,1.0,9
13945,4.0,19,6,1,1,1,1,1,1.0,322.1,7.0,1.0,3.0,15,7.0,6.0,21
13946,4.0,10,6,1,1,2,1,1,1.0,319.1,7.0,1.0,8.0,14,8.0,18.0,36
13947,4.0,17,6,1,1,2,1,1,1.0,329.6,7.0,1.0,7.0,15,8.0,13.0,21
13950,4.0,14,6,1,1,2,1,1,322.0,49.1,8.0,1.0,3.0,15,7.0,1.0,9
13952,4.0,9,6,1,1,2,1,1,801.0,30.8,43.0,1.0,4.0,15,7.0,9.0,9
13953,4.0,20,54,1,1,1,1,1,1.0,394.2,7.0,1.0,3.0,15,6.0,1.0,32
13954,4.0,21,54,1,1,1,1,1,1.0,393.1,7.0,1.0,8.0,15,3.0,13.0,9
13956,4.0,18,54,1,1,2,1,1,1.0,398.0,7.0,1.0,7.0,15,4.0,21.0,82
13957,4.0,13,54,1,1,2,1,1,1.0,391.2,7.0,1.0,8.0,14,2.0,16.0,82
13961,4.0,17,54,1,1,2,1,1,1.0,389.6,7.0,1.0,8.0,14,2.0,16.0,9
13962,4.0,13,72,1,1,2,1,1,3011.0,24.2,6.0,1.0,2.0,15,4.0,1.0,3
13963,4.0,11,54,1,1,2,1,1,3011.0,9999.99,6.0,1.0,2.0,15,4.0,1.0,9
13965,4.0,17,54,1,1,2,1,1,1.0,392.1,7.0,1.0,2.0,15,4.0,1.0,3
13966,4.0,13,54,1,1,2,1,1,1.0,389.2,7.0,1.0,2.0,15,4.0,1.0,9
13967,4.0,22,54,1,1,1,1,1,3603.0,9999.99,6.0,1.0,3.0,15,3.0,8.0,21
13968,4.0,16,72,1,1,2,1,1,3011.0,24.1,6.0,1.0,8.0,18,9.0,10.0,9
13971,4.0,19,28,2,1,1,1,1,3618.0,9999.99,6.0,1.0,8.0,13,9.0,10.0,82
13972,4.0,13,28,2,1,2,1,1,3615.0,9999.99,6.0,1.0,8.0,14,1.0,16.0,31
13973,4.0,20,54,1,1,1,1,1,3014.0,9999.99,6.0,1.0,8.0,14,1.0,16.0,9
13979,4.0,19,54,1,1,1,1,1,1.0,399.2,7.0,1.0,1.0,15,1.0,2.0,9
13980,4.0,16,54,1,1,2,1,1,3603.0,9999.99,7.0,1.0,7.0,14,2.0,16.0,341
13981,4.0,23,54,1,1,1,1,1,1.0,389.2,7.0,1.0,2.0,15,4.0,1.0,96
13982,4.0,8,54,1,1,2,1,1,1.0,396.4,7.0,1.0,1.0,15,1.0,2.0,21
13984,4.0,14,54,1,1,2,1,1,3005.0,9999.99,7.0,1.0,7.0,15,2.0,2.0,46
16001,5.0,20,33,1,1,1,1,1,9999.0,45.3,11.0,1.0,8.0,18,1.0,1.0,59
16003,5.0,16,64,1,1,2,1,1,1005.0,9999.99,8.0,1.0,3.0,15,7.0,1.0,409
16005,5.0,7,2,1,1,2,1,1,803.0,398.6,8.0,2.0,2.0,15,1.0,1.0,9
16006,5.0,7,45,1,1,2,1,1,9999.0,19.0,6.0,1.0,1.0,15,1.0,4.0,9
16007,5.0,0,2,1,1,1,1,1,9999.0,9999.99,8.0,1.0,1.0,15,1.0,4.0,21
16008,5.0,16,2,1,1,2,1,1,9999.0,9999.99,8.0,1.0,8.0,18,9.0,1.0,9
16009,5.0,14,2,1,1,2,1,1,9999.0,9999.99,8.0,1.0,2.0,15,1.0,1.0,9