NUM_ACC,MOIS_ACC,HEU_ACC,COD_PRV,COD_ETA_CHA,COD_ETA_SUR,COD_LUM,COD_INT,TYP_LIE_ACC,NUM_ROU,PKM,LAR_CHA,COD_TYP_CHA,COD_TYP_COL,COD_OBS_HRT,COD_POI_CHO,COD_MAN,CIR_ACC
16479,5.0,23,50,1,1,1,1,1,803.0,7.9,8.0,2.0,2.0,15,4.0,1.0,9
16480,5.0,17,72,1,1,2,1,1,315.0,4.4,9.0,2.0,2.0,15,4.0,1.0,9
16482,5.0,21,72,1,1,1,1,1,315.0,6.5,9.0,2.0,2.0,15,4.0,1.0,9
16483,5.0,13,72,1,1,2,1,1,315.0,6.5,8.0,2.0,2.0,15,4.0,1.0,9
16488,5.0,17,72,1,1,2,1,1,315.0,8.0,8.0,2.0,3.0,15,3.0,1.0,46
16490,5.0,21,72,1,1,1,1,1,315.0,7.0,8.0,2.0,8.0,14,1.0,16.0,9
16491,5.0,21,72,1,1,1,1,1,315.0,7.0,8.0,2.0,3.0,15,5.0,1.0,3
16492,5.0,16,72,1,1,2,1,1,315.0,8.0,8.0,2.0,3.0,15,6.0,1.0,9
16493,5.0,14,72,1,1,2,1,1,315.0,7.8,9.0,2.0,2.0,15,4.0,1.0,36
16494,5.0,18,71,1,1,2,1,1,315.0,8.5,8.0,2.0,2.0,15,4.0,1.0,9
16495,5.0,20,72,1,1,1,1,1,315.0,7.0,9.0,2.0,2.0,15,4.0,1.0,36
16496,5.0,18,51,1,1,2,1,1,1.0,336.8,8.0,2.0,8.0,14,1.0,16.0,42
16497,5.0,22,72,1,1,1,1,1,3038.0,4.1,8.0,1.0,2.0,15,4.0,1.0,9
16509,5.0,9,72,1,1,2,1,1,3011.0,17.0,7.0,1.0,2.0,15,4.0,1.0,9
16514,5.0,14,51,1,1,2,1,1,3004.0,9999.99,7.0,2.0,3.0,15,8.0,6.0,9
16516,5.0,16,51,1,1,2,1,1,3000.0,9999.99,6.0,1.0,3.0,15,8.0,1.0,9
16517,5.0,17,51,1,1,2,1,1,1.0,335.0,7.0,2.0,3.0,15,3.0,2.0,9
16518,5.0,20,51,1,1,1,1,1,1.0,345.0,7.0,2.0,2.0,15,4.0,1.0,32
16519,5.0,13,51,1,1,2,1,1,3000.0,9999.99,6.0,1.0,8.0,14,1.0,16.0,31
16520,5.0,15,51,1,1,2,1,1,1.0,344.2,7.0,1.0,3.0,15,3.0,2.0,9
16523,5.0,19,51,1,1,1,1,1,1.0,338.6,10.0,2.0,2.0,15,4.0,1.0,3
16524,5.0,23,51,1,1,1,1,1,1.0,336.8,10.0,2.0,8.0,14,7.0,16.0,31
16525,5.0,22,51,1,1,1,1,1,1.0,337.3,8.0,2.0,8.0,14,1.0,16.0,31
16526,5.0,8,51,1,1,2,1,1,1.0,339.0,8.0,2.0,3.0,15,8.0,8.0,32
16528,5.0,20,51,1,1,1,1,1,1.0,338.6,9.0,2.0,7.0,15,1.0,2.0,31
16535,5.0,12,71,1,1,2,1,1,3016.0,9999.99,7.0,1.0,2.0,15,4.0,1.0,31
16539,5.0,21,71,1,1,1,1,1,9999.0,9999.99,7.0,1.0,8.0,10,9.0,13.0,9
16546,5.0,18,72,1,1,2,1,1,315.0,8.0,8.0,2.0,2.0,15,1.0,1.0,71
16547,5.0,18,71,1,1,2,1,1,315.0,9999.99,8.0,2.0,2.0,15,1.0,1.0,3
16549,5.0,17,71,1,1,2,1,1,315.0,8.8,5.0,1.0,7.0,15,1.0,8.0,3
16550,5.0,16,71,1,1,2,1,1,3028.0,9999.99,6.0,1.0,3.0,15,6.0,1.0,9
16551,5.0,0,71,1,1,1,1,1,3028.0,9999.99,6.0,1.0,2.0,15,4.0,1.0,21
16554,5.0,18,6,1,1,2,1,1,1.0,313.0,8.0,1.0,7.0,15,3.0,2.0,36
16555,5.0,21,51,1,1,1,1,1,3313.0,9999.99,7.0,1.0,3.0,15,7.0,1.0,9
16558,5.0,11,51,1,1,2,1,1,1.0,334.0,7.0,2.0,8.0,14,7.0,6.0,36
16560,5.0,11,51,1,1,2,1,1,3307.0,9999.99,7.0,1.0,3.0,15,6.0,8.0,9
16561,5.0,12,51,1,1,2,1,1,1.0,332.2,6.0,1.0,3.0,14,1.0,1.0,9
16562,5.0,12,54,1,1,2,1,1,1.0,394.9,7.0,2.0,3.0,15,8.0,1.0,31
16563,5.0,16,51,1,1,2,1,1,3313.0,9999.99,6.0,1.0,2.0,15,4.0,1.0,38
16569,5.0,19,71,1,1,1,1,1,3330.0,9999.99,7.0,1.0,3.0,15,7.0,2.0,3
16570,5.0,17,71,1,1,2,1,1,3330.0,9999.99,5.0,1.0,1.0,15,3.0,2.0,9
16571,5.0,12,71,1,1,2,1,1,9.0,28.4,9.0,2.0,8.0,14,1.0,16.0,21
16572,5.0,9,71,1,1,2,1,1,3024.0,9999.99,6.0,1.0,3.0,15,6.0,1.0,9
16574,5.0,21,71,1,1,1,1,1,9.0,29.0,8.0,1.0,3.0,15,2.0,2.0,21
16575,5.0,7,71,1,1,2,1,1,3010.0,10.0,7.0,1.0,8.0,18,1.0,18.0,32
16576,5.0,18,71,1,1,2,1,1,3010.0,8.0,7.0,1.0,8.0,18,1.0,18.0,38
16582,5.0,18,6,1,1,2,1,1,3304.0,0.7,6.0,1.0,7.0,14,1.0,16.0,33
16583,5.0,0,71,1,1,1,1,1,3024.0,9999.99,6.0,1.0,7.0,14,1.0,16.0,9
16589,5.0,20,6,1,1,1,1,1,3305.0,10.4,6.0,1.0,2.0,15,4.0,1.0,21
16590,5.0,15,71,1,1,2,1,1,3010.0,10.0,7.0,1.0,2.0,15,4.0,1.0,31
16591,5.0,20,71,1,1,1,1,1,3305.0,4.9,6.0,1.0,2.0,15,4.0,1.0,32
16593,5.0,23,51,1,1,1,1,1,3006.0,9999.99,6.0,1.0,3.0,15,8.0,6.0,9
16595,5.0,13,51,1,1,2,1,1,3006.0,9999.99,6.0,1.0,8.0,13,1.0,11.0,48
16599,5.0,20,51,1,1,1,1,1,3006.0,9999.99,6.0,1.0,8.0,13,1.0,10.0,21
16602,5.0,18,51,1,1,2,1,1,3004.0,9999.99,7.0,2.0,3.0,15,7.0,6.0,21
16603,5.0,10,51,1,1,2,1,1,3004.0,9999.99,7.0,2.0,2.0,15,4.0,1.0,21
16604,5.0,18,51,1,1,2,1,1,3000.0,9999.99,6.0,1.0,8.0,14,1.0,16.0,21
16605,5.0,12,51,1,1,2,1,1,9.0,3.2,7.0,2.0,2.0,15,4.0,17.0,9
16606,5.0,14,51,1,1,2,1,1,9.0,4.0,6.0,2.0,3.0,15,8.0,6.0,9
16607,5.0,19,51,1,1,1,1,1,1.0,338.2,6.0,2.0,3.0,15,8.0,7.0,9
16608,5.0,20,51,1,1,1,1,1,3000.0,9999.99,6.0,1.0,3.0,15,1.0,8.0,31
16609,5.0,22,51,1,1,1,1,1,9.0,3.9,7.0,2.0,3.0,15,8.0,8.0,3
16610,5.0,23,51,1,1,1,1,1,1.0,345.0,7.0,2.0,8.0,9,1.0,1.0,31
16611,5.0,19,51,1,1,1,1,1,3004.0,9999.99,6.0,2.0,2.0,15,4.0,1.0,9
16612,5.0,16,51,1,1,2,1,1,3000.0,9999.99,6.0,1.0,3.0,15,5.0,2.0,3
16614,5.0,8,51,1,1,2,1,1,1.0,338.2,6.0,2.0,3.0,15,1.0,6.0,31
16615,5.0,23,51,1,1,1,1,1,9.0,3.9,7.0,1.0,3.0,15,8.0,7.0,32
16616,5.0,22,51,1,1,1,1,1,3000.0,9999.99,6.0,1.0,1.0,15,1.0,4.0,21
16617,5.0,12,51,1,1,2,1,1,9.0,3.2,7.0,2.0,3.0,15,8.0,2.0,3
16618,5.0,20,51,1,1,1,1,1,3000.0,9999.99,6.0,1.0,8.0,14,1.0,16.0,409
16619,5.0,9,51,1,1,2,1,1,3000.0,9999.99,6.0,1.0,8.0,14,1.0,16.0,33
16620,5.0,22,51,1,1,1,1,1,3004.0,9999.99,7.0,2.0,3.0,15,7.0,6.0,9
16621,5.0,9,72,1,1,2,1,1,3011.0,9999.99,14.0,1.0,3.0,15,7.0,2.0,82
16622,5.0,9,72,1,1,2,1,1,3007.0,9999.99,12.0,1.0,1.0,15,1.0,4.0,9
16623,5.0,20,72,1,1,1,1,1,3011.0,9999.99,14.0,1.0,2.0,4,5.0,1.0,9
16624,5.0,20,72,1,1,1,1,1,3011.0,4.0,5.0,2.0,7.0,14,6.0,2.0,9
16626,5.0,15,72,1,1,2,1,1,3011.0,6.0,6.0,2.0,4.0,4,1.0,15.0,21
16627,5.0,1,72,1,1,1,1,1,3007.0,9999.99,9.0,1.0,1.0,15,1.0,2.0,9
16628,5.0,19,72,1,1,1,1,1,3013.0,0.5,7.0,1.0,3.0,15,9.0,12.0,409
16632,5.0,18,72,1,1,2,1,1,3009.0,0.9,7.0,2.0,3.0,15,2.0,12.0,36
16633,5.0,12,72,1,1,2,1,1,3009.0,9999.99,12.0,1.0,2.0,15,4.0,1.0,9
16635,5.0,15,72,1,1,2,1,1,3007.0,8.2,8.0,1.0,1.0,14,1.0,16.0,86
16636,5.0,19,72,1,1,1,1,1,3011.0,9999.99,14.0,1.0,7.0,14,8.0,16.0,9
16637,5.0,13,72,1,1,2,1,1,3011.0,3.8,14.0,1.0,3.0,15,5.0,1.0,32
16638,5.0,15,72,2,1,2,1,1,9999.0,3.2,7.0,1.0,3.0,14,8.0,16.0,21
16640,5.0,15,72,1,1,2,1,1,3011.0,3.6,7.0,1.0,2.0,4,1.0,1.0,38
16641,5.0,13,72,1,1,2,1,1,3011.0,5.0,7.0,2.0,3.0,15,3.0,1.0,31
16642,5.0,9,72,1,1,2,1,1,3011.0,9999.99,7.0,1.0,2.0,15,4.0,1.0,9
16643,5.0,8,72,1,1,2,1,1,3011.0,3.2,12.0,1.0,2.0,15,1.0,1.0,32
16644,5.0,18,72,1,1,2,1,1,3011.0,9999.99,12.0,1.0,1.0,15,1.0,4.0,9
16646,5.0,12,72,1,1,2,1,1,3032.0,9999.99,12.0,1.0,3.0,15,8.0,4.0,38
16647,5.0,20,72,1,1,1,1,1,3011.0,3.0,14.0,1.0,4.0,15,9.0,2.0,9
16650,5.0,15,72,1,1,2,1,1,3009.0,9999.99,18.0,1.0,3.0,15,7.0,15.0,402
16651,5.0,9,72,1,1,2,1,1,3011.0,9999.99,14.0,1.0,3.0,3,9.0,1.0,33
16652,5.0,21,50,1,1,1,1,1,3011.0,2.0,14.0,1.0,3.0,4,9.0,1.0,3
16653,5.0,9,72,1,1,2,1,1,3011.0,9999.99,7.0,1.0,3.0,15,7.0,15.0,32
16654,5.0,17,72,1,1,2,1,1,3011.0,9999.99,12.0,1.0,2.0,15,9.0,8.0,402
16655,5.0,11,72,1,1,2,1,1,3032.0,9999.99,14.0,1.0,7.0,14,7.0,5.0,9
16656,5.0,22,72,1,1,1,1,1,3011.0,9999.99,7.0,1.0,2.0,15,7.0,1.0,38
16657,5.0,23,72,1,1,1,1,1,3011.0,9999.99,7.0,1.0,3.0,15,7.0,16.0,46
16658,5.0,19,72,1,1,1,1,1,3009.0,9999.99,14.0,1.0,2.0,15,4.0,1.0,33
16660,5.0,19,51,1,1,1,1,1,3000.0,9999.99,6.0,1.0,8.0,14,1.0,16.0,38
16662,5.0,11,72,1,1,2,1,1,3009.0,1.7,7.0,1.0,3.0,15,2.0,1.0,9
16663,5.0,10,72,1,1,2,1,1,1.0,377.0,8.0,1.0,7.0,15,1.0,1.0,341
16665,5.0,22,72,1,1,1,1,1,3009.0,9999.99,9.0,1.0,3.0,15,1.0,12.0,82
16666,5.0,19,72,1,1,1,1,1,3014.0,7.2,8.0,1.0,3.0,15,5.0,1.0,9
16668,5.0,16,72,1,1,2,1,1,1.0,379.0,8.0,1.0,2.0,15,4.0,1.0,31
16671,5.0,10,72,1,1,2,1,1,3014.0,13.2,11.0,1.0,2.0,1,4.0,20.0,21
16672,5.0,9,72,1,1,2,1,1,3014.0,10.5,7.0,1.0,7.0,15,9.0,21.0,9
16674,5.0,20,72,1,1,1,1,1,3014.0,7.3,8.0,1.0,2.0,15,4.0,1.0,3
16675,5.0,8,72,1,1,2,1,1,3014.0,8.0,7.0,1.0,2.0,15,8.0,12.0,9
16676,5.0,17,54,1,1,2,1,1,1.0,386.3,61.0,1.0,7.0,7,1.0,18.0,3
16677,5.0,14,54,1,1,2,1,1,3014.0,15.8,7.0,1.0,3.0,15,8.0,12.0,9
16680,5.0,13,51,1,1,2,1,1,801.0,50.6,10.0,2.0,2.0,15,4.0,1.0,9
16681,5.0,15,51,1,1,2,1,1,8101.0,3.6,8.0,2.0,8.0,14,1.0,16.0,3
16682,5.0,21,51,1,1,1,1,1,8101.0,1.0,8.0,2.0,8.0,18,1.0,18.0,33
16683,5.0,20,51,1,1,1,1,1,801.0,57.4,10.0,2.0,8.0,18,1.0,18.0,21
16685,5.0,15,51,1,1,2,1,1,8101.0,3.1,8.0,2.0,7.0,15,4.0,1.0,3
16686,5.0,8,50,1,1,2,1,1,801.0,86.0,7.0,2.0,8.0,18,9.0,1.0,9
16687,5.0,22,50,1,1,1,1,1,801.0,94.3,7.0,2.0,7.0,14,1.0,16.0,9
16688,5.0,20,72,1,1,1,1,1,3012.0,8.3,14.0,1.0,2.0,15,4.0,1.0,9
16689,5.0,11,72,1,1,2,1,1,3012.0,0.4,14.0,1.0,3.0,15,6.0,1.0,9
16690,5.0,20,72,1,1,1,1,1,3012.0,0.5,14.0,1.0,3.0,15,2.0,2.0,3
16691,5.0,15,72,1,1,2,1,1,3012.0,4.8,14.0,1.0,3.0,15,2.0,2.0,33
16693,5.0,23,72,1,1,1,1,1,3014.0,10.5,11.0,1.0,7.0,14,7.0,16.0,21
16694,5.0,19,72,2,1,1,1,1,3014.0,9.7,9.0,1.0,3.0,15,6.0,1.0,3
16695,5.0,10,72,1,1,2,1,1,320.0,9999.99,8.0,1.0,3.0,15,3.0,1.0,32
16697,5.0,18,72,1,1,2,1,1,3014.0,8.1,11.0,1.0,2.0,14,7.0,16.0,341
16699,5.0,15,72,1,1,2,1,1,320.0,21.0,7.0,1.0,4.0,15,4.0,1.0,21
16700,5.0,19,72,1,1,1,1,1,320.0,16.0,7.0,1.0,3.0,15,3.0,1.0,3
16701,5.0,23,72,1,1,1,1,1,320.0,21.0,7.0,1.0,2.0,15,4.0,1.0,33
16705,5.0,17,72,1,1,2,1,1,320.0,14.6,7.0,1.0,3.0,15,2.0,13.0,9
16706,5.0,12,72,1,1,2,1,1,320.0,16.2,7.0,1.0,3.0,15,3.0,1.0,21
16711,5.0,18,72,1,1,2,1,1,320.0,21.1,7.0,1.0,2.0,15,4.0,1.0,21
16713,5.0,8,51,1,1,2,1,1,801.0,49.2,10.0,2.0,2.0,15,1.0,1.0,3
16717,5.0,21,51,1,1,1,1,1,322.0,10.4,16.0,2.0,7.0,2,1.0,1.0,59
16718,5.0,19,51,1,2,1,1,1,322.0,12.2,16.0,2.0,3.0,15,5.0,1.0,31
16719,5.0,21,51,1,1,1,1,1,322.0,9.5,16.0,2.0,3.0,15,1.0,1.0,21
16720,5.0,16,51,1,1,2,1,1,322.0,12.3,16.0,2.0,3.0,15,7.0,18.0,3
16721,5.0,15,51,1,1,2,1,1,322.0,11.8,16.0,2.0,3.0,15,2.0,1.0,9
16722,5.0,12,51,1,1,2,1,1,322.0,9.6,16.0,2.0,3.0,15,7.0,1.0,3
16723,5.0,21,51,1,1,1,1,1,322.0,9.7,16.0,2.0,2.0,15,4.0,1.0,21
16724,5.0,11,51,1,1,2,1,1,322.0,13.0,16.0,2.0,3.0,15,5.0,1.0,21
16725,5.0,10,72,1,1,2,1,1,320.0,12.2,7.0,1.0,2.0,15,4.0,1.0,31
16726,5.0,11,72,1,1,2,1,1,320.0,11.8,7.0,1.0,3.0,15,3.0,1.0,9
16727,5.0,15,72,1,1,2,1,1,320.0,21.2,7.0,1.0,2.0,15,4.0,1.0,71
16728,5.0,20,72,1,1,1,1,1,3001.0,1.9,7.0,1.0,3.0,15,1.0,9.0,21
16729,5.0,20,72,1,1,1,1,1,3001.0,1.9,7.0,1.0,3.0,15,1.0,18.0,21
16730,5.0,15,72,1,1,2,1,1,3011.0,9999.99,14.0,1.0,7.0,14,4.0,1.0,38
16732,5.0,11,50,1,1,2,1,1,9999.0,9999.99,14.0,1.0,4.0,15,9.0,2.0,38
16733,5.0,10,50,1,1,2,1,1,3007.0,9999.99,14.0,1.0,3.0,15,7.0,2.0,38
16734,5.0,14,50,1,1,2,1,1,3011.0,9999.99,15.0,1.0,2.0,15,4.0,1.0,31
16735,5.0,4,51,1,1,1,1,1,3313.0,9999.99,6.0,1.0,8.0,18,9.0,13.0,9
16737,5.0,9,71,1,1,2,1,1,9.0,27.1,8.0,2.0,3.0,15,1.0,1.0,38
16740,5.0,18,38,1,1,2,1,1,1100.0,25.4,9.0,1.0,2.0,15,4.0,1.0,21
16741,5.0,18,10,1,1,2,1,1,3406.0,12.2,5.0,1.0,1.0,15,1.0,14.0,82
16742,5.0,17,58,1,1,2,1,1,201.0,130.2,5.0,1.0,2.0,15,4.0,1.0,9
16743,5.0,9,10,1,1,2,1,1,801.0,138.6,7.0,2.0,8.0,13,9.0,10.0,53
16744,5.0,19,10,1,1,1,1,1,3471.0,9999.99,5.0,1.0,1.0,15,1.0,14.0,21
16745,5.0,23,58,1,1,1,1,1,201.0,101.3,7.0,1.0,2.0,15,4.0,1.0,21
16746,5.0,12,58,1,1,2,1,1,1.0,514.5,7.0,1.0,8.0,14,3.0,16.0,9
16747,5.0,21,58,1,1,1,1,1,202.0,106.7,7.0,1.0,3.0,15,7.0,16.0,9
16748,5.0,18,10,1,1,2,1,1,1.0,440.0,7.0,1.0,1.0,15,1.0,4.0,9
16749,5.0,23,10,1,1,1,1,1,1.0,431.0,7.0,1.0,8.0,14,3.0,16.0,46
16750,5.0,13,10,1,1,2,1,1,318.0,9.3,6.0,1.0,8.0,14,2.0,16.0,21
16751,5.0,15,10,1,1,2,1,1,303.0,52.6,7.0,1.0,8.0,13,9.0,10.0,21
16752,5.0,15,10,1,1,2,1,1,3403.0,9999.99,5.0,1.0,2.0,15,4.0,1.0,9
16753,5.0,22,10,1,1,1,1,1,1.0,460.2,7.0,1.0,1.0,15,1.0,14.0,409
16754,5.0,5,10,1,1,1,1,1,1.0,409.8,7.0,1.0,8.0,13,9.0,11.0,9
16755,5.0,10,10,1,1,2,1,1,301.0,52.0,7.0,1.0,3.0,14,9.0,11.0,9
16757,5.0,15,10,1,1,2,1,1,303.0,104.6,7.0,1.0,2.0,15,4.0,1.0,9
16758,5.0,10,10,1,1,2,1,1,3427.0,10.0,7.0,1.0,3.0,15,7.0,12.0,40
16760,5.0,16,10,1,1,2,1,1,1.0,472.1,7.0,1.0,8.0,14,1.0,16.0,3
16761,5.0,3,10,1,1,1,1,1,801.0,135.0,7.0,2.0,3.0,15,8.0,1.0,9
16762,5.0,7,10,1,1,2,1,1,801.0,146.4,7.0,2.0,2.0,15,4.0,1.0,9
16764,5.0,20,10,1,1,1,1,1,316.0,34.9,5.0,1.0,8.0,13,9.0,11.0,9
16765,5.0,19,10,1,1,1,1,1,3403.0,9999.99,5.0,1.0,8.0,14,1.0,16.0,21
16766,5.0,20,10,1,1,1,1,1,301.0,3.7,6.0,2.0,8.0,13,9.0,11.0,38
16767,5.0,17,10,1,1,2,1,1,3410.0,8.2,5.0,1.0,8.0,14,1.0,16.0,32
16768,5.0,4,10,1,1,1,1,1,301.0,6.2,6.0,2.0,8.0,14,3.0,16.0,21
16769,5.0,22,10,1,1,1,1,1,3423.0,2.4,7.0,1.0,2.0,15,4.0,1.0,9
16770,5.0,7,58,1,1,2,1,1,202.0,102.2,7.0,1.0,2.0,15,4.0,1.0,46
16771,5.0,10,58,1,1,2,1,1,201.0,104.9,6.0,1.0,8.0,14,1.0,16.0,9
16773,5.0,20,58,1,1,1,1,1,3430.0,8.0,5.0,1.0,2.0,15,4.0,1.0,71
16774,5.0,6,58,1,1,2,1,1,301.0,67.1,7.0,1.0,8.0,13,9.0,11.0,9
16775,5.0,18,58,1,1,2,1,1,301.0,70.0,7.0,1.0,8.0,16,1.0,18.0,32
16780,5.0,18,58,1,1,2,1,1,202.0,63.0,7.0,1.0,8.0,13,9.0,11.0,82
16781,5.0,18,58,1,1,2,1,1,202.0,63.0,7.0,1.0,2.0,15,4.0,1.0,9
16782,5.0,5,58,1,1,1,1,1,1.0,515.4,7.0,1.0,8.0,13,9.0,11.0,31
16783,5.0,13,58,1,1,2,1,1,1.0,521.0,7.0,1.0,3.0,15,8.0,1.0,31
16785,5.0,13,58,1,1,2,1,1,1.0,525.1,7.0,1.0,2.0,15,4.0,1.0,32
16786,5.0,12,58,1,1,2,1,1,1.0,522.5,7.0,1.0,5.0,15,8.0,14.0,31
16787,5.0,15,58,1,1,2,1,1,3459.0,9999.99,5.0,1.0,2.0,15,4.0,1.0,9
16788,5.0,11,58,1,1,2,1,1,3459.0,9999.99,5.0,1.0,8.0,13,9.0,10.0,9
16790,5.0,20,58,1,1,1,1,1,3459.0,9999.99,5.0,1.0,3.0,15,8.0,1.0,31
16791,5.0,13,58,1,1,2,1,1,202.0,108.7,7.0,1.0,3.0,15,8.0,14.0,9
16792,5.0,18,58,1,1,2,1,1,3459.0,9999.99,5.0,1.0,3.0,15,8.0,14.0,9
16793,5.0,13,58,1,1,2,1,1,3459.0,9999.99,5.0,1.0,3.0,15,8.0,14.0,31
16794,5.0,12,58,1,1,2,1,1,801.0,266.6,7.0,2.0,8.0,13,9.0,11.0,9
16795,5.0,22,58,1,1,1,1,1,3445.0,8.2,6.0,1.0,5.0,15,9.0,1.0,9
16796,5.0,18,58,1,1,2,1,1,3445.0,5.0,5.0,1.0,8.0,13,9.0,12.0,9
16797,5.0,18,58,1,1,2,1,1,3445.0,7.6,5.0,1.0,2.0,15,4.0,1.0,9
16798,5.0,20,58,1,1,1,1,1,202.0,91.6,7.0,1.0,2.0,15,4.0,1.0,9
16799,5.0,11,58,1,1,2,1,1,7.0,14.6,8.0,1.0,2.0,15,4.0,1.0,31
16800,5.0,20,68,1,1,1,1,1,201.0,82.2,5.0,1.0,8.0,13,9.0,12.0,31
16801,5.0,0,58,1,1,1,1,1,202.0,102.3,7.0,1.0,8.0,14,2.0,16.0,9
16802,5.0,11,58,1,1,2,1,1,7.0,6.2,8.0,1.0,8.0,13,9.0,11.0,82
16803,5.0,21,58,1,1,1,1,1,202.0,102.6,7.0,1.0,3.0,15,7.0,12.0,36
16804,5.0,19,58,1,1,1,1,1,202.0,108.2,7.0,1.0,8.0,14,2.0,16.0,9
16805,5.0,12,58,1,1,2,1,1,7.0,6.4,8.0,1.0,3.0,15,8.0,12.0,9
16806,5.0,18,58,1,1,2,1,1,202.0,108.4,7.0,1.0,2.0,15,4.0,1.0,9
16807,5.0,23,68,1,1,1,1,1,201.0,84.6,5.0,1.0,1.0,15,1.0,14.0,48
16808,5.0,16,10,1,1,2,1,1,1.0,436.1,7.0,1.0,3.0,15,8.0,12.0,9
16809,5.0,12,10,1,1,2,1,1,320.0,68.9,7.0,1.0,8.0,13,9.0,10.0,9
16810,5.0,12,10,1,1,2,1,1,1.0,424.0,7.0,1.0,8.0,14,1.0,16.0,9
16811,5.0,14,10,1,1,2,1,1,9999.0,4.2,6.0,1.0,8.0,14,2.0,16.0,21
16812,5.0,21,10,1,1,1,1,1,3406.0,9999.99,5.0,1.0,3.0,15,8.0,14.0,38
16813,5.0,22,10,1,1,1,1,1,1.0,419.0,7.0,1.0,8.0,14,2.0,16.0,9
16814,5.0,16,10,1,1,2,1,1,320.0,70.0,7.0,1.0,2.0,15,4.0,1.0,9
16815,5.0,20,10,1,1,1,1,1,320.0,52.6,7.0,1.0,8.0,13,9.0,10.0,9
16816,5.0,17,10,1,1,2,1,1,1.0,439.0,7.0,1.0,3.0,15,8.0,14.0,31
16819,5.0,13,10,1,1,2,1,1,1.0,439.3,7.0,1.0,2.0,15,4.0,1.0,32
16820,5.0,13,10,1,1,2,1,1,3400.0,15.0,5.0,1.0,1.0,15,7.0,6.0,9
16821,5.0,18,10,1,1,2,1,1,1.0,437.3,7.0,1.0,8.0,13,9.0,11.0,32
16822,5.0,19,10,1,1,1,1,1,1.0,434.1,7.0,1.0,8.0,14,1.0,16.0,9
16823,5.0,12,10,1,1,2,1,1,3463.0,4.4,5.0,1.0,8.0,13,9.0,10.0,400
16824,5.0,20,10,1,1,1,1,1,3406.0,13.0,5.0,1.0,2.0,15,6.0,1.0,21
16825,5.0,18,10,1,1,2,1,1,1.0,439.1,7.0,1.0,8.0,13,9.0,11.0,46
16827,5.0,14,10,1,1,2,1,1,3459.0,0.9,5.0,1.0,8.0,13,9.0,11.0,9
16829,5.0,13,10,1,1,2,1,1,316.0,9999.99,5.0,1.0,3.0,15,7.0,15.0,32
16831,5.0,21,10,1,1,1,1,1,316.0,61.0,5.0,1.0,2.0,15,6.0,1.0,406
16833,5.0,16,10,1,1,2,1,1,3416.0,9999.99,5.0,1.0,2.0,15,4.0,1.0,32
16834,5.0,21,10,1,1,1,1,1,3409.0,9999.99,5.0,1.0,8.0,13,9.0,11.0,9
16835,5.0,10,10,1,1,2,1,1,301.0,35.0,7.0,1.0,4.0,15,4.0,1.0,38
16836,5.0,10,10,1,1,2,1,1,301.0,42.0,7.0,1.0,3.0,15,8.0,14.0,9
16838,5.0,19,10,1,1,1,1,1,301.0,54.0,7.0,1.0,8.0,14,1.0,16.0,59
16839,5.0,12,10,1,1,2,1,1,301.0,35.2,7.0,1.0,2.0,15,4.0,1.0,38
16840,5.0,23,10,1,1,1,1,1,3407.0,9999.99,5.0,1.0,2.0,15,4.0,1.0,9
16842,5.0,12,10,1,1,2,1,1,3416.0,9999.99,5.0,1.0,2.0,15,4.0,1.0,9
16843,5.0,9,10,1,1,2,1,1,3403.0,9999.99,5.0,1.0,1.0,15,1.0,14.0,430
16844,5.0,13,10,1,1,2,1,1,3403.0,9999.99,5.0,1.0,8.0,13,9.0,11.0,3
16847,5.0,11,10,1,1,2,1,1,301.0,32.4,7.0,1.0,8.0,13,9.0,11.0,31
16848,5.0,17,10,1,1,2,1,1,301.0,18.2,6.0,2.0,8.0,7,3.0,11.0,9
16849,5.0,17,10,1,1,2,1,1,316.0,10.2,5.0,1.0,3.0,15,8.0,1.0,9
16851,5.0,19,10,1,1,1,1,1,301.0,4.3,6.0,2.0,8.0,13,9.0,11.0,9
16857,5.0,22,10,1,1,1,1,1,301.0,6.8,6.0,2.0,8.0,14,2.0,16.0,3
16858,5.0,12,10,1,1,2,1,1,301.0,18.0,6.0,2.0,8.0,13,9.0,11.0,9
16862,5.0,15,10,1,1,2,1,1,301.0,4.1,6.0,2.0,3.0,15,8.0,6.0,38
16866,5.0,16,10,1,1,2,1,1,301.0,8.2,6.0,2.0,2.0,15,4.0,1.0,3
16868,5.0,18,10,1,1,2,1,1,3410.0,5.2,5.0,1.0,8.0,14,1.0,16.0,3
16869,5.0,13,10,1,1,2,1,1,301.0,22.4,7.0,1.0,8.0,13,9.0,11.0,3
16870,5.0,10,10,1,1,2,1,1,301.0,14.6,6.0,2.0,4.0,15,4.0,1.0,9
16873,5.0,19,10,1,1,1,1,1,301.0,2.1,6.0,2.0,3.0,15,8.0,1.0,3
16874,5.0,6,10,1,1,2,1,1,301.0,20.8,6.0,2.0,3.0,15,8.0,1.0,82
16875,5.0,9,10,1,1,2,1,1,3410.0,4.6,5.0,1.0,8.0,14,1.0,16.0,9
16877,5.0,0,10,1,1,1,1,1,301.0,4.0,6.0,2.0,8.0,14,1.0,16.0,38