NUM_ACC,MOIS_ACC,HEU_ACC,COD_PRV,COD_ETA_CHA,COD_ETA_SUR,COD_LUM,COD_INT,TYP_LIE_ACC,NUM_ROU,PKM,LAR_CHA,COD_TYP_CHA,COD_TYP_COL,COD_OBS_HRT,COD_POI_CHO,COD_MAN,CIR_ACC
16881,5.0,19,10,1,1,1,1,1,318.0,19.5,6.0,1.0,8.0,14,1.0,16.0,82
16882,5.0,16,10,1,1,2,1,1,1.0,423.0,7.0,1.0,3.0,15,7.0,12.0,3
16883,5.0,19,10,1,1,1,1,1,318.0,9.2,6.0,1.0,8.0,14,3.0,16.0,21
16884,5.0,8,10,1,1,2,1,1,801.0,166.1,7.0,2.0,8.0,13,9.0,11.0,9
16885,5.0,2,10,1,1,1,1,1,801.0,167.0,7.0,2.0,8.0,13,9.0,11.0,31
16886,5.0,14,10,1,1,2,1,1,801.0,183.3,7.0,2.0,8.0,13,9.0,11.0,42
16887,5.0,18,10,1,1,2,1,1,801.0,162.2,7.0,2.0,8.0,13,9.0,11.0,33
16888,5.0,19,10,1,1,1,1,1,801.0,126.2,7.0,2.0,8.0,13,9.0,5.0,31
16889,5.0,16,10,1,1,2,1,1,3416.0,9999.99,5.0,1.0,2.0,15,6.0,1.0,9
16890,5.0,19,10,1,1,1,1,1,1.0,503.6,6.0,2.0,3.0,15,8.0,12.0,71
16891,5.0,22,10,1,1,1,1,1,3453.0,11.1,5.0,1.0,3.0,15,7.0,16.0,36
16892,5.0,13,10,1,1,2,1,1,316.0,41.0,6.0,1.0,3.0,15,8.0,6.0,46
16894,5.0,17,10,1,1,2,1,1,316.0,35.3,5.0,1.0,8.0,13,9.0,11.0,9
16895,5.0,18,10,1,1,2,1,1,316.0,20.7,5.0,1.0,1.0,15,1.0,14.0,82
16896,5.0,17,10,1,1,2,1,1,316.0,28.4,6.0,1.0,8.0,13,9.0,11.0,82
16897,5.0,12,10,1,1,2,1,1,303.0,65.0,7.0,1.0,2.0,15,6.0,1.0,82
16898,5.0,14,10,1,1,2,1,1,316.0,18.0,5.0,1.0,3.0,15,8.0,6.0,21
16899,5.0,12,10,1,1,2,1,1,316.0,9999.99,5.0,1.0,8.0,13,9.0,11.0,9
16901,5.0,8,10,1,1,2,1,1,3443.0,13.0,5.0,1.0,8.0,13,9.0,10.0,21
16902,5.0,22,10,1,1,1,1,1,3449.0,5.4,5.0,1.0,3.0,15,8.0,14.0,21
16904,5.0,11,10,1,1,2,1,1,3427.0,0.2,7.0,1.0,8.0,14,1.0,16.0,21
16905,5.0,21,10,1,1,1,1,1,1.0,479.7,7.0,1.0,3.0,15,7.0,14.0,32
16906,5.0,15,10,1,1,2,1,1,1.0,477.5,7.0,1.0,3.0,15,8.0,6.0,31
16907,5.0,12,10,1,1,2,1,1,3403.0,9999.99,5.0,1.0,8.0,13,9.0,11.0,81
16908,5.0,14,10,1,1,2,1,1,1.0,461.3,7.0,1.0,3.0,15,8.0,12.0,9
16909,5.0,19,10,1,1,1,1,1,3471.0,9999.99,5.0,1.0,3.0,15,8.0,1.0,21
16911,5.0,15,10,1,1,2,1,1,303.0,10.1,7.0,1.0,8.0,14,2.0,16.0,9
16912,5.0,7,10,1,1,2,1,1,320.0,47.5,7.0,1.0,3.0,15,8.0,1.0,9
16913,5.0,12,10,1,1,2,1,1,1.0,408.2,7.0,1.0,8.0,13,9.0,10.0,9
16914,5.0,22,10,1,1,1,1,1,303.0,4.9,7.0,1.0,3.0,15,8.0,1.0,9
16915,5.0,13,10,1,1,2,1,1,1.0,503.4,6.0,2.0,3.0,15,8.0,1.0,9
16916,5.0,7,10,1,1,2,1,1,1.0,488.0,7.0,1.0,2.0,15,4.0,1.0,31
16917,5.0,4,10,1,1,1,1,1,1.0,488.0,7.0,1.0,3.0,15,8.0,14.0,9
16919,5.0,17,10,1,1,2,1,1,1.0,503.0,6.0,2.0,8.0,14,1.0,16.0,21
16920,5.0,17,10,1,1,2,1,1,3416.0,9999.99,5.0,1.0,8.0,13,9.0,11.0,341
16921,5.0,7,10,1,1,2,1,1,1.0,486.4,7.0,1.0,2.0,15,4.0,1.0,31
16922,5.0,15,10,1,1,2,1,1,3416.0,9999.99,5.0,1.0,3.0,15,8.0,4.0,82
16923,5.0,9,10,1,1,2,1,1,801.0,139.2,7.0,2.0,8.0,13,9.0,11.0,31
16924,5.0,15,10,1,1,2,1,1,801.0,146.9,7.0,2.0,8.0,13,9.0,11.0,9
16926,5.0,11,10,1,1,2,1,1,801.0,192.0,7.0,2.0,3.0,15,8.0,1.0,21
16927,5.0,5,10,1,1,1,1,1,801.0,211.0,7.0,2.0,8.0,13,9.0,11.0,21
16928,5.0,16,10,1,1,2,1,1,801.0,190.8,7.0,2.0,8.0,13,9.0,5.0,9
16929,5.0,14,10,1,1,2,1,1,801.0,198.2,7.0,2.0,8.0,3,9.0,10.0,9
16930,5.0,22,10,1,1,1,1,1,1.0,485.5,7.0,1.0,8.0,16,3.0,16.0,3
16931,5.0,15,10,1,1,2,1,1,3403.0,9999.99,5.0,1.0,2.0,15,1.0,3.0,341
16932,5.0,21,10,1,1,1,1,1,3403.0,9999.99,5.0,1.0,2.0,15,4.0,1.0,9
16933,5.0,19,10,1,1,1,1,1,1.0,461.2,7.0,1.0,3.0,15,8.0,12.0,36
16934,5.0,12,10,1,1,2,1,1,1.0,460.0,7.0,1.0,3.0,15,8.0,12.0,9
16935,5.0,20,10,1,1,1,1,1,316.0,2.2,5.0,1.0,8.0,14,1.0,1.0,9
16936,5.0,12,10,1,1,2,1,1,1.0,464.6,7.0,1.0,2.0,15,4.0,1.0,400
16937,5.0,13,10,1,1,2,1,1,1.0,426.9,7.0,1.0,2.0,15,4.0,1.0,48
16938,5.0,17,10,1,1,2,1,1,3427.0,6.0,7.0,1.0,2.0,15,4.0,1.0,33
16939,5.0,17,10,1,1,2,1,1,1.0,448.2,7.0,1.0,2.0,15,4.0,1.0,21
16942,5.0,20,10,1,1,1,1,1,3449.0,1.0,5.0,1.0,3.0,15,8.0,14.0,9
16943,5.0,1,58,1,1,1,1,1,3436.0,9999.99,5.0,1.0,8.0,13,9.0,11.0,3
16944,5.0,14,10,2,1,2,1,1,3449.0,9999.99,5.0,1.0,8.0,13,9.0,11.0,9
16945,5.0,20,58,1,1,1,1,1,7.0,38.2,8.0,1.0,3.0,15,8.0,12.0,9
16946,5.0,18,58,1,1,2,1,1,3430.0,9999.99,5.0,1.0,2.0,15,4.0,1.0,46
16947,5.0,1,58,1,1,1,1,1,3430.0,9999.99,5.0,1.0,8.0,13,9.0,11.0,21
16948,5.0,14,58,1,1,2,1,1,201.0,103.2,7.0,1.0,3.0,15,8.0,14.0,9
16949,5.0,20,53,1,1,1,1,1,15.0,9999.99,6.0,1.0,2.0,1,4.0,1.0,21
16950,5.0,23,53,1,1,1,1,1,13.0,391.1,6.0,1.0,8.0,14,1.0,18.0,9
16951,5.0,20,13,1,1,1,1,1,13.0,618.3,6.0,1.0,8.0,14,1.0,16.0,33
16953,5.0,18,13,1,1,2,1,1,7101.0,3.0,6.0,1.0,8.0,18,1.0,1.0,9
16965,5.0,12,13,1,1,2,1,1,13.0,525.2,6.0,1.0,8.0,18,1.0,1.0,9
16966,5.0,20,13,1,1,1,1,1,10.0,651.4,6.0,1.0,3.0,15,2.0,1.0,9
16967,5.0,14,13,1,1,2,1,1,10.0,646.65,6.0,1.0,3.0,15,2.0,1.0,31
16969,5.0,15,53,1,1,2,1,1,13.0,387.8,6.0,1.0,8.0,10,9.0,10.0,32
16970,5.0,19,53,1,1,1,1,1,13.0,400.8,6.0,1.0,8.0,13,1.0,10.0,38
16972,5.0,23,13,1,1,1,1,1,13.0,585.5,7.0,1.0,2.0,15,1.0,1.0,9
16973,5.0,17,13,1,1,2,1,1,7109.0,32.2,6.0,1.0,8.0,13,1.0,1.0,341
16974,5.0,3,13,1,1,1,1,1,10.0,700.7,6.0,1.0,7.0,14,1.0,16.0,48
16975,5.0,18,13,1,1,2,1,1,10.0,705.7,8.0,1.0,8.0,13,9.0,1.0,38
16977,5.0,4,13,1,1,1,1,1,13.0,666.5,6.0,1.0,2.0,15,5.0,1.0,3
16978,5.0,21,13,1,1,1,1,1,702.0,72.1,6.0,1.0,2.0,15,4.0,1.0,9
16981,5.0,19,13,1,1,1,1,1,10.0,556.2,17.0,1.0,7.0,15,6.0,1.0,9
16983,5.0,11,13,1,1,2,1,1,10.0,557.0,17.0,1.0,7.0,15,3.0,12.0,21
16985,5.0,9,13,1,1,2,1,1,702.0,84.1,6.0,1.0,8.0,18,3.0,1.0,38
16987,5.0,21,53,1,1,1,1,1,9999.0,183.7,8.0,1.0,2.0,15,4.0,1.0,9
16989,5.0,22,12,1,1,1,1,1,2207.0,9999.99,4.0,1.0,1.0,18,1.0,4.0,9
16990,5.0,8,12,1,1,2,1,1,1.0,653.1,6.0,1.0,2.0,15,4.0,1.0,21
16991,5.0,12,12,1,1,2,1,1,2201.0,9999.99,5.0,1.0,3.0,15,1.0,2.0,9
16993,5.0,6,12,1,1,2,1,1,1.0,702.0,6.0,1.0,7.0,12,1.0,1.0,31
16995,5.0,20,12,1,1,1,1,1,2236.0,2.5,6.0,1.0,1.0,15,1.0,4.0,9
16997,5.0,13,12,1,1,2,1,1,1.0,717.6,5.0,1.0,1.0,15,1.0,2.0,82
16999,5.0,16,12,1,1,2,1,1,1.0,732.8,6.0,1.0,8.0,18,8.0,18.0,9
17000,5.0,13,12,1,1,2,1,1,1.0,738.5,6.0,1.0,1.0,15,1.0,2.0,36
17001,5.0,16,12,1,1,2,1,1,2207.0,9999.99,3.0,1.0,8.0,14,1.0,1.0,9
17002,5.0,13,27,1,1,2,1,1,1.0,623.3,7.0,1.0,8.0,18,1.0,1.0,9
17003,5.0,0,12,1,1,1,1,1,9999.0,48.8,7.0,1.0,8.0,14,1.0,2.0,9
17004,5.0,18,12,1,1,2,1,1,2026.0,9999.99,10.0,2.0,1.0,15,1.0,4.0,21
17005,5.0,21,12,1,1,1,1,1,1.0,664.8,7.0,1.0,3.0,15,2.0,1.0,48
17006,5.0,3,12,1,1,1,1,1,1.0,648.8,6.0,1.0,8.0,18,9.0,9.0,32
17007,5.0,9,12,1,1,2,1,1,2201.0,9999.99,5.0,1.0,8.0,18,1.0,1.0,9
17008,5.0,11,12,1,1,2,1,1,1.0,690.12,6.0,1.0,2.0,15,2.0,1.0,31
17009,5.0,8,35,1,1,2,1,1,419.0,9999.99,6.0,1.0,8.0,13,9.0,10.0,46
17010,5.0,1,14,1,1,1,1,1,6.0,217.0,9.0,1.0,8.0,18,1.0,1.0,31
17011,5.0,17,66,1,1,2,1,1,9999.0,9999.99,6.0,1.0,8.0,13,9.0,11.0,9
17012,5.0,17,7,1,1,2,1,1,15.0,177.5,6.0,1.0,8.0,13,9.0,10.0,9
17013,5.0,13,66,1,1,2,1,1,5003.0,17.5,5.0,1.0,1.0,15,1.0,4.0,9
17014,5.0,18,14,1,1,2,1,1,6.0,208.7,9.0,1.0,7.0,15,2.0,5.0,36
17017,5.0,19,35,1,1,1,1,1,5313.0,9999.99,6.0,1.0,7.0,15,8.0,4.0,21
17019,5.0,2,35,1,1,1,1,1,508.0,24.5,6.0,1.0,8.0,13,9.0,11.0,21
17020,5.0,23,35,1,1,1,1,1,8.0,775.0,7.0,1.0,8.0,13,9.0,10.0,9
17021,5.0,7,35,1,1,2,1,1,5319.0,3.0,6.0,1.0,8.0,13,9.0,10.0,9
17036,5.0,6,66,1,1,2,1,1,5027.0,9999.99,5.0,1.0,1.0,15,1.0,2.0,409
17038,5.0,10,66,1,1,2,1,1,4.0,157.2,8.0,1.0,7.0,15,8.0,4.0,9
17039,5.0,19,66,1,1,1,1,1,4.0,148.0,8.0,1.0,1.0,15,1.0,4.0,9
17044,5.0,18,66,1,1,2,1,1,5017.0,9999.99,7.0,1.0,7.0,15,8.0,4.0,9
17046,5.0,20,66,1,1,1,1,1,5017.0,9999.99,8.0,1.0,3.0,15,6.0,6.0,21
17050,5.0,12,66,1,1,2,1,1,8.0,740.2,8.0,1.0,7.0,15,8.0,4.0,9
17053,5.0,18,14,1,1,2,1,1,8.0,724.0,11.0,2.0,2.0,15,1.0,1.0,9
17054,5.0,18,14,1,1,2,1,1,8.0,724.2,11.0,2.0,2.0,15,2.0,1.0,9
17056,5.0,18,14,1,1,2,1,1,6.0,211.1,9.0,1.0,8.0,14,1.0,16.0,9
17058,5.0,13,14,1,1,2,1,1,8.0,724.8,11.0,2.0,8.0,14,1.0,16.0,21
17059,5.0,11,14,1,1,2,1,1,8.0,722.4,11.0,2.0,8.0,14,4.0,17.0,31
17061,5.0,11,14,1,1,2,1,1,8.0,725.0,11.0,2.0,2.0,15,1.0,1.0,9
17062,5.0,22,14,1,1,1,1,1,8.0,721.0,11.0,2.0,3.0,15,4.0,1.0,9
17067,5.0,10,14,1,1,2,1,1,8.0,722.2,11.0,2.0,8.0,14,1.0,16.0,9
17071,5.0,18,66,1,1,2,1,1,5013.0,9999.99,5.0,1.0,7.0,15,9.0,6.0,9
17074,5.0,13,66,1,1,2,1,1,5013.0,9999.99,5.0,1.0,7.0,15,8.0,4.0,32
17077,5.0,21,35,1,1,1,1,1,8.0,830.2,6.0,1.0,1.0,15,1.0,4.0,9
17078,5.0,11,35,1,1,2,1,1,8.0,801.2,7.0,1.0,8.0,13,8.0,11.0,9
17079,5.0,19,35,1,1,1,1,1,8.0,816.2,62.0,1.0,7.0,15,9.0,21.0,32
17082,5.0,18,35,1,1,2,1,1,8.0,794.5,6.0,1.0,7.0,15,8.0,4.0,38
17083,5.0,19,35,1,1,1,1,1,8.0,796.2,6.0,1.0,7.0,15,8.0,14.0,38
17085,5.0,15,35,1,1,2,1,1,8.0,796.2,6.0,1.0,1.0,15,1.0,4.0,21
17086,5.0,16,35,1,1,2,1,1,8.0,796.9,7.0,1.0,7.0,15,9.0,6.0,9
17087,5.0,9,66,1,1,2,1,1,5005.0,14.1,6.0,1.0,8.0,13,9.0,11.0,82
17088,5.0,18,66,1,1,2,1,1,5005.0,10.8,6.0,1.0,8.0,13,9.0,16.0,9
17089,5.0,19,66,1,1,1,1,1,5002.0,39.2,6.0,1.0,8.0,14,1.0,16.0,32
17090,5.0,16,66,1,1,2,1,1,5005.0,7.3,6.0,1.0,1.0,15,1.0,4.0,9
17091,5.0,13,66,1,1,2,1,1,5005.0,7.1,6.0,1.0,1.0,15,1.0,4.0,9
17095,5.0,10,14,1,1,2,1,1,9999.0,0.45,8.0,2.0,8.0,13,9.0,11.0,32
17098,5.0,13,35,1,1,2,1,1,508.0,2.2,6.0,1.0,8.0,13,9.0,11.0,9
17100,5.0,15,35,1,1,2,1,1,8.0,773.6,6.0,1.0,8.0,13,9.0,11.0,3
17103,5.0,14,35,1,1,2,1,1,508.0,20.1,6.0,1.0,8.0,13,9.0,11.0,82
17105,5.0,20,35,1,1,1,1,1,8.0,787.85,6.0,1.0,7.0,15,8.0,4.0,9
17106,5.0,10,35,1,1,2,1,1,8.0,788.0,6.0,1.0,2.0,15,1.0,1.0,31
17108,5.0,12,42,1,1,2,1,1,5016.0,9999.99,5.0,1.0,8.0,13,9.0,11.0,32
17110,5.0,12,42,1,1,2,1,1,504.0,11.8,5.0,1.0,1.0,15,1.0,4.0,50
17112,5.0,21,42,1,1,1,1,1,5031.0,9999.99,5.0,1.0,8.0,14,9.0,16.0,21
17113,5.0,11,42,1,1,2,1,1,5035.0,4.8,6.0,1.0,8.0,13,9.0,10.0,21
17114,5.0,16,7,1,1,2,1,1,15.0,260.5,6.0,1.0,8.0,13,9.0,10.0,21
17116,5.0,19,7,1,1,1,1,1,15.0,222.2,6.0,1.0,7.0,15,8.0,4.0,32
17119,5.0,6,7,1,1,2,1,1,7235.0,19.1,5.0,1.0,8.0,13,9.0,10.0,50
17120,5.0,13,7,1,1,2,1,1,7235.0,21.5,5.0,1.0,2.0,15,9.0,1.0,53
17121,5.0,16,7,1,1,2,1,1,503.0,127.1,6.0,1.0,8.0,13,9.0,11.0,36
17123,5.0,12,7,1,1,2,1,1,503.0,116.6,12.0,1.0,8.0,13,9.0,10.0,9
17124,5.0,17,7,1,1,2,1,1,503.0,103.0,6.0,1.0,1.0,15,4.0,4.0,32
17125,5.0,8,7,1,1,2,1,1,5115.0,2.5,5.0,1.0,8.0,13,9.0,11.0,9
17130,5.0,11,42,1,1,2,1,1,504.0,51.0,5.0,1.0,7.0,14,9.0,21.0,9
17132,5.0,18,14,1,1,2,1,1,802.0,202.5,7.0,2.0,2.0,15,4.0,1.0,33
17134,5.0,16,42,1,1,2,1,1,802.0,223.1,7.0,1.0,8.0,9,9.0,10.0,21
17135,5.0,14,42,1,1,2,1,1,802.0,229.5,7.0,1.0,8.0,3,9.0,11.0,3
17136,5.0,5,35,1,1,1,1,1,5312.0,9999.99,6.0,1.0,8.0,13,9.0,11.0,21
17137,5.0,7,35,1,1,2,1,1,5304.0,9999.99,6.0,1.0,8.0,13,9.0,11.0,21
17138,5.0,22,35,1,1,1,1,1,5304.0,9999.99,8.0,1.0,8.0,13,9.0,11.0,31
17139,5.0,12,35,1,1,2,1,1,419.0,9999.99,6.0,1.0,7.0,15,9.0,18.0,82
17144,5.0,21,31,1,1,1,1,1,1.0,1217.55,7.0,1.0,8.0,14,1.0,1.0,9
17145,5.0,16,32,1,1,2,1,1,103.0,2.94,6.0,1.0,8.0,18,1.0,1.0,21
17148,5.0,18,59,1,1,2,1,1,9999.0,38.4,7.0,1.0,8.0,13,9.0,1.0,82
17149,5.0,21,59,1,1,1,1,1,9999.0,33.4,7.0,1.0,8.0,13,9.0,12.0,82
17151,5.0,14,59,1,1,2,1,1,9999.0,43.5,7.0,1.0,8.0,13,9.0,13.0,32
17153,5.0,8,59,1,1,2,1,1,104.0,24.7,6.0,1.0,8.0,13,9.0,12.0,400
17154,5.0,12,59,1,1,2,1,1,1903.0,9999.99,5.0,1.0,7.0,14,1.0,16.0,32
17156,5.0,23,59,1,1,1,1,1,104.0,10.4,6.0,1.0,8.0,13,9.0,12.0,82
17157,5.0,18,59,1,1,2,1,1,1914.0,9999.99,5.0,1.0,1.0,15,9.0,4.0,9
17159,5.0,6,32,1,1,2,1,1,9999.0,80.0,6.0,1.0,2.0,15,4.0,1.0,38
17160,5.0,20,32,1,1,1,1,1,1.0,1071.2,8.0,1.0,1.0,18,7.0,16.0,9
17161,5.0,14,32,1,1,2,1,1,9999.0,110.0,6.0,1.0,8.0,18,9.0,1.0,31
17162,5.0,9,32,1,1,2,1,1,1.0,1048.1,7.0,1.0,2.0,15,4.0,1.0,82
17163,5.0,10,32,1,1,2,1,1,102.0,0.9,6.0,1.0,8.0,14,1.0,16.0,38
17168,5.0,22,31,1,1,1,1,1,1.0,1225.4,7.0,1.0,8.0,16,1.0,1.0,82
17170,5.0,23,31,1,1,1,1,1,1.0,1229.8,7.0,1.0,8.0,18,9.0,1.0,82
17171,5.0,1,31,1,1,1,1,1,1.0,1231.3,7.0,1.0,8.0,18,9.0,1.0,21
17172,5.0,23,31,1,1,1,1,1,1.0,1225.2,7.0,1.0,8.0,18,9.0,1.0,38
17173,5.0,1,31,1,1,1,1,1,9999.0,22.86,7.0,1.0,8.0,18,9.0,1.0,9
17174,5.0,15,16,1,1,2,1,1,805.0,248.2,7.0,1.0,8.0,13,7.0,11.0,9
17175,5.0,11,16,1,1,2,1,1,1.0,169.0,9.0,1.0,3.0,15,7.0,1.0,9
17176,5.0,16,16,1,1,2,1,1,406.0,39.0,7.0,1.0,8.0,18,2.0,11.0,9
17178,5.0,8,16,1,1,2,1,1,4201.0,9999.99,6.0,1.0,8.0,13,8.0,10.0,9
17179,5.0,17,16,1,1,2,1,1,1.0,125.2,7.0,1.0,8.0,18,2.0,11.0,9
17182,5.0,2,16,1,1,1,1,1,805.0,193.2,7.0,1.0,8.0,13,7.0,11.0,9
17183,5.0,19,16,1,1,1,1,1,805.0,188.3,7.0,1.0,8.0,13,9.0,11.0,48
17185,5.0,23,16,1,1,1,1,1,1.0,243.2,10.0,1.0,2.0,15,4.0,1.0,21
17186,5.0,13,16,1,1,2,1,1,1.0,239.1,10.0,1.0,8.0,14,7.0,16.0,50
17188,5.0,19,16,1,1,1,1,1,4266.0,9999.99,6.0,1.0,3.0,14,7.0,20.0,9
17189,5.0,8,16,1,1,2,1,1,1.0,243.8,10.0,1.0,3.0,15,7.0,1.0,9
17190,5.0,22,16,1,1,1,1,1,1.0,243.4,10.0,1.0,8.0,14,7.0,16.0,9
17191,5.0,17,16,1,1,2,1,1,4266.0,9999.99,6.0,1.0,8.0,13,7.0,11.0,53
17192,5.0,19,16,1,1,1,1,1,4266.0,9999.99,6.0,1.0,3.0,15,8.0,4.0,50
17193,5.0,14,16,1,1,2,1,1,805.0,216.8,7.0,1.0,3.0,15,8.0,1.0,38
17194,5.0,4,16,1,1,1,1,1,805.0,195.4,7.0,1.0,8.0,13,8.0,10.0,436
17195,5.0,15,16,1,1,2,1,1,805.0,221.18,7.0,1.0,8.0,13,7.0,11.0,53
17196,5.0,15,16,1,1,2,1,1,805.0,209.98,7.0,1.0,8.0,13,7.0,10.0,59
17197,5.0,16,16,1,1,2,1,1,805.0,197.9,7.0,1.0,8.0,13,8.0,10.0,3
17198,5.0,9,16,1,1,2,1,1,805.0,222.5,7.0,1.0,8.0,13,7.0,11.0,9
17199,5.0,18,16,1,1,2,1,1,1.0,213.1,7.0,1.0,2.0,15,4.0,1.0,9
17200,5.0,8,16,1,1,2,1,1,1.0,216.9,7.0,1.0,8.0,14,1.0,16.0,21
17201,5.0,9,16,1,1,2,1,1,405.0,6.4,7.0,1.0,8.0,11,1.0,10.0,50
17202,5.0,17,16,1,1,2,1,1,1.0,217.4,7.0,1.0,8.0,14,1.0,16.0,50
17203,5.0,9,16,1,1,2,1,1,4.0,0.3,7.0,2.0,1.0,15,1.0,4.0,9
17204,5.0,23,16,1,1,1,1,1,405.0,11.9,7.0,1.0,8.0,16,1.0,16.0,21
17205,5.0,16,16,1,1,2,1,1,405.0,13.6,7.0,1.0,1.0,15,1.0,4.0,32
17206,5.0,0,16,1,1,1,1,1,805.0,237.8,7.0,1.0,2.0,15,6.0,1.0,9
17207,5.0,19,16,1,1,1,1,1,805.0,232.5,7.0,1.0,2.0,15,6.0,1.0,38
17208,5.0,2,16,1,1,1,1,1,805.0,244.8,7.0,1.0,8.0,13,8.0,10.0,59
17209,5.0,14,16,1,1,2,1,1,805.0,235.8,7.0,1.0,8.0,13,7.0,11.0,50
17210,5.0,14,16,1,1,2,1,1,805.0,240.1,7.0,1.0,3.0,15,6.0,1.0,9
17211,5.0,18,16,1,1,2,1,1,805.0,224.8,7.0,1.0,8.0,16,7.0,11.0,9
17212,5.0,18,16,1,1,2,1,1,805.0,232.4,7.0,1.0,8.0,15,7.0,10.0,53
17213,5.0,9,16,1,1,2,1,1,805.0,236.3,7.0,1.0,2.0,15,4.0,1.0,21
17214,5.0,15,16,1,1,2,1,1,805.0,226.97,7.0,1.0,8.0,13,8.0,10.0,9
17216,5.0,16,16,1,1,2,1,1,1.0,178.5,9.0,1.0,7.0,13,7.0,1.0,3
17218,5.0,14,16,1,1,2,1,1,4234.0,9999.99,5.0,1.0,3.0,15,7.0,4.0,9
17219,5.0,17,16,1,1,2,1,1,1.0,198.0,9.0,1.0,7.0,14,1.0,1.0,53
17223,5.0,16,16,1,1,2,1,1,4201.0,9999.99,6.0,1.0,1.0,15,1.0,4.0,3
17225,5.0,23,16,1,1,1,1,1,4201.0,9999.99,6.0,1.0,3.0,15,6.0,1.0,59
17227,5.0,19,16,1,1,1,1,1,4268.0,9999.99,6.0,1.0,8.0,14,7.0,16.0,9
17229,5.0,14,16,1,1,2,1,1,4201.0,9999.99,6.0,1.0,3.0,15,8.0,4.0,21
17230,5.0,13,16,1,1,2,1,1,4266.0,9999.99,6.0,1.0,8.0,14,8.0,16.0,31
17231,5.0,19,16,1,1,1,1,1,1.0,242.1,10.0,1.0,8.0,14,7.0,16.0,53
17232,5.0,12,16,1,1,2,1,1,4266.0,8.5,6.0,1.0,3.0,15,8.0,5.0,33
17234,5.0,16,16,1,1,2,1,1,4266.0,9999.99,6.0,1.0,2.0,15,4.0,1.0,9
17235,5.0,15,16,1,1,2,1,1,1.0,242.2,10.0,1.0,2.0,15,4.0,1.0,341
17236,5.0,20,16,1,1,1,1,1,4266.0,9999.99,6.0,1.0,3.0,15,7.0,16.0,53
17237,5.0,15,16,2,1,2,1,1,4214.0,9999.99,6.0,1.0,8.0,14,1.0,16.0,9
17238,5.0,19,16,1,1,1,1,1,4214.0,9999.99,6.0,1.0,8.0,14,1.0,16.0,9
17239,5.0,8,16,2,1,2,1,1,4222.0,9999.99,7.0,1.0,8.0,18,2.0,11.0,9
17240,5.0,23,16,2,1,1,1,1,4214.0,9999.99,6.0,1.0,8.0,14,1.0,16.0,9
17241,5.0,13,16,2,1,2,1,1,4201.0,9999.99,6.0,1.0,8.0,18,2.0,11.0,3
17243,5.0,16,16,1,1,2,1,1,4201.0,9999.99,6.0,1.0,3.0,15,8.0,4.0,21
17244,5.0,14,16,1,1,2,1,1,4205.0,9999.99,6.0,1.0,8.0,14,7.0,16.0,59
17245,5.0,17,16,1,1,2,1,1,4201.0,9999.99,6.0,1.0,8.0,14,8.0,10.0,9
17246,5.0,12,16,2,1,2,1,1,4228.0,9999.99,6.0,1.0,8.0,18,2.0,11.0,9
17247,5.0,20,16,1,1,1,1,1,406.0,9.4,7.0,1.0,2.0,15,4.0,1.0,9
17248,5.0,19,16,1,1,1,1,1,1.0,166.9,7.0,1.0,2.0,15,4.0,1.0,9
17249,5.0,14,16,1,1,2,1,1,1.0,166.8,7.0,1.0,3.0,15,5.0,1.0,50
17250,5.0,17,16,1,1,2,1,1,1.0,153.5,7.0,1.0,2.0,15,4.0,1.0,9
17251,5.0,1,16,1,1,1,1,1,1.0,156.9,7.0,1.0,8.0,18,2.0,11.0,31
17253,5.0,15,16,1,1,2,1,1,805.0,152.4,7.0,2.0,8.0,18,3.0,10.0,31
17254,5.0,13,16,1,1,2,1,1,805.0,173.3,7.0,2.0,8.0,18,2.0,11.0,9
17255,5.0,12,16,1,1,2,1,1,9999.0,40.0,7.0,1.0,8.0,18,2.0,11.0,9
17256,5.0,19,16,1,1,1,1,1,406.0,40.0,7.0,1.0,8.0,18,2.0,11.0,9
17257,5.0,2,16,1,1,1,1,1,406.0,34.0,7.0,1.0,8.0,18,2.0,11.0,48
17258,5.0,3,16,2,1,1,1,1,4214.0,9999.99,6.0,1.0,3.0,15,2.0,21.0,9
17260,5.0,13,16,1,1,2,1,1,406.0,35.2,7.0,1.0,2.0,15,4.0,1.0,9
17261,5.0,16,16,2,1,2,1,1,4208.0,9999.99,6.0,1.0,8.0,14,1.0,16.0,9
17263,5.0,18,16,2,1,2,1,1,4204.0,9999.99,6.0,1.0,3.0,15,3.0,4.0,9
17264,5.0,15,16,2,1,2,1,1,4204.0,9999.99,6.0,1.0,3.0,15,2.0,4.0,38
17265,5.0,13,16,2,1,2,1,1,4208.0,9999.99,6.0,1.0,3.0,15,1.0,4.0,3
17266,5.0,13,16,2,1,2,1,1,4201.0,9999.99,7.0,1.0,3.0,15,5.0,1.0,38
17267,5.0,8,16,2,1,2,1,1,4201.0,9999.99,6.0,1.0,2.0,15,4.0,1.0,21
17268,5.0,10,18,1,1,2,1,1,6.0,68.55,6.0,1.0,1.0,15,1.0,2.0,9
17269,5.0,9,18,1,1,2,1,1,402.0,2.25,6.0,1.0,8.0,14,1.0,16.0,9
17270,5.0,12,18,1,1,2,1,1,802.0,32.6,7.0,2.0,8.0,13,9.0,5.0,53