NUM_ACC,MOIS_ACC,HEU_ACC,COD_PRV,COD_ETA_CHA,COD_ETA_SUR,COD_LUM,COD_INT,TYP_LIE_ACC,NUM_ROU,PKM,LAR_CHA,COD_TYP_CHA,COD_TYP_COL,COD_OBS_HRT,COD_POI_CHO,COD_MAN,CIR_ACC
17271,5.0,16,18,1,1,2,1,1,4323.0,8.6,6.0,1.0,8.0,14,1.0,1.0,9
17273,5.0,14,18,1,1,2,1,1,6.0,55.8,6.0,1.0,1.0,15,1.0,2.0,33
17275,5.0,13,18,1,1,2,1,1,411.0,9999.99,6.0,1.0,1.0,15,1.0,2.0,3
17276,5.0,8,18,1,1,2,1,1,4316.0,12.0,6.0,1.0,8.0,13,1.0,11.0,9
17277,5.0,19,18,1,1,1,1,1,4323.0,10.3,6.0,1.0,3.0,15,1.0,1.0,46
17278,5.0,5,18,1,1,1,1,1,4323.0,12.6,6.0,1.0,8.0,14,1.0,16.0,9
17279,5.0,9,18,1,1,2,1,1,4323.0,12.6,6.0,1.0,8.0,14,1.0,1.0,21
17280,5.0,5,18,1,1,1,1,1,4304.0,9999.99,6.0,1.0,2.0,15,1.0,1.0,9
17285,5.0,21,18,1,1,1,1,1,409.0,69.7,6.0,1.0,8.0,13,9.0,10.0,31
17286,5.0,15,18,1,1,2,1,1,409.0,69.1,6.0,1.0,8.0,11,1.0,10.0,31
17287,5.0,14,74,1,1,2,1,1,6.0,15.4,7.0,2.0,8.0,13,1.0,11.0,9
17288,5.0,9,18,1,1,2,1,1,802.0,36.2,7.0,2.0,8.0,13,1.0,11.0,21
17289,5.0,8,18,1,1,2,1,1,802.0,35.2,7.0,2.0,8.0,13,9.0,5.0,33
17290,5.0,17,18,1,1,2,1,1,802.0,38.1,7.0,2.0,8.0,15,9.0,5.0,21
17291,5.0,22,18,1,1,1,1,1,6.0,20.5,7.0,2.0,8.0,2,9.0,11.0,31
17294,5.0,21,18,1,1,1,1,1,404.0,69.6,6.0,1.0,8.0,13,9.0,11.0,21
17295,5.0,21,18,1,1,1,1,1,9999.0,42.6,6.0,1.0,1.0,15,1.0,2.0,9
17296,5.0,12,18,1,1,2,1,1,9999.0,53.5,6.0,1.0,2.0,15,1.0,1.0,9
17297,5.0,13,18,1,1,2,1,1,802.0,56.8,7.0,2.0,8.0,13,9.0,11.0,33
17298,5.0,18,18,1,1,2,1,1,802.0,40.2,7.0,2.0,8.0,13,1.0,10.0,33
17299,5.0,0,18,1,1,1,1,1,802.0,54.0,7.0,2.0,8.0,13,1.0,11.0,33
17301,5.0,15,18,1,1,2,1,1,6.0,96.5,6.0,1.0,3.0,15,1.0,2.0,341
17302,5.0,23,18,1,1,1,1,1,7300.0,9999.99,6.0,1.0,8.0,11,1.0,11.0,9
17303,5.0,11,18,1,1,2,1,1,9999.0,89.14,6.0,1.0,8.0,13,9.0,10.0,9
17306,5.0,12,18,1,1,2,1,1,4301.0,72.0,6.0,1.0,8.0,13,9.0,10.0,9
17307,5.0,0,18,1,1,1,1,1,9999.0,76.6,6.0,1.0,8.0,5,1.0,1.0,31
17310,5.0,19,18,1,1,1,1,1,407.0,89.8,6.0,1.0,8.0,13,1.0,11.0,9
17311,5.0,12,18,1,1,2,1,1,6.0,27.6,6.0,1.0,2.0,15,1.0,1.0,21
17312,5.0,11,18,1,1,2,1,1,6.0,26.7,6.0,1.0,8.0,14,1.0,16.0,9
17313,5.0,1,18,1,1,1,1,1,6.0,30.3,6.0,1.0,8.0,13,1.0,11.0,9
17314,5.0,11,18,1,1,2,1,1,6.0,34.0,7.0,1.0,3.0,15,1.0,1.0,341
17315,5.0,16,18,1,1,2,1,1,6.0,26.9,6.0,1.0,3.0,15,7.0,1.0,9
17316,5.0,21,18,1,1,1,1,1,6.0,29.5,6.0,1.0,8.0,13,1.0,11.0,3
17317,5.0,8,18,1,1,2,1,1,404.0,6.5,5.0,1.0,3.0,15,8.0,1.0,9
17318,5.0,13,18,2,1,2,1,1,4316.0,9999.99,4.0,1.0,3.0,15,8.0,1.0,3
17320,5.0,19,18,2,1,1,1,1,4329.0,2.1,5.0,1.0,3.0,15,8.0,2.0,9
17321,5.0,19,18,2,1,1,1,1,4316.0,0.4,4.0,1.0,8.0,13,9.0,1.0,36
17322,5.0,14,18,1,1,2,1,1,404.0,6.0,6.0,1.0,3.0,15,8.0,1.0,9
17323,5.0,3,18,1,1,1,1,1,6.0,55.1,6.0,1.0,8.0,13,1.0,10.0,9
17324,5.0,15,16,1,1,2,1,1,411.0,60.3,6.0,1.0,8.0,13,9.0,11.0,21
17325,5.0,16,18,1,1,2,1,1,4306.0,9999.99,6.0,1.0,8.0,13,1.0,11.0,9
17326,5.0,16,74,1,1,2,1,1,407.0,34.0,6.0,1.0,2.0,15,1.0,1.0,9
17327,5.0,10,18,1,1,2,1,1,4312.0,1.8,6.0,1.0,3.0,15,1.0,1.0,9
17328,5.0,19,18,1,1,1,1,1,802.0,80.7,7.0,1.0,4.0,15,2.0,1.0,9
17329,5.0,17,18,1,1,2,1,1,802.0,72.5,7.0,1.0,8.0,13,9.0,5.0,9
17330,5.0,15,18,1,1,2,1,1,802.0,90.8,7.0,1.0,7.0,14,1.0,1.0,53
17331,5.0,8,18,1,1,2,1,1,802.0,79.7,7.0,1.0,2.0,15,1.0,1.0,50
17332,5.0,15,18,1,1,2,1,1,802.0,83.25,7.0,1.0,7.0,2,6.0,1.0,50
17333,5.0,18,18,1,1,2,1,1,802.0,67.5,7.0,1.0,1.0,15,9.0,5.0,21
17334,5.0,3,18,1,1,1,1,1,802.0,66.0,7.0,1.0,2.0,15,1.0,1.0,341
17335,5.0,14,18,1,1,2,1,1,802.0,67.5,7.0,1.0,8.0,13,9.0,13.0,21
17336,5.0,17,18,1,1,2,1,1,6.0,46.3,6.0,1.0,3.0,15,1.0,1.0,21
17338,5.0,20,18,1,1,1,1,1,6.0,35.9,6.0,1.0,2.0,15,1.0,1.0,9
17339,5.0,15,18,1,1,2,1,1,6.0,35.3,6.0,1.0,8.0,13,1.0,11.0,50
17340,5.0,19,18,1,1,1,1,1,6.0,30.1,6.0,1.0,5.0,15,1.0,2.0,9
17342,5.0,19,18,1,1,1,1,1,6.0,28.3,6.0,1.0,3.0,15,1.0,1.0,3
17343,5.0,23,18,1,1,1,1,1,6.0,35.8,6.0,1.0,8.0,13,1.0,11.0,33
17344,5.0,20,18,1,1,1,1,1,6.0,27.0,6.0,1.0,3.0,15,1.0,1.0,9
17345,5.0,14,18,1,1,2,1,1,6.0,35.6,6.0,1.0,8.0,14,1.0,16.0,9
17347,5.0,22,18,1,1,1,1,1,6.0,47.1,6.0,1.0,3.0,15,1.0,1.0,9
17348,5.0,17,18,1,1,2,1,1,802.0,67.4,7.0,1.0,7.0,14,1.0,1.0,21
17349,5.0,5,18,1,1,1,1,1,802.0,83.5,7.0,1.0,8.0,13,9.0,1.0,46
17350,5.0,23,19,1,1,1,1,1,8.0,569.2,10.0,1.0,8.0,18,8.0,11.0,9
17351,5.0,16,19,1,1,2,1,1,710.0,22.0,6.0,1.0,8.0,18,1.0,15.0,9
17352,5.0,16,19,1,1,2,1,1,7306.0,7.5,5.0,1.0,8.0,18,9.0,1.0,3432
17353,5.0,9,5,1,1,2,1,1,8.0,502.4,8.0,1.0,7.0,14,3.0,16.0,82
17357,5.0,15,5,1,1,2,1,1,8.0,503.14,8.0,1.0,3.0,15,5.0,1.0,53
17358,5.0,13,5,2,1,2,1,1,8.0,501.2,10.0,1.0,8.0,18,9.0,11.0,33
17360,5.0,16,19,1,1,2,1,1,710.0,3.5,6.0,1.0,8.0,10,3.0,1.0,9
17361,5.0,14,19,1,1,2,1,1,710.0,3.6,6.0,1.0,8.0,18,7.0,11.0,3
17362,5.0,17,19,1,1,2,1,1,7306.0,4.8,4.0,1.0,3.0,15,4.0,14.0,9
17368,5.0,12,19,1,1,2,1,1,7303.0,9999.99,5.0,1.0,8.0,18,1.0,11.0,82
17369,5.0,18,19,1,1,2,1,1,710.0,16.3,6.0,1.0,8.0,18,1.0,11.0,9
17370,5.0,18,19,1,1,2,1,1,710.0,34.9,6.0,1.0,8.0,18,1.0,14.0,9
17371,5.0,7,19,1,1,2,1,1,7303.0,9999.99,5.0,1.0,8.0,18,1.0,10.0,9
17372,5.0,9,19,1,1,2,1,1,8.0,583.4,6.0,1.0,3.0,15,8.0,1.0,32
17373,5.0,2,19,1,1,1,1,1,8.0,559.8,6.0,1.0,8.0,15,1.0,4.0,3
17374,5.0,0,19,1,1,1,1,1,712.0,44.3,7.0,1.0,8.0,14,1.0,1.0,9
17375,5.0,12,19,1,1,2,1,1,712.0,9999.99,7.0,1.0,7.0,14,4.0,1.0,9
17376,5.0,17,19,1,1,2,1,1,7311.0,2.0,6.0,1.0,8.0,4,2.0,1.0,32
17378,5.0,17,19,1,1,2,1,1,7311.0,3.0,6.0,1.0,8.0,18,1.0,1.0,32
17379,5.0,15,20,1,1,2,1,1,9999.0,141.8,7.0,1.0,1.0,15,1.0,4.0,31
17380,5.0,23,20,1,1,1,1,1,9999.0,131.6,6.0,1.0,1.0,15,1.0,14.0,9
17381,5.0,6,20,1,1,2,1,1,9999.0,98.2,8.0,1.0,1.0,15,1.0,4.0,9
17384,5.0,21,20,1,1,1,1,1,3517.0,9999.99,4.0,1.0,1.0,15,1.0,4.0,82
17389,5.0,9,20,1,1,2,1,1,9999.0,135.1,6.0,1.0,2.0,15,4.0,1.0,9
17390,5.0,15,20,1,1,2,1,1,9999.0,133.9,6.0,1.0,2.0,15,4.0,1.0,9
17395,5.0,11,20,1,1,2,1,1,3508.0,9999.99,5.0,1.0,2.0,15,1.0,1.0,82
17399,5.0,11,20,1,1,2,1,1,804.0,132.7,8.0,2.0,8.0,3,1.0,11.0,9
17400,5.0,8,20,1,1,2,1,1,312.0,5.0,6.0,1.0,2.0,15,6.0,1.0,9
17404,5.0,21,20,1,1,1,1,1,804.0,125.5,8.0,2.0,8.0,16,1.0,1.0,38
17406,5.0,12,20,2,1,2,1,1,9999.0,9999.99,6.0,1.0,3.0,15,6.0,18.0,31
17409,5.0,14,20,1,1,2,1,1,804.0,124.8,8.0,2.0,8.0,3,1.0,1.0,9
17412,5.0,0,20,1,1,1,1,1,312.0,13.2,7.0,1.0,1.0,15,1.0,4.0,9
17413,5.0,9,20,1,1,2,1,1,312.0,16.7,6.0,1.0,2.0,3,4.0,1.0,9
17414,5.0,15,20,1,1,2,1,1,312.0,20.9,6.0,1.0,3.0,15,3.0,4.0,36
17419,5.0,12,5,1,1,2,1,1,310.0,7.2,6.0,1.0,8.0,13,8.0,10.0,9
17420,5.0,21,20,1,1,1,1,1,3525.0,7.0,4.0,1.0,2.0,15,4.0,1.0,21
17421,5.0,22,20,1,1,1,1,1,3506.0,9999.99,6.0,1.0,3.0,15,3.0,4.0,9
17424,5.0,17,20,2,1,2,1,1,3512.0,9999.99,6.0,1.0,3.0,15,3.0,4.0,38
17426,5.0,11,20,1,1,2,1,1,9999.0,86.2,7.0,1.0,3.0,15,5.0,1.0,9
17428,5.0,10,29,1,4,2,1,1,9999.0,1920.0,6.0,1.0,8.0,18,9.0,1.0,9
17429,5.0,19,8,1,1,1,1,1,1.0,1647.4,6.0,1.0,8.0,18,9.0,1.0,9
17430,5.0,6,62,1,1,2,1,1,1.0,1509.0,8.0,1.0,8.0,18,9.0,1.0,31
17432,5.0,12,62,1,1,2,1,1,1.0,1307.0,7.0,1.0,8.0,18,9.0,1.0,31
17434,5.0,1,8,1,1,1,1,1,1.0,1625.7,6.0,1.0,8.0,18,9.0,1.0,36
17435,5.0,16,8,1,1,2,1,1,1.0,1664.0,6.0,1.0,8.0,18,9.0,1.0,3
17436,5.0,20,8,1,1,1,1,1,1402.0,1.5,6.0,1.0,8.0,18,9.0,1.0,82
17437,5.0,12,8,1,1,2,1,1,1.0,1835.0,6.0,1.0,8.0,18,9.0,1.0,9
17438,5.0,19,21,1,1,1,1,1,5.0,9.8,6.0,1.0,8.0,18,1.0,1.0,31
17439,5.0,21,21,1,1,1,1,1,1.0,1551.0,9.0,1.0,8.0,18,1.0,1.0,36
17440,5.0,8,62,1,1,2,1,1,1.0,1377.0,8.0,2.0,8.0,13,9.0,1.0,82
17441,5.0,1,62,1,1,1,1,1,1.0,1392.0,8.0,1.0,8.0,13,1.0,1.0,36
17442,5.0,17,62,1,1,2,1,1,1.0,1410.0,8.0,1.0,8.0,18,9.0,1.0,38
17443,5.0,7,62,1,1,2,1,1,1.0,1355.0,8.0,1.0,8.0,18,2.0,1.0,9
17444,5.0,22,62,1,1,1,1,1,1.0,1320.5,8.0,1.0,8.0,18,2.0,1.0,9
17445,5.0,15,21,1,1,2,1,1,1.0,1528.5,2.0,1.0,8.0,18,9.0,1.0,9
17448,5.0,2,11,1,1,1,1,1,206.0,60.8,6.0,1.0,4.0,15,9.0,1.0,9
17449,5.0,12,43,1,1,2,1,1,2017.0,34.8,8.0,1.0,8.0,14,1.0,18.0,38
17450,5.0,8,22,1,1,2,1,1,2006.0,15.2,8.0,1.0,1.0,15,1.0,4.0,3
17452,5.0,14,48,1,1,2,1,1,2003.0,9999.99,3.0,1.0,8.0,14,1.0,16.0,21
17454,5.0,21,11,1,1,1,1,1,206.0,48.5,7.0,1.0,2.0,15,4.0,1.0,9
17455,5.0,1,57,1,1,1,1,1,803.0,153.5,7.0,2.0,2.0,15,1.0,1.0,31
17456,5.0,22,22,1,1,1,1,1,212.0,8.0,6.0,1.0,8.0,18,7.0,11.0,50
17457,5.0,16,48,1,1,2,1,1,803.0,278.7,12.0,2.0,8.0,3,3.0,1.0,9
17458,5.0,13,22,1,1,2,1,1,2017.0,4.8,16.0,1.0,2.0,1,4.0,20.0,9
17459,5.0,16,22,1,1,2,1,1,2009.0,2.6,9.0,1.0,2.0,1,4.0,20.0,9
17461,5.0,23,43,1,1,1,1,1,2017.0,46.8,8.0,1.0,8.0,14,1.0,18.0,38
17462,5.0,9,11,1,1,2,1,1,9.0,230.0,8.0,1.0,8.0,14,1.0,18.0,33
17463,5.0,18,43,1,1,2,1,1,2017.0,41.0,8.0,1.0,8.0,18,9.0,18.0,42
17465,5.0,21,22,1,1,1,1,1,7.0,135.0,16.0,1.0,1.0,15,1.0,4.0,92
17467,5.0,21,48,1,1,1,1,1,8.0,193.0,8.0,1.0,8.0,18,9.0,10.0,9
17468,5.0,21,48,1,1,1,1,1,8.0,106.0,7.0,1.0,7.0,15,3.0,4.0,21
17471,5.0,19,57,1,1,1,1,1,8.0,297.7,9.0,1.0,8.0,18,1.0,11.0,21
17472,5.0,20,11,1,1,1,1,1,2116.0,5.0,7.0,1.0,3.0,15,7.0,6.0,9
17473,5.0,20,43,1,1,1,1,1,2010.0,13.4,7.0,1.0,1.0,15,1.0,18.0,31
17475,5.0,14,11,1,1,2,1,1,2127.0,12.0,7.0,1.0,8.0,18,7.0,11.0,9
17476,5.0,22,43,1,1,1,1,1,2017.0,34.2,8.0,1.0,1.0,15,1.0,18.0,9
17477,5.0,21,48,1,1,1,1,1,2026.0,9999.99,7.0,1.0,8.0,18,7.0,11.0,9
17478,5.0,1,22,1,1,1,1,1,8.0,236.0,10.0,1.0,8.0,18,7.0,11.0,9
17482,5.0,9,43,1,1,2,1,1,9.0,267.7,8.0,1.0,2.0,15,4.0,18.0,9
17483,5.0,11,43,1,1,2,1,1,9.0,266.9,8.0,1.0,8.0,14,1.0,18.0,53
17484,5.0,1,48,1,1,1,1,1,8.0,193.0,8.0,1.0,8.0,18,9.0,11.0,9
17486,5.0,21,43,1,1,1,1,1,2017.0,30.8,8.0,1.0,3.0,15,3.0,18.0,38
17487,5.0,21,43,1,1,1,1,1,2009.0,55.0,7.0,1.0,1.0,15,1.0,18.0,3
17488,5.0,12,43,1,1,2,1,1,2022.0,58.0,6.0,1.0,1.0,15,1.0,18.0,9
17492,5.0,19,43,1,1,1,1,1,2017.0,40.2,8.0,1.0,1.0,15,1.0,18.0,38
17493,5.0,19,43,1,1,1,1,1,2017.0,34.8,8.0,1.0,8.0,15,6.0,18.0,432
17494,5.0,11,11,1,1,2,1,1,2125.0,12.3,7.0,1.0,2.0,15,4.0,1.0,21
17496,5.0,12,11,1,1,2,1,1,208.0,33.0,7.0,1.0,8.0,14,7.0,16.0,82
17497,5.0,4,11,1,1,1,1,1,8.0,302.0,7.0,1.0,8.0,14,7.0,16.0,341
17498,5.0,18,11,1,1,2,1,1,2137.0,27.0,7.0,1.0,8.0,18,8.0,10.0,42
17499,5.0,12,11,1,1,2,1,1,208.0,26.0,7.0,1.0,3.0,15,7.0,4.0,9
17500,5.0,13,11,1,1,2,1,1,206.0,99.94,7.0,1.0,8.0,18,7.0,11.0,31
17502,5.0,17,48,1,1,2,1,1,2001.0,9999.99,4.0,1.0,8.0,18,9.0,10.0,32
17505,5.0,23,22,1,1,1,1,1,7.0,132.2,16.0,1.0,2.0,15,4.0,1.0,42
17507,5.0,11,22,1,1,2,1,1,7.0,128.2,16.0,1.0,7.0,15,7.0,6.0,36
17508,5.0,6,43,1,1,2,1,1,2017.0,35.7,8.0,1.0,3.0,15,3.0,18.0,31
17510,5.0,13,43,1,1,2,1,1,9.0,280.0,8.0,1.0,8.0,14,1.0,18.0,9
17511,5.0,9,43,1,1,2,1,1,9.0,268.0,8.0,1.0,2.0,15,4.0,18.0,48
17512,5.0,15,11,1,1,2,1,1,9.0,214.0,8.0,1.0,8.0,18,9.0,18.0,3
17513,5.0,12,43,1,1,2,1,1,2012.0,23.0,7.0,1.0,8.0,18,9.0,18.0,21
17514,5.0,11,43,1,1,2,1,1,2010.0,53.0,11.0,1.0,8.0,14,1.0,16.0,21
17515,5.0,15,43,1,1,2,1,1,9999.0,178.8,12.0,1.0,8.0,12,3.0,1.0,9
17516,5.0,14,22,1,1,2,1,1,8.0,262.0,9.0,2.0,8.0,13,8.0,11.0,9
17517,5.0,7,22,1,1,2,1,1,8.0,264.4,9.0,2.0,8.0,16,1.0,16.0,9
17518,5.0,7,22,1,1,2,1,1,8.0,264.0,9.0,2.0,8.0,13,7.0,11.0,31
17521,5.0,13,22,1,1,2,1,1,2017.0,7.2,16.0,1.0,7.0,15,7.0,9.0,46
17523,5.0,23,43,1,1,1,1,1,2009.0,8.2,9.0,1.0,1.0,15,1.0,4.0,42
17526,5.0,22,22,1,1,1,1,1,8.0,241.0,10.0,1.0,8.0,14,1.0,16.0,391
17527,5.0,9,22,1,1,2,1,1,212.0,5.0,6.0,1.0,7.0,15,7.0,8.0,9
17529,5.0,6,48,1,1,2,1,1,803.0,307.4,12.0,2.0,8.0,18,9.0,11.0,9
17530,5.0,3,22,1,1,1,1,1,212.0,25.1,7.0,1.0,7.0,15,8.0,20.0,33
17531,5.0,12,22,1,1,2,1,1,7.0,100.6,8.0,1.0,8.0,13,7.0,11.0,9
17533,5.0,14,22,1,1,2,1,1,8.0,224.7,7.0,1.0,3.0,15,6.0,1.0,3
17534,5.0,12,22,1,1,2,1,1,8.0,224.1,7.0,1.0,8.0,14,1.0,16.0,50
17537,5.0,10,22,1,1,2,1,1,9.0,232.6,8.0,1.0,8.0,13,7.0,11.0,36
17538,5.0,22,22,1,1,1,1,1,9.0,236.6,5.0,2.0,1.0,15,1.0,4.0,9
17539,5.0,1,22,2,1,1,1,1,2008.0,9999.99,1.0,1.0,1.0,15,1.0,4.0,32
17540,5.0,19,22,1,1,1,1,1,212.0,22.0,7.0,1.0,8.0,14,1.0,16.0,9
17543,5.0,22,22,1,1,1,1,1,8.0,229.2,10.0,1.0,8.0,18,5.0,11.0,9
17545,5.0,18,22,1,1,2,1,1,8.0,242.0,10.0,1.0,7.0,15,1.0,1.0,21
17549,5.0,16,22,1,1,2,1,1,2008.0,9999.99,8.0,1.0,2.0,15,1.0,1.0,9
17550,5.0,23,22,1,1,1,1,1,8.0,234.2,10.0,1.0,7.0,15,7.0,8.0,33
17553,5.0,12,22,1,1,2,1,1,8.0,242.8,10.0,1.0,2.0,15,1.0,1.0,459
17555,5.0,17,22,1,1,2,1,1,8.0,240.8,10.0,1.0,2.0,15,1.0,1.0,31
17556,5.0,1,22,1,1,1,1,1,8.0,230.0,10.0,1.0,7.0,15,7.0,8.0,21
17557,5.0,12,22,1,1,2,1,1,8.0,233.0,10.0,1.0,2.0,15,1.0,1.0,9
17559,5.0,11,22,1,1,2,1,1,8.0,241.5,10.0,1.0,2.0,15,1.0,1.0,82
17560,5.0,9,22,1,1,2,1,1,8.0,236.0,10.0,1.0,7.0,15,8.0,1.0,32
17563,5.0,6,48,1,1,2,1,1,803.0,256.5,12.0,2.0,8.0,18,9.0,1.0,31
17564,5.0,17,48,1,1,2,1,1,8.0,87.9,8.0,1.0,8.0,18,9.0,10.0,9
17565,5.0,12,48,1,1,2,1,1,212.0,45.0,6.0,1.0,8.0,13,1.0,1.0,3
17566,5.0,21,48,1,1,1,1,1,212.0,91.0,6.0,1.0,8.0,14,1.0,1.0,9
17569,5.0,7,11,1,1,2,1,1,206.0,64.93,6.0,1.0,8.0,13,9.0,1.0,9
17571,5.0,15,48,1,1,2,1,1,214.0,9999.99,6.0,1.0,8.0,18,9.0,11.0,9
17572,5.0,5,48,1,1,1,1,1,803.0,306.8,12.0,2.0,3.0,1,6.0,21.0,9
17573,5.0,9,57,1,1,2,1,1,2118.0,20.6,6.0,1.0,8.0,18,1.0,11.0,33
17574,5.0,3,11,1,1,1,1,1,9.0,230.3,7.0,1.0,8.0,18,1.0,18.0,38
17575,5.0,8,57,1,1,2,1,1,2118.0,37.6,6.0,1.0,8.0,18,1.0,10.0,42
17576,5.0,16,11,1,1,2,1,1,9.0,192.1,6.0,1.0,3.0,15,8.0,1.0,36
17577,5.0,2,11,1,1,1,1,1,9.0,196.8,7.0,1.0,1.0,15,2.0,4.0,36
17579,5.0,15,11,1,1,2,1,1,206.0,33.47,6.0,1.0,8.0,13,9.0,1.0,42
17580,5.0,17,11,1,1,2,1,1,206.0,45.6,6.0,1.0,3.0,15,2.0,1.0,21
17582,5.0,2,22,1,1,1,1,1,203.0,3.0,8.0,1.0,8.0,13,8.0,11.0,31
17585,5.0,16,22,1,1,2,1,1,8.0,236.0,10.0,1.0,7.0,15,7.0,1.0,32
17587,5.0,14,22,1,1,2,1,1,2017.0,6.2,16.0,1.0,7.0,15,7.0,9.0,9
17591,5.0,0,22,1,1,1,1,1,2017.0,5.9,16.0,1.0,7.0,15,8.0,8.0,36
17592,5.0,22,22,1,1,1,1,1,2017.0,8.9,16.0,1.0,7.0,15,7.0,16.0,9
17596,5.0,19,57,1,1,1,1,1,803.0,120.3,7.0,2.0,8.0,18,1.0,10.0,88
17597,5.0,7,57,1,1,2,1,1,803.0,113.4,7.0,2.0,8.0,18,1.0,10.0,9
17598,5.0,9,57,1,1,2,1,1,803.0,131.2,7.0,2.0,8.0,18,1.0,10.0,59
17599,5.0,17,57,1,1,2,1,1,803.0,124.1,7.0,2.0,8.0,18,1.0,11.0,32
17600,5.0,19,57,1,1,1,1,1,803.0,114.2,7.0,2.0,8.0,18,1.0,10.0,9
17601,5.0,1,57,1,1,1,1,1,803.0,110.3,7.0,2.0,8.0,18,1.0,11.0,31
17604,5.0,20,22,1,1,1,1,1,203.0,5.1,8.0,1.0,7.0,15,2.0,6.0,46
17605,5.0,22,22,1,1,1,1,1,2017.0,12.8,16.0,1.0,8.0,14,1.0,16.0,436
17606,5.0,20,22,1,1,1,1,1,2017.0,8.9,16.0,1.0,4.0,15,4.0,1.0,9
17608,5.0,18,22,1,1,2,1,1,2017.0,11.2,16.0,1.0,2.0,15,4.0,1.0,9
17609,5.0,10,22,1,1,2,1,1,2017.0,13.2,16.0,1.0,7.0,15,8.0,6.0,9
17610,5.0,9,22,1,1,2,1,1,2009.0,5.3,9.0,1.0,8.0,13,7.0,11.0,9
17612,5.0,11,22,1,1,2,1,1,2017.0,7.2,16.0,1.0,7.0,15,7.0,6.0,9
17614,5.0,1,22,1,1,1,1,1,2009.0,6.0,9.0,1.0,8.0,13,7.0,11.0,9
17616,5.0,22,22,1,1,1,1,1,8.0,265.0,9.0,2.0,4.0,15,1.0,16.0,46
17618,5.0,7,22,1,1,2,1,1,803.0,233.7,7.0,1.0,8.0,18,9.0,18.0,31
17619,5.0,8,22,1,1,2,1,1,803.0,203.2,7.0,1.0,8.0,18,9.0,18.0,31
17620,5.0,18,48,1,1,2,1,1,803.0,336.2,7.0,1.0,3.0,15,3.0,1.0,9
17621,5.0,9,48,1,1,2,1,1,803.0,329.4,7.0,1.0,3.0,15,3.0,1.0,9
17622,5.0,6,48,1,1,2,1,1,803.0,336.4,7.0,1.0,2.0,15,4.0,1.0,9
17628,5.0,17,22,1,1,2,1,1,9.0,261.0,8.0,1.0,8.0,18,2.0,18.0,9
17629,5.0,10,22,1,1,2,1,1,9.0,256.8,8.0,1.0,8.0,14,1.0,18.0,9
17630,5.0,14,22,1,1,2,1,1,2012.0,9999.99,8.0,1.0,2.0,15,1.0,1.0,9
17632,5.0,10,22,1,1,2,1,1,2012.0,9999.99,8.0,1.0,1.0,15,1.0,4.0,99
17638,5.0,14,22,1,1,2,1,1,2017.0,8.3,16.0,1.0,7.0,15,3.0,6.0,32
17640,5.0,22,22,1,1,1,1,1,2017.0,7.8,16.0,1.0,7.0,15,2.0,1.0,9
17642,5.0,13,22,1,1,2,1,1,2017.0,4.0,16.0,1.0,7.0,15,7.0,15.0,9
17643,5.0,22,22,1,1,1,1,1,2017.0,8.9,16.0,1.0,2.0,15,4.0,1.0,9
17644,5.0,12,22,1,1,2,1,1,2009.0,5.0,9.0,1.0,7.0,15,7.0,1.0,31
17648,5.0,12,22,1,1,2,1,1,7.0,127.0,8.0,1.0,7.0,15,2.0,6.0,9
17649,5.0,20,22,1,1,1,1,1,2009.0,1.3,9.0,1.0,7.0,15,3.0,9.0,9
17651,5.0,19,22,1,1,1,1,1,2009.0,1.6,9.0,1.0,2.0,15,4.0,1.0,31
17655,5.0,18,22,1,1,2,1,1,8.0,260.0,9.0,2.0,2.0,15,4.0,1.0,9
17657,5.0,21,22,1,1,1,1,1,2019.0,2.0,6.0,1.0,8.0,18,9.0,18.0,9
17659,5.0,12,43,1,1,2,1,1,2012.0,23.0,7.0,1.0,3.0,15,5.0,18.0,46
17660,5.0,22,43,1,1,1,1,1,9999.0,175.0,8.0,1.0,3.0,15,4.0,1.0,9
17661,5.0,21,43,1,1,1,1,1,9999.0,172.0,12.0,1.0,8.0,14,1.0,1.0,9
17662,5.0,11,43,1,1,2,1,1,9999.0,178.4,12.0,1.0,8.0,14,2.0,16.0,31
17663,5.0,15,43,1,1,2,1,1,9999.0,170.0,12.0,1.0,1.0,15,1.0,4.0,9
17665,5.0,17,43,1,1,2,1,1,2009.0,7.2,7.0,1.0,3.0,15,3.0,18.0,9
17666,5.0,21,43,1,1,1,1,1,2009.0,18.0,7.0,1.0,8.0,18,9.0,18.0,42
17667,5.0,20,43,1,1,1,1,1,9999.0,178.2,8.0,1.0,2.0,15,4.0,1.0,53
17668,5.0,13,43,1,1,2,1,1,9999.0,9999.99,6.0,1.0,7.0,15,8.0,8.0,86
17669,5.0,14,43,1,1,2,1,1,2010.0,53.0,11.0,1.0,3.0,15,6.0,8.0,36
17670,5.0,12,43,1,1,2,1,1,2019.0,9999.99,6.0,1.0,2.0,15,4.0,18.0,3
17672,5.0,12,43,1,1,2,1,1,2019.0,10.0,6.0,1.0,8.0,14,1.0,18.0,36
17673,5.0,0,22,1,1,1,1,1,2030.0,6.8,6.0,1.0,8.0,18,9.0,18.0,9
17674,5.0,15,22,1,1,2,1,1,2017.0,5.1,8.0,1.0,3.0,15,2.0,18.0,9
17676,5.0,1,11,1,1,1,1,1,2117.0,13.0,6.0,1.0,8.0,18,9.0,18.0,9
17677,5.0,12,43,1,1,2,1,1,9.0,268.2,8.0,1.0,8.0,18,9.0,18.0,21