NUM_ACC,MOIS_ACC,HEU_ACC,COD_PRV,COD_ETA_CHA,COD_ETA_SUR,COD_LUM,COD_INT,TYP_LIE_ACC,NUM_ROU,PKM,LAR_CHA,COD_TYP_CHA,COD_TYP_COL,COD_OBS_HRT,COD_POI_CHO,COD_MAN,CIR_ACC
18534,5.0,12,28,1,1,2,1,1,316.0,104.0,7.0,1.0,2.0,15,4.0,1.0,9
18536,5.0,14,28,1,1,2,1,1,9.0,109.0,8.0,1.0,8.0,13,2.0,1.0,42
18538,5.0,11,28,1,1,2,1,1,9.0,109.2,8.0,1.0,8.0,14,1.0,16.0,33
18539,5.0,19,28,2,1,1,1,1,3615.0,9999.99,6.0,1.0,8.0,14,1.0,16.0,9
18540,5.0,23,28,1,1,1,1,1,9.0,97.9,8.0,1.0,8.0,13,1.0,11.0,42
18541,5.0,23,28,1,1,1,1,1,9.0,88.1,8.0,1.0,7.0,11,1.0,16.0,46
18542,5.0,17,28,1,1,2,1,1,9.0,64.5,8.0,1.0,2.0,15,4.0,1.0,9
18543,5.0,9,28,1,1,2,1,1,9.0,88.1,8.0,1.0,2.0,13,9.0,11.0,53
18544,5.0,18,28,1,1,2,1,1,9.0,65.3,8.0,1.0,2.0,15,4.0,1.0,9
18545,5.0,0,28,1,1,1,1,1,803.0,97.5,8.0,2.0,8.0,13,8.0,5.0,9
18546,5.0,16,28,1,1,2,1,1,803.0,58.9,8.0,2.0,8.0,13,9.0,5.0,9
18547,5.0,16,28,1,1,2,1,1,803.0,100.8,8.0,2.0,8.0,13,9.0,5.0,3
18548,5.0,4,28,1,1,1,1,1,803.0,49.08,8.0,2.0,2.0,15,4.0,5.0,9
18549,5.0,0,28,1,1,1,1,1,803.0,82.85,8.0,2.0,8.0,14,1.0,16.0,9
18550,5.0,14,28,2,1,2,1,1,2115.0,9999.99,6.0,1.0,8.0,14,1.0,16.0,82
18551,5.0,14,6,1,1,2,1,1,404.0,110.0,6.0,1.0,8.0,14,1.0,1.0,9
18552,5.0,18,6,1,1,2,1,1,404.0,111.2,6.0,1.0,3.0,15,1.0,21.0,50
18553,5.0,17,6,1,1,2,1,1,3319.0,9999.99,6.0,1.0,2.0,15,4.0,21.0,21
18554,5.0,16,6,1,1,2,1,1,3307.0,11.2,6.0,1.0,3.0,15,6.0,4.0,53
18556,5.0,10,6,1,1,2,1,1,3305.0,11.1,6.0,1.0,3.0,15,8.0,8.0,9
18557,5.0,22,6,1,1,1,1,1,3305.0,17.8,6.0,1.0,8.0,16,1.0,16.0,33
18558,5.0,21,6,1,1,1,1,1,3300.0,13.4,6.0,1.0,8.0,13,9.0,10.0,9
18559,5.0,19,6,1,1,1,1,1,305.0,51.2,6.0,1.0,3.0,15,8.0,8.0,9
18560,5.0,17,6,1,1,2,1,1,3326.0,5.4,6.0,1.0,3.0,15,7.0,16.0,3
18562,5.0,21,6,1,1,1,1,1,3305.0,10.0,6.0,1.0,8.0,14,1.0,1.0,21
18563,5.0,20,6,1,1,1,1,1,3330.0,6.2,6.0,1.0,8.0,13,9.0,11.0,21
18564,5.0,18,6,1,1,2,1,1,305.0,30.1,6.0,1.0,8.0,13,9.0,17.0,3
18566,5.0,16,6,1,1,2,1,1,305.0,40.6,6.0,1.0,2.0,15,4.0,1.0,48
18567,5.0,0,28,1,1,1,1,1,316.0,65.0,7.0,1.0,8.0,11,1.0,10.0,71
18568,5.0,21,28,1,1,1,1,1,316.0,90.0,7.0,1.0,8.0,6,1.0,11.0,9
18569,5.0,3,28,1,1,1,1,1,316.0,104.0,7.0,1.0,8.0,13,2.0,11.0,9
18570,5.0,3,6,1,1,1,1,1,801.0,44.3,11.0,2.0,2.0,15,7.0,1.0,21
18572,5.0,14,6,1,1,2,1,1,3317.0,3.5,4.0,1.0,3.0,15,8.0,4.0,21
18574,5.0,22,6,1,1,1,1,1,404.0,134.3,7.0,1.0,3.0,15,8.0,8.0,31
18576,5.0,14,6,1,1,2,1,1,3333.0,24.1,6.0,1.0,8.0,14,1.0,1.0,341
18579,5.0,9,6,1,1,2,1,1,3312.0,9999.99,4.0,1.0,8.0,13,1.0,11.0,50
18580,5.0,15,6,1,1,2,1,1,3331.0,7.6,6.0,1.0,7.0,13,9.0,11.0,21
18581,5.0,9,6,1,1,2,1,1,3331.0,7.75,6.0,1.0,7.0,13,9.0,11.0,32
18582,5.0,21,54,1,1,1,1,1,3338.0,7.6,6.0,1.0,8.0,13,1.0,10.0,9
18583,5.0,21,6,1,1,1,1,1,3336.0,9999.99,5.0,1.0,8.0,13,1.0,10.0,46
18584,5.0,15,6,1,1,2,1,1,305.0,68.9,6.0,1.0,8.0,13,3.0,11.0,9
18585,5.0,16,6,1,1,2,1,1,305.0,56.6,6.0,1.0,5.0,15,1.0,14.0,21
18587,5.0,2,6,1,1,1,1,1,3337.0,11.1,6.0,1.0,8.0,13,1.0,10.0,21
18588,5.0,23,6,1,1,1,1,1,322.0,29.2,7.0,1.0,2.0,15,8.0,1.0,9
18589,5.0,18,6,1,1,2,1,1,322.0,9999.99,7.0,1.0,2.0,15,4.0,1.0,9
18592,5.0,18,6,1,1,2,1,1,322.0,28.0,7.0,1.0,7.0,15,1.0,4.0,21
18593,5.0,23,6,1,1,1,1,1,322.0,34.0,7.0,1.0,8.0,13,9.0,11.0,31
18594,5.0,17,6,1,1,2,1,1,3308.0,1.0,7.0,1.0,8.0,13,9.0,11.0,71
18596,5.0,10,6,1,1,2,1,1,1.0,308.6,8.0,1.0,8.0,14,7.0,16.0,21
18597,5.0,17,6,1,1,2,1,1,3329.0,9999.99,7.0,1.0,3.0,15,8.0,1.0,21
18598,5.0,16,6,1,1,2,1,1,1.0,324.1,7.0,1.0,8.0,13,9.0,10.0,9
18599,5.0,12,6,1,1,2,1,1,1.0,313.0,7.0,1.0,7.0,15,8.0,4.0,82
18600,5.0,20,6,1,1,1,1,1,1.0,309.3,7.0,1.0,3.0,15,7.0,6.0,9
18601,5.0,19,6,1,1,1,1,1,1.0,316.15,7.0,1.0,2.0,15,4.0,1.0,9
18602,5.0,23,6,1,1,1,1,1,1.0,322.15,7.0,1.0,1.0,15,1.0,4.0,21
18603,5.0,5,6,1,1,1,1,1,1.0,310.15,7.0,1.0,8.0,13,9.0,10.0,82
18605,5.0,22,54,1,1,1,1,1,803.0,34.7,8.0,1.0,3.0,15,3.0,1.0,31
18606,5.0,1,54,1,1,1,1,1,803.0,24.7,8.0,1.0,3.0,15,9.0,21.0,32
18607,5.0,5,54,1,1,1,1,1,803.0,19.0,8.0,1.0,2.0,15,6.0,1.0,33
18608,5.0,17,54,1,1,2,1,1,804.0,7.4,8.0,1.0,8.0,11,7.0,11.0,9
18610,5.0,15,17,1,1,2,1,1,4536.0,9999.99,6.0,1.0,7.0,14,3.0,16.0,9
18612,5.0,2,17,1,1,1,1,1,9999.0,9999.99,4.0,1.0,8.0,14,1.0,16.0,42
18613,5.0,19,17,2,1,1,1,1,4252.0,9999.99,6.0,1.0,2.0,15,4.0,1.0,38
18614,5.0,12,17,1,1,2,1,1,4232.0,17.2,7.0,1.0,3.0,15,3.0,4.0,31
18616,5.0,1,17,1,1,1,1,1,13.0,148.5,5.0,1.0,3.0,15,3.0,6.0,42
18617,5.0,12,17,1,1,2,1,1,4565.0,0.0,4.0,1.0,8.0,18,9.0,1.0,9
18621,5.0,12,61,1,1,2,1,1,411.0,38.9,6.0,1.0,3.0,15,7.0,4.0,9
18623,5.0,17,61,1,1,2,1,1,4240.0,14.0,5.0,1.0,7.0,14,8.0,16.0,9
18624,5.0,14,61,2,1,2,1,1,4237.0,9999.99,6.0,1.0,3.0,15,8.0,4.0,42
18625,5.0,8,61,2,1,2,1,1,4240.0,9999.99,5.0,1.0,3.0,15,8.0,4.0,31
18626,5.0,19,61,1,1,1,1,1,4240.0,2.2,5.0,1.0,3.0,15,8.0,1.0,21
18628,5.0,14,61,1,1,2,1,1,409.0,22.1,7.0,1.0,8.0,13,9.0,18.0,9
18629,5.0,22,61,1,1,1,1,1,409.0,24.15,7.0,1.0,7.0,12,1.0,1.0,9
18630,5.0,23,61,1,1,1,1,1,409.0,24.2,8.0,1.0,7.0,15,2.0,9.0,9
18632,5.0,18,61,1,1,2,1,1,409.0,30.2,7.0,1.0,7.0,15,1.0,1.0,9
18633,5.0,22,61,1,1,1,1,1,409.0,28.4,7.0,1.0,8.0,13,9.0,1.0,31
18634,5.0,18,61,1,1,2,1,1,4270.0,20.2,7.0,1.0,3.0,15,3.0,16.0,53
18635,5.0,12,61,1,1,2,1,1,4235.0,12.1,7.0,1.0,2.0,15,5.0,1.0,9
18637,5.0,6,18,1,1,2,1,1,4323.0,3.2,7.0,1.0,7.0,15,1.0,4.0,9
18638,5.0,10,61,1,1,2,1,1,409.0,13.2,8.0,1.0,2.0,15,4.0,1.0,21
18639,5.0,23,61,1,1,1,1,1,4.0,45.8,7.0,1.0,8.0,13,9.0,10.0,50
18641,5.0,9,61,1,1,2,1,1,409.0,11.3,8.0,1.0,1.0,15,1.0,4.0,9
18642,5.0,17,61,1,1,2,1,1,409.0,6.0,9.0,1.0,2.0,15,4.0,1.0,9
18643,5.0,12,61,1,1,2,1,1,4235.0,11.2,8.0,1.0,2.0,15,4.0,1.0,9
18644,5.0,11,61,1,1,2,1,1,409.0,11.2,8.0,1.0,2.0,15,4.0,21.0,3
18646,5.0,13,61,2,1,2,1,1,4235.0,9999.99,6.0,1.0,8.0,13,9.0,11.0,9
18648,5.0,12,61,1,1,2,1,1,409.0,12.3,8.0,1.0,8.0,18,9.0,11.0,21
18649,5.0,21,61,1,1,1,1,1,4.0,65.3,7.0,1.0,8.0,13,9.0,11.0,31
18650,5.0,18,61,2,1,2,1,1,4256.0,9999.99,7.0,1.0,7.0,14,8.0,16.0,9
18651,5.0,13,61,2,1,2,1,1,4235.0,9999.99,6.0,1.0,8.0,13,9.0,11.0,50
18654,5.0,11,61,2,1,2,1,1,4221.0,9999.99,6.0,1.0,2.0,15,1.0,1.0,21
18655,5.0,11,17,2,1,2,1,1,4252.0,9999.99,7.0,1.0,3.0,15,8.0,4.0,21
18656,5.0,16,17,1,1,2,1,1,413.0,48.9,5.0,1.0,7.0,18,9.0,1.0,21
18657,5.0,7,17,1,1,2,1,1,413.0,72.0,5.0,1.0,7.0,18,9.0,1.0,21
18658,5.0,16,17,1,1,2,1,1,4.0,97.2,5.0,1.0,2.0,15,4.0,1.0,21
18659,5.0,18,17,1,1,2,1,1,13.0,170.2,5.0,1.0,8.0,18,1.0,1.0,32
18660,5.0,20,17,1,1,1,1,1,413.0,17.6,7.0,1.0,5.0,15,1.0,1.0,341
18661,5.0,23,17,1,1,1,1,1,4232.0,23.3,6.0,1.0,2.0,15,1.0,1.0,46
18662,5.0,22,61,1,1,1,1,1,9999.0,6.2,8.0,1.0,3.0,15,3.0,4.0,36
18663,5.0,16,17,1,1,2,1,1,4519.0,2.2,6.0,1.0,3.0,15,3.0,4.0,31
18665,5.0,16,17,2,1,2,1,1,4551.0,9999.99,4.0,1.0,8.0,13,9.0,18.0,9
18666,5.0,12,61,1,1,2,1,1,4240.0,15.0,4.0,1.0,3.0,15,3.0,2.0,33
18667,5.0,12,17,1,1,2,1,1,4232.0,49.0,4.0,1.0,8.0,18,9.0,1.0,9
18668,5.0,16,17,1,1,2,1,1,4232.0,43.2,4.0,1.0,2.0,15,4.0,1.0,3
18669,5.0,12,17,1,1,2,1,1,4232.0,33.2,4.0,1.0,3.0,15,3.0,2.0,9
18670,5.0,11,17,1,1,2,1,1,4232.0,44.0,4.0,1.0,2.0,15,4.0,1.0,9
18671,5.0,16,17,1,1,2,1,1,4232.0,45.0,4.0,1.0,8.0,14,1.0,6.0,31
18672,5.0,17,17,1,1,2,1,1,4240.0,24.6,4.0,1.0,7.0,18,9.0,1.0,38
18673,5.0,11,61,1,1,2,1,1,9999.0,1.0,4.0,1.0,1.0,15,1.0,2.0,53
18675,5.0,21,17,1,1,1,1,1,4532.0,9999.99,4.0,1.0,3.0,15,3.0,6.0,9
18676,5.0,12,17,1,1,2,1,1,4521.0,9999.99,4.0,1.0,8.0,18,9.0,1.0,46
18678,5.0,15,17,1,1,2,1,1,4232.0,9999.99,4.0,1.0,7.0,14,7.0,16.0,9
18679,5.0,12,17,1,1,2,1,1,408.0,10.2,5.0,1.0,8.0,14,1.0,16.0,40
18680,5.0,7,17,2,1,2,1,1,408.0,17.0,4.0,1.0,8.0,13,9.0,1.0,31
18681,5.0,14,17,1,1,2,1,1,9999.0,9999.99,4.0,1.0,8.0,14,1.0,16.0,9
18684,5.0,12,17,2,1,2,1,1,4234.0,31.1,4.0,1.0,7.0,15,6.0,6.0,9
18685,5.0,5,17,2,1,1,1,1,4538.0,12.0,4.0,1.0,2.0,15,1.0,1.0,31
18686,5.0,21,17,1,1,1,1,1,4538.0,13.0,6.0,1.0,3.0,15,7.0,7.0,9
18687,5.0,18,17,1,1,2,1,1,4536.0,9999.99,6.0,1.0,7.0,14,2.0,16.0,9
18688,5.0,2,17,1,1,1,1,1,4517.0,9999.99,6.0,1.0,7.0,14,2.0,16.0,9
18689,5.0,23,17,1,1,1,1,1,4513.0,9999.99,6.0,1.0,8.0,13,7.0,13.0,40
18690,5.0,6,30,1,1,2,1,1,1.0,10.8,7.0,2.0,7.0,5,1.0,11.0,82
18691,5.0,21,40,1,1,1,1,1,415.0,13.2,6.0,1.0,7.0,14,1.0,16.0,46
18693,5.0,5,30,1,1,1,1,1,805.0,64.9,7.0,2.0,2.0,1,6.0,21.0,9
18694,5.0,20,30,1,1,1,1,1,805.0,72.6,7.0,2.0,2.0,15,4.0,1.0,31
18695,5.0,0,30,1,1,1,1,1,805.0,79.5,7.0,2.0,8.0,14,1.0,16.0,3
18697,5.0,22,40,1,1,1,1,1,1.0,119.2,7.0,1.0,7.0,14,1.0,16.0,9
18698,5.0,17,30,1,1,2,1,1,9999.0,9999.99,7.0,1.0,8.0,14,1.0,13.0,46
18699,5.0,18,40,1,1,2,1,1,805.0,108.2,7.0,2.0,3.0,15,8.0,1.0,9
18701,5.0,19,40,1,1,1,1,1,4403.0,5.0,6.0,1.0,7.0,14,1.0,16.0,9
18702,5.0,20,40,1,1,1,1,1,4404.0,1.6,5.0,1.0,7.0,14,1.0,16.0,3
18705,5.0,11,69,1,1,2,1,1,4703.0,9999.99,7.0,1.0,8.0,13,9.0,13.0,9
18707,5.0,17,30,1,1,2,1,1,1.0,17.0,7.0,1.0,3.0,15,8.0,8.0,36
18708,5.0,12,30,1,1,2,1,1,1.0,21.0,8.0,1.0,3.0,15,8.0,1.0,36
18709,5.0,13,69,1,1,2,1,1,16.0,30.5,7.0,1.0,8.0,14,8.0,19.0,46
18711,5.0,23,69,1,1,1,1,1,16.0,35.0,7.0,1.0,1.0,15,1.0,4.0,31
18713,5.0,13,30,1,1,2,1,1,1.0,10.8,11.0,2.0,1.0,15,1.0,4.0,46
18714,5.0,15,30,1,1,2,1,1,1.0,12.8,11.0,1.0,3.0,15,3.0,21.0,9
18715,5.0,10,30,1,1,2,1,1,1.0,10.8,12.0,1.0,8.0,14,1.0,16.0,21
18716,5.0,17,30,1,1,2,1,1,805.0,52.1,13.0,2.0,2.0,15,4.0,1.0,3
18717,5.0,2,30,1,1,1,1,1,805.0,61.5,7.0,2.0,3.0,15,3.0,1.0,9
18718,5.0,2,30,1,2,1,1,1,4603.0,9999.99,7.0,1.0,7.0,12,1.0,11.0,32
18719,5.0,21,30,1,1,1,1,1,805.0,0.1,7.0,2.0,2.0,15,5.0,1.0,21
18720,5.0,21,30,1,1,1,1,1,805.0,5.8,7.0,2.0,2.0,15,4.0,1.0,32
18721,5.0,14,36,1,1,2,1,1,2.0,23.2,7.0,2.0,7.0,14,4.0,17.0,9
18724,5.0,1,30,1,1,1,1,1,2.0,18.8,7.0,2.0,8.0,13,9.0,11.0,9
18727,5.0,19,69,1,1,1,1,1,4613.0,9999.99,10.0,1.0,3.0,15,7.0,1.0,31
18728,5.0,23,30,1,1,1,1,1,9999.0,9999.99,9.0,1.0,8.0,13,9.0,11.0,48
18729,5.0,18,69,1,1,2,1,1,4701.0,9999.99,7.0,1.0,8.0,13,7.0,9.0,9
18730,5.0,18,30,2,1,2,1,1,9999.0,9999.99,7.0,1.0,8.0,13,9.0,10.0,9
18733,5.0,18,30,1,1,2,1,1,2.0,12.6,7.0,2.0,3.0,15,7.0,6.0,3
18734,5.0,15,30,1,1,2,1,1,2.0,9.8,7.0,2.0,2.0,15,4.0,1.0,3
18735,5.0,20,40,1,1,1,1,1,410.0,51.8,7.0,1.0,8.0,13,9.0,11.0,21
18736,5.0,22,40,1,1,1,1,1,805.0,125.2,7.0,2.0,8.0,18,7.0,11.0,3
18737,5.0,7,40,1,1,2,1,1,805.0,126.5,7.0,2.0,8.0,18,7.0,11.0,9
18738,5.0,7,40,1,1,2,1,1,805.0,106.95,7.0,2.0,8.0,18,8.0,10.0,32
18739,5.0,21,40,1,1,1,1,1,805.0,104.9,7.0,2.0,2.0,15,4.0,1.0,31
18740,5.0,13,30,1,1,2,1,1,4600.0,9999.99,12.0,1.0,8.0,14,1.0,16.0,33
18741,5.0,11,30,1,1,2,1,1,4600.0,9999.99,12.0,1.0,3.0,15,8.0,1.0,42
18743,5.0,22,30,1,1,1,1,1,4600.0,9999.99,12.0,1.0,3.0,15,5.0,1.0,342
18744,5.0,16,30,1,1,2,1,1,4600.0,9999.99,12.0,1.0,3.0,15,8.0,1.0,42
18746,5.0,15,30,1,1,2,1,1,9999.0,9999.99,6.0,1.0,2.0,15,4.0,1.0,9
18747,5.0,21,30,1,1,1,1,1,4602.0,9999.99,11.0,1.0,7.0,13,9.0,9.0,3
18750,5.0,12,30,1,1,2,1,1,4600.0,9999.99,13.0,1.0,3.0,1,8.0,6.0,3
18751,5.0,16,30,1,1,2,1,1,4602.0,9999.99,11.0,1.0,3.0,15,8.0,4.0,50
18752,5.0,17,30,1,1,2,1,1,1.0,15.9,8.0,1.0,7.0,7,1.0,10.0,9
18754,5.0,9,30,1,2,2,4,1,4600.0,9999.99,12.0,1.0,3.0,15,8.0,1.0,31
18755,5.0,19,40,1,1,1,1,1,1.0,100.8,7.0,2.0,2.0,15,4.0,1.0,9
18756,5.0,9,40,1,1,2,1,1,1.0,99.0,7.0,2.0,3.0,15,8.0,4.0,341
18758,5.0,10,40,1,1,2,1,1,4404.0,1.0,4.0,1.0,8.0,18,8.0,10.0,46
18761,5.0,5,40,1,1,1,1,1,4402.0,31.4,6.0,1.0,7.0,14,1.0,16.0,3
18762,5.0,15,40,1,1,2,1,1,415.0,8.6,1.0,1.0,8.0,18,7.0,11.0,82
18763,5.0,16,40,1,1,2,1,1,415.0,28.6,1.0,1.0,8.0,18,7.0,11.0,9
18764,5.0,19,40,2,1,1,1,1,4402.0,3.3,5.0,1.0,3.0,15,8.0,4.0,9
18765,5.0,23,40,2,1,1,1,1,4402.0,13.0,5.0,1.0,3.0,15,8.0,4.0,342
18766,5.0,19,40,1,1,1,1,1,805.0,94.7,7.0,2.0,8.0,18,8.0,10.0,9
18767,5.0,2,40,1,1,1,1,1,805.0,105.9,7.0,2.0,8.0,18,8.0,10.0,36
18768,5.0,12,30,1,1,2,1,1,4600.0,9999.99,12.0,1.0,2.0,15,1.0,16.0,31
18769,5.0,18,30,1,1,2,1,1,4600.0,9999.99,12.0,1.0,3.0,15,8.0,6.0,21
18771,5.0,11,34,1,1,2,1,1,6.0,271.8,9.0,1.0,8.0,14,1.0,16.0,9
18772,5.0,21,34,1,1,1,1,1,5413.0,7.5,5.0,1.0,8.0,14,1.0,16.0,9
18773,5.0,13,34,1,1,2,1,1,5413.0,4.0,5.0,1.0,8.0,14,1.0,16.0,21
18786,5.0,14,34,1,1,2,1,1,5413.0,12.0,8.0,1.0,8.0,13,1.0,10.0,21
18788,5.0,13,34,1,1,2,1,1,6.0,288.0,9.0,1.0,1.0,15,1.0,4.0,21
18791,5.0,9,34,1,1,2,1,1,505.0,75.0,6.0,2.0,8.0,14,1.0,16.0,21
18793,5.0,10,34,1,1,2,1,1,508.0,74.7,6.0,1.0,8.0,14,1.0,16.0,21
18794,5.0,12,34,1,1,2,1,1,508.0,67.1,4.0,1.0,1.0,15,1.0,4.0,21
18795,5.0,11,34,1,1,2,1,1,508.0,76.0,6.0,1.0,8.0,14,1.0,16.0,32
18796,5.0,8,34,1,1,2,1,1,507.0,40.0,5.0,1.0,1.0,15,1.0,4.0,21
18797,5.0,9,34,1,1,2,1,1,507.0,11.0,7.0,1.0,3.0,15,1.0,4.0,9
18798,5.0,19,34,1,1,1,1,1,505.0,4.1,6.0,1.0,2.0,15,1.0,1.0,21
18800,5.0,7,34,1,1,2,1,1,6.0,308.2,6.0,1.0,2.0,15,1.0,1.0,32
18801,5.0,1,34,1,1,1,1,1,6.0,309.0,6.0,1.0,2.0,15,1.0,1.0,21
18802,5.0,1,34,1,1,1,1,1,6.0,327.0,6.0,1.0,8.0,18,9.0,11.0,38
18803,5.0,13,34,1,1,2,1,1,6.0,323.5,6.0,1.0,8.0,13,3.0,10.0,9
18804,5.0,12,34,1,1,2,1,1,507.0,12.0,7.0,1.0,8.0,13,1.0,11.0,9
18805,5.0,13,34,1,1,2,1,1,6.0,307.0,6.0,1.0,8.0,18,9.0,11.0,21
18806,5.0,16,34,1,1,2,1,1,802.0,260.4,7.0,2.0,7.0,4,9.0,10.0,21
18810,5.0,11,34,1,1,2,1,1,9999.0,38.6,5.0,1.0,8.0,14,1.0,16.0,21
18811,5.0,11,34,1,1,2,1,1,505.0,55.0,6.0,2.0,8.0,18,9.0,10.0,82
18812,5.0,10,52,2,1,2,1,1,4104.0,9999.99,6.0,1.0,8.0,18,7.0,6.0,21
18823,5.0,11,9,1,1,2,1,1,16.0,156.2,8.0,1.0,8.0,13,9.0,1.0,9
18824,5.0,11,9,1,1,2,1,1,16.0,144.0,8.0,1.0,8.0,13,9.0,1.0,38
18825,5.0,18,9,1,1,2,1,1,16.0,125.3,8.0,1.0,3.0,15,3.0,4.0,3
18827,5.0,18,52,1,1,2,1,1,13.0,92.8,8.0,1.0,8.0,13,9.0,1.0,9
18828,5.0,14,52,1,1,2,1,1,13.0,104.5,8.0,1.0,8.0,13,9.0,1.0,21
18829,5.0,7,52,1,1,2,1,1,13.0,74.2,8.0,1.0,8.0,13,9.0,1.0,9
18830,5.0,13,52,1,1,2,1,1,13.0,73.6,8.0,1.0,8.0,13,9.0,2.0,21
18833,5.0,22,52,1,1,1,1,1,408.0,29.5,5.0,1.0,3.0,15,7.0,4.0,38
18835,5.0,13,52,1,1,2,1,1,408.0,88.0,5.0,1.0,8.0,13,9.0,1.0,9
18836,5.0,17,52,1,1,2,1,1,408.0,82.2,5.0,1.0,2.0,15,4.0,11.0,38
18837,5.0,13,52,1,1,2,1,1,4103.0,39.0,8.0,1.0,1.0,15,1.0,4.0,9
18838,5.0,15,9,1,1,2,1,1,2.0,154.0,8.0,1.0,3.0,15,6.0,1.0,38
18840,5.0,10,9,1,1,2,1,1,16.0,231.3,8.0,1.0,7.0,15,2.0,4.0,31
18841,5.0,17,9,1,1,2,1,1,4113.0,9999.99,5.0,1.0,1.0,15,1.0,4.0,3
18842,5.0,12,9,1,1,2,1,1,16.0,181.0,8.0,1.0,8.0,18,9.0,1.0,31
18844,5.0,6,9,1,1,2,1,1,2.0,101.2,8.0,1.0,8.0,13,9.0,1.0,21
18845,5.0,12,36,1,1,2,1,1,9999.0,3.6,5.0,1.0,8.0,18,8.0,10.0,46
18846,5.0,7,36,1,1,2,1,1,2.0,78.0,6.0,1.0,8.0,18,8.0,10.0,21
18847,5.0,18,36,1,1,2,1,1,2.0,75.7,6.0,1.0,7.0,14,3.0,16.0,9
18848,5.0,15,36,1,1,2,1,1,2.0,80.6,6.0,1.0,3.0,15,8.0,10.0,31
18849,5.0,18,36,1,1,2,1,1,2.0,88.3,6.0,1.0,2.0,15,4.0,1.0,82
18850,5.0,16,36,1,1,2,1,1,2.0,85.6,6.0,1.0,3.0,15,8.0,4.0,9
18851,5.0,23,36,1,1,1,1,1,2.0,90.3,6.0,1.0,8.0,18,8.0,10.0,31
18853,5.0,9,36,1,1,2,1,1,2.0,78.5,6.0,1.0,8.0,18,8.0,10.0,9
18855,5.0,14,36,1,1,2,1,1,807.0,6.6,10.0,1.0,8.0,13,9.0,1.0,33
18856,5.0,15,36,1,1,2,1,1,16.0,85.0,8.0,1.0,3.0,15,8.0,4.0,9
18860,5.0,20,36,1,1,1,1,1,16.0,110.8,8.0,1.0,2.0,15,4.0,1.0,38
18866,5.0,21,36,1,1,1,1,1,2.0,25.9,8.0,1.0,2.0,15,4.0,1.0,9
18867,5.0,2,36,1,1,1,1,1,2.0,32.7,8.0,2.0,7.0,15,1.0,4.0,31
18868,5.0,22,36,1,1,1,1,1,2.0,32.2,8.0,1.0,8.0,13,9.0,1.0,9
18872,5.0,12,36,1,1,2,1,1,2.0,66.8,8.0,1.0,8.0,13,9.0,1.0,46
18873,5.0,22,47,1,1,1,1,1,6006.0,0.1,6.0,1.0,7.0,15,4.0,1.0,9
18874,5.0,17,47,1,1,2,1,1,6010.0,9.0,7.0,1.0,3.0,15,8.0,12.0,82
18875,5.0,17,26,1,1,2,1,1,6046.0,9999.99,4.0,1.0,8.0,13,8.0,11.0,38
18876,5.0,16,49,1,1,2,1,1,802.0,384.8,7.0,2.0,8.0,2,2.0,11.0,9
18877,5.0,10,49,1,1,2,1,1,802.0,423.3,7.0,2.0,8.0,3,9.0,10.0,9
20001,6.0,13,45,1,1,2,1,1,1.0,942.6,8.0,1.0,3.0,15,7.0,1.0,31
20003,6.0,23,2,1,1,1,1,1,9999.0,9999.99,7.0,1.0,8.0,18,9.0,1.0,9
20006,6.0,14,45,1,1,2,1,1,1.0,918.5,8.0,1.0,7.0,15,8.0,6.0,9
20008,6.0,18,45,1,1,2,1,1,105.0,16.2,8.0,1.0,2.0,15,1.0,1.0,9
20010,6.0,5,2,1,1,1,1,1,9999.0,9999.99,15.0,1.0,3.0,15,5.0,21.0,482
20013,6.0,19,2,1,1,1,1,1,9999.0,23.0,9.0,1.0,3.0,15,1.0,16.0,9
20015,6.0,14,37,1,1,2,1,1,1.0,988.2,6.0,1.0,3.0,15,2.0,1.0,9
20016,6.0,18,45,1,1,2,1,1,105.0,47.0,6.0,1.0,8.0,14,1.0,16.0,9
20018,6.0,0,2,1,1,1,1,1,9999.0,112.4,15.0,1.0,2.0,15,4.0,1.0,38
20019,6.0,7,64,1,1,2,1,1,105.0,9.5,12.0,1.0,1.0,15,1.0,11.0,9
20020,6.0,19,32,1,1,1,1,1,102.0,47.4,31.0,1.0,8.0,18,2.0,1.0,42
20021,6.0,12,37,1,1,2,1,1,104.0,83.4,6.0,1.0,1.0,15,1.0,1.0,21
20023,6.0,11,45,1,1,2,1,1,1.0,926.0,8.0,1.0,7.0,15,7.0,6.0,38
20024,6.0,17,45,1,1,2,1,1,1.0,926.0,8.0,1.0,1.0,15,1.0,4.0,38
20027,6.0,17,45,1,1,2,1,1,1.0,908.6,8.0,1.0,7.0,15,4.0,1.0,9
20028,6.0,20,45,1,1,1,1,1,1014.0,10.6,8.0,1.0,7.0,15,7.0,6.0,9
20029,6.0,22,45,1,1,1,1,1,1014.0,11.2,8.0,1.0,8.0,14,1.0,16.0,3
20034,6.0,12,45,1,1,2,1,1,1014.0,11.2,8.0,1.0,2.0,15,7.0,1.0,36
20035,6.0,21,45,1,1,1,1,1,1.0,914.2,8.0,1.0,7.0,15,7.0,11.0,21
20039,6.0,21,45,1,1,1,1,1,1.0,906.1,8.0,1.0,8.0,14,1.0,16.0,3
20041,6.0,19,45,1,1,1,1,1,1.0,905.5,8.0,1.0,8.0,14,1.0,16.0,9