NUM_ACC,MOIS_ACC,HEU_ACC,COD_PRV,COD_ETA_CHA,COD_ETA_SUR,COD_LUM,COD_INT,TYP_LIE_ACC,NUM_ROU,PKM,LAR_CHA,COD_TYP_CHA,COD_TYP_COL,COD_OBS_HRT,COD_POI_CHO,COD_MAN,CIR_ACC
20042,6.0,11,45,1,1,2,1,1,1.0,905.7,8.0,1.0,8.0,14,1.0,16.0,21
20043,6.0,17,2,1,1,2,1,1,10.0,57.0,7.0,1.0,8.0,14,1.0,16.0,3
20045,6.0,17,45,1,1,2,1,1,1.0,906.2,8.0,1.0,2.0,15,4.0,1.0,9
20046,6.0,13,45,1,1,2,1,1,1014.0,19.1,6.0,1.0,2.0,15,4.0,1.0,9
20047,6.0,8,45,1,1,2,1,1,1.0,902.8,8.0,1.0,7.0,15,4.0,1.0,9
20057,6.0,10,2,1,1,2,1,1,9999.0,57.9,9.0,1.0,8.0,18,9.0,1.0,21
20058,6.0,11,2,1,1,2,1,1,9999.0,69.7,9.0,1.0,8.0,18,1.0,16.0,21
20059,6.0,17,2,1,1,2,1,1,10.0,193.2,8.0,2.0,8.0,18,9.0,1.0,46
20060,6.0,14,2,1,1,2,1,1,10.0,219.0,6.0,1.0,8.0,14,1.0,16.0,21
20061,6.0,16,2,1,1,2,1,1,106.0,150.5,6.0,1.0,8.0,18,1.0,16.0,9
20062,6.0,10,2,1,1,2,1,1,9999.0,9999.99,15.0,1.0,8.0,14,1.0,16.0,9
20063,6.0,12,2,1,1,2,1,1,9999.0,60.0,15.0,1.0,8.0,18,9.0,1.0,21
20067,6.0,7,45,1,1,2,1,1,1.0,924.6,8.0,1.0,7.0,15,7.0,6.0,21
20068,6.0,21,45,1,1,1,1,1,1.0,925.8,8.0,1.0,7.0,15,7.0,6.0,21
20071,6.0,7,45,1,1,2,1,1,1.0,923.7,8.0,1.0,7.0,15,7.0,9.0,59
20072,6.0,10,45,1,1,2,1,1,1.0,927.8,8.0,1.0,7.0,15,7.0,4.0,82
20074,6.0,21,45,1,1,1,1,1,1.0,921.2,8.0,1.0,7.0,15,7.0,6.0,3
20075,6.0,16,45,1,1,2,1,1,1.0,921.0,8.0,1.0,1.0,15,1.0,4.0,9
20077,6.0,17,45,1,1,2,1,1,1.0,921.6,8.0,1.0,2.0,15,4.0,1.0,40
20079,6.0,22,45,1,1,1,1,1,105.0,15.6,8.0,1.0,7.0,15,7.0,4.0,9
20081,6.0,12,33,1,1,2,1,1,9999.0,9999.99,11.0,1.0,8.0,14,1.0,1.0,32
20082,6.0,22,33,1,1,1,1,1,9999.0,9999.99,11.0,1.0,8.0,16,1.0,1.0,400
20083,6.0,16,33,1,1,2,1,1,111.0,9999.99,31.0,1.0,8.0,18,1.0,1.0,341
20084,6.0,17,33,1,1,2,1,1,1805.0,14.0,51.0,1.0,8.0,18,1.0,1.0,9
20086,6.0,12,37,1,1,2,1,1,1903.0,21.6,5.0,1.0,3.0,15,3.0,1.0,3
20090,6.0,13,64,1,1,2,1,1,105.0,5.0,12.0,1.0,3.0,15,8.0,6.0,38
20091,6.0,7,64,1,1,2,1,1,105.0,9.0,12.0,1.0,8.0,12,7.0,11.0,38
20092,6.0,19,64,1,1,1,1,1,105.0,6.0,12.0,1.0,3.0,15,7.0,1.0,31
20093,6.0,17,64,1,1,2,1,1,105.0,7.0,12.0,1.0,3.0,15,8.0,4.0,3
20094,6.0,10,64,1,1,2,1,1,105.0,6.8,12.0,1.0,3.0,15,7.0,16.0,21
20095,6.0,13,64,1,1,2,1,1,105.0,6.5,12.0,1.0,3.0,15,7.0,1.0,21
20096,6.0,14,12,1,1,2,1,1,1.0,786.3,5.0,1.0,1.0,15,1.0,14.0,33
20097,6.0,20,41,1,1,1,1,1,1001.0,43.4,0.0,1.0,1.0,15,1.0,4.0,21
20098,6.0,23,41,1,1,1,1,1,9999.0,358.9,8.0,1.0,3.0,15,3.0,4.0,33
20100,6.0,13,41,1,2,2,1,1,9999.0,377.6,8.0,1.0,7.0,3,1.0,10.0,9
20101,6.0,4,64,1,1,1,1,1,9999.0,19.1,12.0,1.0,1.0,15,1.0,4.0,9
20102,6.0,14,64,1,1,2,1,1,9999.0,19.2,12.0,1.0,3.0,15,7.0,4.0,9
20104,6.0,23,64,1,1,1,1,1,9999.0,24.0,12.0,1.0,3.0,18,7.0,10.0,9
20106,6.0,19,64,1,1,1,1,1,9999.0,19.8,12.0,1.0,3.0,15,7.0,1.0,33
20107,6.0,21,64,1,1,1,1,1,105.0,5.2,12.0,1.0,3.0,15,7.0,1.0,3
20108,6.0,11,41,1,1,2,1,1,803.0,411.0,8.0,2.0,7.0,2,1.0,1.0,31
20115,6.0,14,41,1,1,2,1,1,1.0,842.0,10.0,1.0,3.0,15,8.0,2.0,21
20117,6.0,17,41,1,1,2,1,1,1.0,841.0,10.0,1.0,3.0,15,8.0,1.0,21
20119,6.0,0,41,1,1,1,1,1,1.0,835.8,10.0,1.0,7.0,15,1.0,1.0,9
20120,6.0,18,41,1,1,2,1,1,1.0,797.6,8.0,2.0,1.0,15,1.0,4.0,9
20121,6.0,15,41,1,1,2,1,1,1.0,823.3,7.0,1.0,8.0,13,9.0,1.0,9
20123,6.0,9,41,1,1,2,1,1,1006.0,9999.99,4.0,1.0,1.0,15,1.0,6.0,71
20125,6.0,8,41,1,1,2,1,1,9999.0,862.6,9.0,1.0,8.0,18,3.0,1.0,33
20126,6.0,21,41,1,1,1,1,1,9999.0,9999.99,7.0,1.0,1.0,15,2.0,2.0,32
20128,6.0,9,41,1,1,2,1,1,9999.0,392.4,8.0,2.0,3.0,1,8.0,19.0,82
20129,6.0,21,2,1,1,1,1,1,1704.0,2.4,7.0,1.0,2.0,15,1.0,1.0,96
20130,6.0,12,2,1,1,2,1,1,10.0,37.0,9.0,1.0,2.0,15,1.0,1.0,42
20131,6.0,14,41,1,1,2,1,1,9999.0,9999.99,8.0,1.0,2.0,8,6.0,8.0,36
20132,6.0,19,41,1,1,1,1,1,9999.0,9999.99,7.0,1.0,3.0,4,9.0,1.0,31
20133,6.0,11,41,1,4,2,1,1,1010.0,9999.99,7.0,1.0,8.0,7,3.0,14.0,9
20134,6.0,14,41,1,1,2,1,1,9999.0,397.9,9.0,1.0,2.0,8,5.0,1.0,3
20135,6.0,21,2,1,1,1,1,1,1705.0,9999.99,9.0,1.0,8.0,18,9.0,1.0,3
20137,6.0,22,2,1,1,1,1,1,9999.0,9999.99,15.0,1.0,3.0,15,7.0,4.0,9
20140,6.0,9,2,1,1,2,1,1,10.0,9999.99,16.0,1.0,8.0,15,7.0,1.0,38
20141,6.0,14,2,1,1,2,1,1,1709.0,9999.99,7.0,1.0,3.0,15,7.0,1.0,21
20142,6.0,19,2,1,1,1,1,1,10.0,9999.99,7.0,1.0,2.0,15,4.0,1.0,21
20143,6.0,19,2,1,1,1,1,1,1010.0,9999.99,9.0,1.0,2.0,15,4.0,1.0,21
20144,6.0,12,64,1,1,2,1,1,10.0,29.0,9.0,1.0,1.0,15,1.0,4.0,71
20145,6.0,11,64,1,1,2,1,1,10.0,10.0,9.0,1.0,8.0,18,9.0,1.0,9
20146,6.0,14,41,1,1,2,1,1,10.0,1.8,9.0,1.0,3.0,15,7.0,4.0,9
20147,6.0,18,64,1,1,2,1,1,10.0,15.0,9.0,1.0,3.0,15,1.0,1.0,9
20148,6.0,19,64,1,1,1,1,1,10.0,18.0,9.0,1.0,8.0,14,1.0,16.0,9
20149,6.0,18,41,1,1,2,1,1,10.0,3.0,9.0,1.0,8.0,14,1.0,16.0,9
20150,6.0,11,64,1,1,2,1,1,10.0,25.0,9.0,1.0,3.0,15,1.0,1.0,21
20151,6.0,18,64,1,1,2,1,1,10.0,17.5,9.0,1.0,3.0,15,7.0,1.0,21
20152,6.0,10,64,1,1,2,1,1,10.0,30.0,9.0,1.0,3.0,15,7.0,1.0,38
20153,6.0,20,2,1,1,1,1,1,9999.0,18.0,9.0,1.0,3.0,15,8.0,1.0,9
20154,6.0,19,2,1,1,1,1,1,9999.0,18.5,9.0,1.0,3.0,15,7.0,16.0,53
20155,6.0,13,2,1,1,2,1,1,9999.0,3.0,14.0,1.0,8.0,18,9.0,1.0,9
20156,6.0,13,2,1,1,2,1,1,9999.0,18.0,9.0,1.0,3.0,15,7.0,1.0,59
20157,6.0,22,37,1,1,1,1,1,104.0,171.12,5.0,1.0,8.0,18,9.0,1.0,9
20158,6.0,17,37,1,1,2,1,1,104.0,102.7,6.0,1.0,3.0,15,2.0,1.0,9
20159,6.0,19,37,1,1,1,1,1,104.0,81.0,6.0,1.0,3.0,15,2.0,1.0,9
20160,6.0,13,3,1,1,2,1,1,5211.0,3.0,9.0,2.0,2.0,15,1.0,18.0,48
20161,6.0,17,3,1,1,2,1,1,8.0,9999.99,7.0,1.0,8.0,18,9.0,1.0,9
20164,6.0,22,9,1,1,1,1,1,16.0,235.3,7.0,1.0,8.0,13,9.0,1.0,9
20165,6.0,17,9,1,1,2,1,1,16.0,235.3,7.0,1.0,8.0,18,9.0,1.0,9
20166,6.0,14,3,1,1,2,1,1,8.0,9999.99,7.0,1.0,7.0,15,4.0,14.0,9
20169,6.0,15,3,1,1,2,1,1,2.0,317.0,7.0,2.0,8.0,18,9.0,11.0,9
20170,6.0,9,3,1,1,2,1,1,2.0,321.0,7.0,2.0,3.0,15,2.0,18.0,38
20171,6.0,18,3,1,1,2,1,1,2.0,317.0,8.0,2.0,8.0,14,1.0,18.0,32
20172,6.0,15,3,1,1,2,1,1,2.0,316.0,8.0,2.0,8.0,18,1.0,18.0,21
20175,6.0,12,3,1,1,2,1,1,2.0,312.1,8.0,1.0,3.0,15,8.0,18.0,9
20176,6.0,15,3,1,1,2,1,1,5209.0,11.8,7.0,1.0,8.0,14,1.0,18.0,82
20177,6.0,21,4,1,1,1,1,1,8.0,412.0,8.0,1.0,3.0,15,6.0,14.0,9
20178,6.0,2,4,2,1,1,1,1,9999.0,24.6,4.0,1.0,8.0,18,1.0,1.0,9
20180,6.0,2,65,1,1,1,1,1,309.0,52.2,7.0,1.0,8.0,13,8.0,1.0,9
20182,6.0,12,65,2,1,2,1,1,3216.0,9999.99,3.0,1.0,8.0,13,8.0,11.0,9
20183,6.0,12,65,1,1,2,1,1,8.0,421.0,5.0,1.0,1.0,15,1.0,4.0,9
20184,6.0,21,65,1,1,1,1,1,8.0,420.0,5.0,1.0,2.0,15,1.0,4.0,21
20185,6.0,6,65,2,1,2,1,1,3203.0,16.0,3.0,1.0,2.0,15,1.0,1.0,21
20187,6.0,12,65,2,1,2,1,1,3228.0,1.0,4.0,1.0,3.0,14,1.0,4.0,82
20188,6.0,22,4,1,1,1,1,1,3100.0,54.0,5.0,1.0,8.0,18,1.0,1.0,38
20189,6.0,2,5,1,1,1,1,1,3222.0,21.0,6.0,1.0,7.0,14,1.0,16.0,21
20190,6.0,8,65,1,1,2,1,1,309.0,49.3,7.0,1.0,2.0,15,4.0,1.0,21
20196,6.0,12,5,1,1,2,1,1,8.0,511.0,7.0,1.0,8.0,13,1.0,1.0,9
20197,6.0,18,4,2,1,2,1,1,306.0,14.0,8.0,1.0,8.0,18,1.0,1.0,9
20198,6.0,22,4,2,1,1,1,1,210.0,71.5,5.0,1.0,8.0,18,1.0,1.0,21
20201,6.0,19,4,2,1,1,1,1,3108.0,12.0,4.0,1.0,8.0,14,1.0,1.0,9
20202,6.0,12,4,2,1,2,1,1,3108.0,11.0,5.0,1.0,3.0,15,8.0,1.0,9
20203,6.0,17,4,1,1,2,1,1,304.0,30.0,5.0,1.0,8.0,18,1.0,1.0,9
20204,6.0,18,4,2,1,2,1,1,307.0,46.9,5.0,1.0,8.0,14,1.0,1.0,3
20207,6.0,9,4,1,1,2,1,1,8.0,407.6,8.0,1.0,7.0,15,4.0,8.0,21
20208,6.0,13,4,1,1,2,1,1,8.0,410.0,8.0,1.0,7.0,15,3.0,18.0,9
20211,6.0,12,5,1,1,2,1,1,8.0,509.0,7.0,1.0,7.0,15,1.0,1.0,21
20212,6.0,12,5,1,1,2,1,1,8.0,511.0,7.0,1.0,7.0,14,1.0,16.0,9
20214,6.0,12,5,1,1,2,1,1,8.0,507.0,7.0,1.0,1.0,15,1.0,4.0,9
20215,6.0,12,5,1,1,2,1,1,8.0,508.0,7.0,1.0,7.0,15,1.0,6.0,31
20216,6.0,14,5,1,1,2,1,1,8.0,510.0,7.0,1.0,7.0,14,1.0,16.0,9
20217,6.0,7,5,1,1,2,1,1,3221.0,3.5,6.0,1.0,3.0,15,8.0,12.0,9
20220,6.0,8,5,1,1,2,1,1,3221.0,7.0,6.0,1.0,3.0,15,1.0,1.0,21
20222,6.0,16,5,1,1,2,1,1,3217.0,9999.99,6.0,1.0,7.0,14,1.0,16.0,9
20223,6.0,23,5,1,1,1,1,1,3222.0,5.0,6.0,1.0,1.0,15,1.0,4.0,9
20224,6.0,8,5,1,1,2,1,1,3222.0,4.3,6.0,1.0,7.0,15,1.0,1.0,82
20225,6.0,16,5,1,1,2,1,1,3222.0,11.6,6.0,1.0,7.0,14,1.0,16.0,9
20227,6.0,12,5,1,1,2,1,1,3222.0,9999.99,5.0,1.0,7.0,15,1.0,1.0,21
20228,6.0,6,5,1,1,2,1,1,3215.0,9999.99,5.0,1.0,7.0,15,1.0,1.0,9
20230,6.0,11,5,1,1,2,1,1,11.0,186.6,7.0,1.0,7.0,15,1.0,1.0,9
20231,6.0,12,5,1,1,2,1,1,3222.0,9999.99,6.0,1.0,7.0,15,1.0,1.0,9
20232,6.0,17,19,1,1,2,1,1,3214.0,56.0,6.0,1.0,8.0,13,1.0,11.0,9
20234,6.0,12,19,1,1,2,1,1,3214.0,56.0,6.0,1.0,1.0,15,1.0,4.0,9
20236,6.0,11,5,1,1,2,1,1,3208.0,20.0,6.0,1.0,7.0,14,1.0,16.0,32
20237,6.0,19,5,1,1,1,1,1,3208.0,5.8,6.0,1.0,7.0,14,1.0,16.0,9
20238,6.0,12,5,1,1,2,1,1,3208.0,14.5,6.0,1.0,3.0,15,8.0,1.0,9
20240,6.0,18,5,1,1,2,1,1,3208.0,10.2,6.0,1.0,1.0,15,1.0,4.0,9
20246,6.0,7,20,1,1,2,1,1,312.0,65.0,6.0,1.0,8.0,13,7.0,11.0,31
20248,6.0,20,5,1,1,1,1,1,3223.0,10.0,5.0,1.0,8.0,15,1.0,1.0,38
20252,6.0,11,5,1,1,2,1,1,312.0,67.0,6.0,1.0,8.0,13,8.0,10.0,9
20253,6.0,16,5,1,1,2,1,1,3204.0,9999.99,5.0,1.0,8.0,13,7.0,11.0,31
20254,6.0,16,5,1,1,2,1,1,306.0,9999.99,6.0,1.0,1.0,15,1.0,4.0,48
20255,6.0,12,5,1,1,2,1,1,8.0,450.0,7.0,1.0,2.0,15,4.0,1.0,409
20256,6.0,8,5,1,1,2,1,1,8.0,455.9,7.0,1.0,2.0,15,1.0,1.0,9
20257,6.0,16,5,1,1,2,1,1,8.0,451.0,7.0,1.0,2.0,15,1.0,1.0,9
20258,6.0,14,65,1,1,2,1,1,11.0,166.6,7.0,1.0,7.0,15,8.0,1.0,9
20259,6.0,12,65,1,1,2,1,1,309.0,42.0,7.0,1.0,7.0,15,8.0,1.0,21
20260,6.0,22,65,1,1,1,1,1,11.0,167.9,7.0,1.0,7.0,15,7.0,1.0,21
20262,6.0,15,65,1,1,2,1,1,309.0,62.0,6.0,1.0,7.0,15,1.0,1.0,38
20263,6.0,2,65,1,1,1,1,1,309.0,61.0,6.0,1.0,7.0,15,1.0,1.0,31
20264,6.0,16,65,1,1,2,1,1,309.0,61.0,6.0,1.0,7.0,15,1.0,1.0,9
20265,6.0,16,4,1,1,2,1,1,302.0,75.0,4.0,1.0,8.0,18,1.0,1.0,3
20266,6.0,12,4,1,1,2,1,1,304.0,124.0,6.0,1.0,7.0,15,8.0,1.0,31
20267,6.0,19,4,1,1,1,1,1,304.0,127.0,6.0,1.0,8.0,15,8.0,1.0,9
20268,6.0,14,4,1,1,2,1,1,3100.0,40.6,5.0,1.0,8.0,15,1.0,1.0,9
20271,6.0,15,4,1,1,2,1,1,3105.0,42.5,5.0,1.0,8.0,18,1.0,1.0,9
20273,6.0,9,4,1,1,2,1,1,3100.0,39.2,5.0,1.0,2.0,15,1.0,1.0,9
20274,6.0,18,4,1,1,2,1,1,3100.0,32.4,5.0,1.0,8.0,18,1.0,1.0,31
20276,6.0,12,4,1,1,2,1,1,8.0,375.6,6.0,1.0,8.0,18,1.0,1.0,9
20278,6.0,12,4,2,1,2,1,1,3101.0,6.7,4.0,1.0,8.0,18,1.0,1.0,32
20279,6.0,8,4,2,1,2,1,1,307.0,32.0,5.0,1.0,8.0,18,1.0,1.0,21
20280,6.0,23,65,1,1,1,1,1,8.0,384.3,6.0,1.0,2.0,15,1.0,1.0,3
20281,6.0,1,4,1,1,1,1,1,304.0,73.0,5.0,1.0,8.0,18,1.0,1.0,9
20283,6.0,11,65,1,1,2,1,1,11.0,174.2,5.0,1.0,3.0,15,1.0,4.0,9
20285,6.0,8,65,2,1,2,1,1,3211.0,19.9,3.0,1.0,3.0,14,1.0,4.0,32
20286,6.0,23,65,1,1,1,1,1,11.0,173.4,5.0,1.0,3.0,15,1.0,1.0,9
20288,6.0,9,65,3,1,2,1,1,3210.0,0.0,3.0,1.0,3.0,15,1.0,4.0,9
20290,6.0,9,65,1,1,2,1,1,11.0,174.0,5.0,1.0,3.0,14,1.0,4.0,9
20291,6.0,12,65,1,1,2,1,1,11.0,173.3,5.0,1.0,2.0,15,1.0,1.0,36
20293,6.0,19,65,1,1,1,1,1,11.0,177.0,5.0,1.0,2.0,15,1.0,1.0,36
20296,6.0,12,65,2,1,2,1,1,3224.0,9999.99,4.0,1.0,3.0,15,1.0,1.0,9
20302,6.0,20,65,2,1,1,1,1,3224.0,13.0,4.0,1.0,3.0,15,1.0,4.0,38
20303,6.0,12,4,2,1,2,1,1,3103.0,9999.99,4.0,1.0,8.0,13,3.0,10.0,3
20304,6.0,18,65,1,1,2,1,1,8.0,401.0,5.0,1.0,2.0,15,1.0,1.0,9
20306,6.0,19,65,1,1,1,1,1,8.0,418.0,5.0,1.0,8.0,13,3.0,10.0,3
20307,6.0,10,65,1,1,2,1,1,309.0,63.2,5.0,1.0,3.0,15,1.0,1.0,9
20308,6.0,18,65,2,1,2,1,1,3211.0,3.0,3.0,1.0,3.0,15,1.0,4.0,430
20310,6.0,11,65,2,1,2,1,1,3203.0,46.5,4.0,1.0,2.0,15,1.0,1.0,46
20311,6.0,6,65,2,1,2,1,1,3203.0,46.0,4.0,1.0,1.0,15,1.0,4.0,82
20313,6.0,12,65,2,1,2,1,1,3224.0,20.0,4.0,1.0,3.0,15,1.0,4.0,9
20315,6.0,19,65,2,1,1,1,1,3224.0,27.0,4.0,1.0,2.0,15,1.0,4.0,21
20316,6.0,2,65,2,1,1,1,1,3224.0,16.0,4.0,1.0,3.0,15,1.0,4.0,3
20317,6.0,18,65,2,1,2,1,1,3105.0,3.0,3.0,1.0,3.0,15,1.0,4.0,9
20319,6.0,22,65,1,1,1,1,1,308.0,124.0,5.0,1.0,3.0,16,1.0,4.0,36
20322,6.0,9,65,3,1,2,1,1,3207.0,9999.99,3.0,1.0,8.0,13,1.0,11.0,9
20324,6.0,20,65,1,1,1,1,1,309.0,62.0,6.0,1.0,7.0,15,1.0,1.0,9
20325,6.0,13,65,1,1,2,1,1,3220.0,9999.99,6.0,1.0,7.0,14,1.0,16.0,400
20326,6.0,14,65,1,1,2,1,1,3222.0,30.0,2.0,1.0,7.0,15,1.0,1.0,9
20327,6.0,12,65,1,1,2,1,1,3222.0,28.2,6.0,1.0,7.0,14,1.0,16.0,82
20328,6.0,12,65,1,1,2,1,1,3216.0,17.0,6.0,1.0,7.0,14,1.0,16.0,9
20330,6.0,15,65,1,1,2,1,1,3222.0,24.0,6.0,1.0,7.0,15,1.0,1.0,32
20331,6.0,17,65,1,1,2,1,1,3222.0,23.0,6.0,1.0,7.0,15,1.0,1.0,31
20332,6.0,6,15,1,1,2,1,1,17.0,264.4,6.0,1.0,8.0,18,9.0,11.0,38
20333,6.0,8,15,1,1,2,1,1,6108.0,43.0,4.0,1.0,8.0,13,9.0,18.0,42
20335,6.0,17,15,1,1,2,1,1,17.0,267.0,6.0,1.0,3.0,15,8.0,1.0,341
20336,6.0,12,15,1,1,2,1,1,17.0,228.5,5.0,1.0,8.0,18,9.0,10.0,46
20338,6.0,18,15,1,1,2,1,1,604.0,127.3,7.0,1.0,8.0,14,1.0,16.0,9
20340,6.0,0,51,1,1,1,1,1,3307.0,1.0,6.0,1.0,4.0,15,9.0,2.0,21
20341,6.0,23,51,1,1,1,1,1,3313.0,9999.99,8.0,1.0,1.0,15,1.0,2.0,21
20343,6.0,0,72,1,1,1,1,1,3011.0,3.1,7.0,1.0,8.0,7,1.0,1.0,341
20344,6.0,22,51,1,1,1,1,1,1.0,345.0,7.0,2.0,7.0,9,1.0,10.0,38
20345,6.0,21,51,1,1,1,1,1,801.0,49.3,11.0,2.0,8.0,14,1.0,16.0,9
20346,6.0,1,51,1,1,1,1,1,801.0,57.9,11.0,2.0,8.0,14,1.0,16.0,9
20347,6.0,16,51,1,1,2,1,1,801.0,54.6,11.0,2.0,8.0,14,1.0,16.0,9
20348,6.0,10,51,1,1,2,1,1,801.0,56.6,11.0,2.0,2.0,15,5.0,1.0,9
20351,6.0,15,71,1,1,2,1,1,3024.0,9999.99,5.0,1.0,2.0,15,4.0,1.0,9
20354,6.0,22,72,1,1,1,1,1,3011.0,19.85,7.0,1.0,8.0,14,1.0,16.0,21
20357,6.0,11,72,1,1,2,1,1,3026.0,9999.99,6.0,2.0,8.0,14,2.0,16.0,439
20359,6.0,22,72,1,1,1,1,1,3014.0,8.4,9.0,1.0,3.0,15,8.0,2.0,3
20360,6.0,10,72,1,1,2,1,1,3012.0,3.0,14.0,1.0,8.0,18,1.0,1.0,21
20361,6.0,1,72,1,1,1,1,1,3012.0,9999.99,10.0,1.0,1.0,15,1.0,2.0,439
20362,6.0,7,72,1,1,2,1,1,3012.0,11.4,14.0,1.0,8.0,14,1.0,16.0,9
20363,6.0,18,72,1,1,2,1,1,3001.0,1.0,8.0,1.0,3.0,15,2.0,1.0,32
20365,6.0,13,72,1,1,2,1,1,3007.0,9999.99,9.0,1.0,3.0,15,9.0,1.0,82
20366,6.0,8,72,1,1,2,1,1,3011.0,9999.99,14.0,1.0,3.0,15,7.0,2.0,3
20367,6.0,14,72,1,1,2,1,1,3011.0,9999.99,12.0,1.0,1.0,14,1.0,16.0,9
20368,6.0,9,72,1,1,2,1,1,3011.0,9999.99,7.0,1.0,7.0,15,1.0,1.0,21
20370,6.0,17,72,1,1,2,1,1,3013.0,9999.99,8.0,1.0,2.0,15,4.0,1.0,21
20372,6.0,19,72,1,1,1,1,1,3009.0,9999.99,9.0,1.0,7.0,12,1.0,1.0,9
20373,6.0,15,72,1,1,2,1,1,3011.0,9999.99,7.0,1.0,3.0,15,1.0,1.0,9
20374,6.0,18,72,1,1,2,1,1,3011.0,9999.99,7.0,1.0,3.0,15,2.0,1.0,9
20376,6.0,17,72,1,1,2,1,1,3011.0,9999.99,7.0,1.0,7.0,14,9.0,1.0,3
20377,6.0,18,72,1,1,2,1,1,3011.0,3.0,8.0,2.0,3.0,15,9.0,8.0,9
20378,6.0,4,72,1,1,1,1,1,320.0,13.9,7.0,1.0,4.0,15,1.0,1.0,86
20380,6.0,11,72,1,1,2,1,1,320.0,11.7,7.0,1.0,2.0,15,3.0,1.0,21
20381,6.0,21,72,1,1,1,1,1,320.0,20.6,7.0,2.0,4.0,15,4.0,1.0,21
20382,6.0,0,72,1,1,1,1,1,320.0,13.6,7.0,1.0,3.0,15,2.0,7.0,9
20383,6.0,9,72,1,1,2,1,1,3014.0,12.8,7.0,1.0,7.0,15,7.0,15.0,9
20384,6.0,19,50,1,1,1,1,1,803.0,2.0,8.0,2.0,7.0,15,4.0,1.0,9
20385,6.0,22,50,1,1,1,1,1,803.0,3.4,8.0,2.0,8.0,15,8.0,14.0,9
20386,6.0,0,72,1,1,1,1,1,3014.0,8.0,8.0,1.0,1.0,15,3.0,4.0,341
20391,6.0,13,54,1,1,2,1,1,1.0,386.2,9.0,1.0,2.0,15,4.0,1.0,21
20393,6.0,20,72,1,1,1,1,1,3009.0,1.8,8.0,1.0,3.0,15,3.0,8.0,36
20396,6.0,18,72,1,1,2,1,1,3012.0,4.4,14.0,1.0,8.0,14,1.0,16.0,9
20397,6.0,18,72,1,1,2,1,1,3012.0,8.3,14.0,1.0,3.0,15,6.0,2.0,9
20398,6.0,16,72,1,1,2,1,1,3012.0,11.0,14.0,1.0,3.0,15,3.0,1.0,9
20399,6.0,12,72,1,1,2,1,1,3012.0,5.1,14.0,1.0,3.0,15,3.0,1.0,9
20402,6.0,12,72,1,1,2,1,1,1.0,380.0,7.0,1.0,3.0,15,3.0,1.0,3
20403,6.0,4,50,1,1,1,1,1,801.0,91.2,7.0,2.0,7.0,18,7.0,13.0,9
20404,6.0,22,50,1,1,1,1,1,801.0,88.6,7.0,2.0,2.0,15,4.0,1.0,36
20405,6.0,0,50,1,1,1,1,1,801.0,82.0,7.0,2.0,4.0,15,4.0,1.0,3
20406,6.0,18,72,1,1,2,1,1,3012.0,0.8,14.0,1.0,4.0,15,4.0,1.0,9
20407,6.0,21,72,1,1,1,1,1,3012.0,5.5,14.0,1.0,3.0,15,2.0,1.0,9
20408,6.0,16,72,1,1,2,1,1,3012.0,7.0,14.0,1.0,3.0,15,2.0,2.0,9
20410,6.0,14,72,1,1,2,1,1,3001.0,5.4,9.0,1.0,1.0,15,2.0,4.0,38
20411,6.0,10,72,1,1,2,1,1,320.0,16.2,7.0,1.0,2.0,15,1.0,1.0,32
20413,6.0,14,72,1,1,2,1,1,3011.0,6.0,10.0,2.0,8.0,13,9.0,16.0,21
20416,6.0,10,72,1,1,2,1,1,1.0,9999.99,8.0,1.0,7.0,15,7.0,15.0,9
20417,6.0,20,72,1,1,1,1,1,3001.0,5.6,8.0,1.0,3.0,15,7.0,14.0,9
20419,6.0,20,72,1,1,1,1,1,3014.0,8.7,7.0,1.0,2.0,15,4.0,1.0,46
20425,6.0,14,50,1,1,2,1,1,3011.0,0.5,9.0,1.0,3.0,15,9.0,13.0,31
20426,6.0,18,51,1,1,2,1,1,3002.0,9999.99,8.0,1.0,8.0,14,1.0,16.0,31
20427,6.0,23,51,1,1,1,1,1,3307.0,9999.99,1.0,1.0,2.0,15,1.0,8.0,9
20428,6.0,16,72,1,1,2,1,1,3032.0,6.0,8.0,1.0,2.0,15,4.0,1.0,9
20429,6.0,23,72,1,1,1,1,1,3011.0,6.0,7.0,2.0,3.0,15,5.0,8.0,3
20431,6.0,20,72,1,1,1,1,1,3013.0,9999.99,7.0,1.0,3.0,15,8.0,1.0,31
20433,6.0,12,72,1,1,2,1,1,3011.0,4.0,8.0,1.0,3.0,15,8.0,1.0,31
20434,6.0,18,72,1,1,2,1,1,3011.0,8.0,12.0,1.0,7.0,14,1.0,15.0,38
20436,6.0,8,72,1,1,2,1,1,3007.0,9999.99,12.0,1.0,3.0,15,8.0,1.0,31
20437,6.0,16,72,1,1,2,1,1,3011.0,9999.99,14.0,1.0,2.0,15,4.0,1.0,9
20440,6.0,12,72,1,1,2,1,1,3001.0,2.0,10.0,1.0,2.0,14,1.0,16.0,9
20441,6.0,14,72,1,1,2,1,1,320.0,20.1,7.0,1.0,1.0,15,1.0,4.0,9
20442,6.0,15,72,1,1,2,1,1,320.0,17.8,7.0,1.0,3.0,15,1.0,1.0,31
20444,6.0,18,72,2,1,2,1,1,320.0,17.7,7.0,1.0,2.0,15,1.0,1.0,9
20445,6.0,17,72,1,1,2,1,1,320.0,14.6,7.0,1.0,1.0,15,1.0,4.0,9
20446,6.0,14,72,1,1,2,1,1,320.0,14.6,7.0,1.0,3.0,15,2.0,1.0,9