NUM_ACC,MOIS_ACC,HEU_ACC,COD_PRV,COD_ETA_CHA,COD_ETA_SUR,COD_LUM,COD_INT,TYP_LIE_ACC,NUM_ROU,PKM,LAR_CHA,COD_TYP_CHA,COD_TYP_COL,COD_OBS_HRT,COD_POI_CHO,COD_MAN,CIR_ACC
21659,6.0,9,47,1,1,2,1,1,2.0,537.3,7.0,2.0,8.0,13,9.0,11.0,9
21660,6.0,18,47,1,1,2,1,1,2.0,522.0,7.0,2.0,2.0,15,4.0,1.0,32
21661,6.0,20,47,1,1,1,1,1,2.0,540.6,7.0,2.0,7.0,15,8.0,1.0,9
21662,6.0,7,67,1,1,2,1,1,17.0,89.0,7.0,1.0,8.0,13,9.0,10.0,9
21663,6.0,17,67,1,1,2,1,1,17.0,85.1,7.0,1.0,8.0,14,1.0,16.0,43
21664,6.0,15,67,1,1,2,1,1,17.0,25.2,12.0,1.0,2.0,15,4.0,1.0,40
21665,6.0,22,67,1,1,1,1,1,6021.0,34.7,6.0,1.0,8.0,13,8.0,11.0,9
21666,6.0,22,67,1,1,1,1,1,6025.0,29.0,6.0,1.0,8.0,18,9.0,10.0,32
21668,6.0,19,24,1,1,1,1,1,612.0,5.0,7.0,1.0,2.0,15,4.0,1.0,32
21669,6.0,22,47,1,1,1,1,1,612.0,22.0,7.0,1.0,2.0,15,4.0,1.0,40
21670,6.0,16,47,1,1,2,1,1,6010.0,9999.99,7.0,1.0,3.0,15,8.0,12.0,9
21671,6.0,18,47,1,1,2,1,1,2.0,508.0,7.0,2.0,7.0,15,8.0,14.0,37
21673,6.0,11,47,1,2,2,1,1,802.0,465.1,7.0,2.0,8.0,3,3.0,10.0,9
21675,6.0,12,26,1,1,2,1,1,6016.0,0.3,6.0,1.0,8.0,13,3.0,10.0,30
21676,6.0,19,47,1,1,1,1,1,2.0,539.0,7.0,2.0,1.0,15,1.0,4.0,32
21677,6.0,6,47,1,1,2,1,1,6000.0,13.0,7.0,1.0,8.0,13,9.0,11.0,33
21680,6.0,11,47,1,1,2,1,1,6010.0,9.0,7.0,1.0,8.0,15,8.0,1.0,40
21681,6.0,9,47,1,1,2,1,1,6000.0,15.6,7.0,2.0,2.0,15,4.0,1.0,37
21682,6.0,17,47,1,1,2,1,1,6006.0,5.5,7.0,1.0,7.0,15,8.0,1.0,43
21683,6.0,11,26,1,1,2,1,1,6.0,530.6,7.0,2.0,3.0,15,6.0,1.0,40
21684,6.0,15,26,1,1,2,1,1,2.0,563.1,7.0,2.0,8.0,7,3.0,10.0,32
21685,6.0,21,26,1,1,1,1,1,2.0,564.35,7.0,2.0,8.0,14,1.0,16.0,9
21686,6.0,22,26,1,1,1,1,1,6.0,529.7,7.0,2.0,8.0,13,8.0,10.0,32
21687,6.0,11,26,1,1,2,1,1,2.0,553.6,18.0,1.0,3.0,15,7.0,1.0,43
21688,6.0,19,26,1,1,1,1,1,2.0,553.0,18.0,1.0,3.0,15,8.0,7.0,9
21689,6.0,23,26,1,1,1,1,1,2.0,556.0,9.0,2.0,7.0,9,9.0,6.0,48
21690,6.0,21,26,1,1,1,1,1,6.0,549.2,12.0,1.0,2.0,15,4.0,1.0,30
21691,6.0,4,60,1,1,1,1,1,801.0,5.7,11.0,2.0,8.0,18,9.0,1.0,82
21692,6.0,5,74,1,1,1,1,1,407.0,20.0,6.0,1.0,8.0,13,9.0,1.0,9
21693,6.0,10,60,1,2,2,1,1,805.0,304.0,7.0,1.0,8.0,14,1.0,1.0,31
21694,6.0,7,73,1,1,2,1,1,401.0,14.6,8.0,1.0,8.0,13,1.0,1.0,9
21695,6.0,10,73,1,1,2,1,1,4036.0,1.6,6.0,1.0,1.0,15,1.0,2.0,9
21696,6.0,8,73,1,1,2,1,1,401.0,16.2,9.0,1.0,1.0,15,1.0,2.0,9
21697,6.0,20,73,1,1,1,1,1,322.0,53.4,7.0,1.0,3.0,15,7.0,1.0,40
21698,6.0,19,36,1,1,1,1,1,16.0,87.6,8.0,1.0,7.0,18,3.0,1.0,40
21699,6.0,9,74,1,1,2,1,1,6.0,16.2,7.0,2.0,8.0,13,9.0,1.0,40
21700,6.0,23,36,1,1,1,1,1,807.0,24.8,10.0,1.0,3.0,15,3.0,4.0,9
21702,6.0,17,73,1,2,2,1,1,322.0,67.3,17.0,1.0,8.0,14,1.0,16.0,40
21703,6.0,20,73,1,2,1,1,1,322.0,71.7,17.0,1.0,5.0,15,9.0,1.0,40
21705,6.0,15,73,1,1,2,1,1,401.0,16.6,9.0,1.0,3.0,15,3.0,1.0,40
21706,6.0,4,73,1,1,1,1,1,1.0,295.2,8.0,1.0,3.0,15,8.0,18.0,9
21707,6.0,10,73,1,1,2,1,1,1.0,294.8,8.0,1.0,7.0,15,8.0,18.0,37
21709,6.0,14,73,1,1,2,1,1,4030.0,9999.99,9.0,1.0,2.0,15,4.0,1.0,37
21711,6.0,18,73,1,1,2,1,1,1.0,299.5,16.0,1.0,3.0,15,7.0,12.0,9
21712,6.0,8,73,1,1,2,1,1,1.0,295.0,8.0,1.0,2.0,15,4.0,1.0,3
21715,6.0,19,73,1,1,1,1,1,1.0,298.6,16.0,1.0,3.0,15,7.0,4.0,9
21717,6.0,13,73,1,1,2,1,1,4030.0,9999.99,9.0,1.0,2.0,15,4.0,1.0,9
21723,6.0,0,73,1,1,1,1,1,1.0,297.0,15.0,1.0,7.0,15,8.0,18.0,9
21724,6.0,20,73,1,1,1,1,1,1.0,297.2,15.0,1.0,7.0,15,7.0,18.0,9
21725,6.0,20,73,1,1,1,1,1,1.0,297.2,15.0,1.0,7.0,15,7.0,18.0,40
21738,6.0,18,73,1,1,2,1,1,322.0,70.3,17.0,1.0,5.0,15,4.0,1.0,9
21739,6.0,15,73,1,2,2,1,1,322.0,70.9,17.0,1.0,2.0,15,4.0,1.0,30
21740,6.0,18,73,1,1,2,1,1,322.0,66.2,17.0,1.0,2.0,15,4.0,1.0,9
21741,6.0,18,73,1,1,2,1,1,322.0,66.2,17.0,1.0,3.0,15,8.0,6.0,40
21757,6.0,21,73,1,1,1,1,1,322.0,70.9,17.0,1.0,3.0,15,7.0,5.0,9
21758,6.0,18,73,1,2,2,1,1,322.0,67.0,17.0,1.0,3.0,15,7.0,6.0,31
21759,6.0,19,73,1,1,1,1,1,403.0,5.0,9.0,2.0,3.0,15,2.0,1.0,82
21761,6.0,22,73,1,1,1,1,1,403.0,6.1,10.0,2.0,3.0,15,7.0,1.0,9
21764,6.0,0,74,1,1,1,1,1,1.0,249.1,13.0,1.0,8.0,12,1.0,1.0,9
21765,6.0,2,74,1,1,1,1,1,1.0,248.5,14.0,1.0,8.0,12,1.0,1.0,21
21767,6.0,6,60,1,1,2,1,1,801.0,5.0,11.0,2.0,3.0,15,7.0,1.0,30
21768,6.0,18,60,1,1,2,1,1,801.0,11.8,11.0,2.0,1.0,15,4.0,1.0,30
21769,6.0,14,60,1,1,2,1,1,801.0,15.5,11.0,2.0,3.0,15,8.0,1.0,31
21771,6.0,7,73,1,1,2,1,1,403.0,5.5,9.0,2.0,1.0,15,2.0,2.0,38
21772,6.0,16,74,1,1,2,1,1,1.0,256.8,15.0,1.0,8.0,15,3.0,1.0,40
21774,6.0,20,74,1,1,1,1,1,1.0,247.8,15.0,1.0,8.0,15,3.0,1.0,5
21775,6.0,12,74,1,1,2,1,1,1.0,253.0,15.0,1.0,8.0,14,2.0,1.0,40
21777,6.0,22,74,1,1,1,1,1,4033.0,9999.99,8.0,1.0,8.0,14,2.0,1.0,40
21779,6.0,12,73,1,1,2,1,1,403.0,9.6,7.0,1.0,3.0,15,5.0,1.0,40
21780,6.0,2,73,1,1,1,1,1,403.0,12.0,7.0,1.0,8.0,16,1.0,1.0,9
21786,6.0,13,73,1,1,2,1,1,403.0,12.2,7.0,1.0,8.0,13,2.0,1.0,9
21792,6.0,11,73,1,1,2,1,1,4001.0,3.4,6.0,1.0,7.0,15,7.0,1.0,21
21794,6.0,17,60,1,1,2,1,1,805.0,253.04,7.0,2.0,8.0,13,9.0,1.0,30
21795,6.0,18,73,1,1,2,1,1,322.0,64.0,9.0,1.0,3.0,15,7.0,1.0,31
21796,6.0,18,73,1,1,2,1,1,4025.0,9999.99,6.0,1.0,8.0,12,1.0,1.0,31
21797,6.0,22,73,1,1,1,1,1,4016.0,9999.99,6.0,1.0,8.0,14,7.0,1.0,9
21799,6.0,9,73,1,1,2,1,1,401.0,19.4,9.0,1.0,8.0,13,3.0,1.0,37
21800,6.0,12,73,1,1,2,1,1,401.0,14.8,8.0,1.0,8.0,18,2.0,1.0,9
21810,6.0,12,73,1,1,2,1,1,403.0,7.6,7.0,2.0,3.0,15,2.0,1.0,30
21831,6.0,13,73,1,1,2,1,1,4030.0,9999.99,8.0,1.0,2.0,15,4.0,1.0,40
21832,6.0,8,74,1,1,2,1,1,6.0,12.6,7.0,2.0,8.0,13,9.0,1.0,38
21833,6.0,23,74,1,1,1,1,1,6.0,14.2,7.0,2.0,2.0,15,4.0,1.0,9
21839,6.0,7,74,1,1,2,1,1,6.0,10.9,7.0,2.0,2.0,15,4.0,1.0,31
21840,6.0,12,74,1,1,2,1,1,407.0,23.0,6.0,1.0,8.0,13,9.0,1.0,36
21843,6.0,19,60,1,1,1,1,1,805.0,303.9,7.0,1.0,3.0,15,5.0,1.0,40
21845,6.0,0,27,1,1,1,1,1,1.0,586.7,8.0,1.0,1.0,15,2.0,4.0,9
21846,6.0,18,27,1,1,2,1,1,202.0,29.6,8.0,1.0,3.0,15,8.0,6.0,51
21847,6.0,0,27,1,1,1,1,1,301.0,124.2,8.0,1.0,8.0,16,1.0,1.0,40
21848,6.0,10,27,1,1,2,1,1,202.0,16.5,8.0,1.0,8.0,13,7.0,1.0,59
21850,6.0,6,68,1,1,2,1,1,204.0,78.1,7.0,1.0,2.0,15,4.0,1.0,9
21854,6.0,21,27,1,1,1,1,1,2307.0,1.0,8.0,1.0,8.0,5,1.0,1.0,9
21855,6.0,12,27,1,1,2,1,1,301.0,176.3,8.0,1.0,3.0,15,6.0,6.0,32
21856,6.0,18,27,1,1,2,1,1,2300.0,15.0,7.0,1.0,3.0,15,8.0,1.0,30
21857,6.0,15,27,1,1,2,1,1,2300.0,14.0,7.0,1.0,3.0,15,7.0,4.0,37
21859,6.0,18,27,1,1,2,1,1,301.0,131.0,8.0,1.0,8.0,13,9.0,1.0,9
21860,6.0,9,27,1,1,2,1,1,301.0,159.5,8.0,1.0,1.0,15,1.0,1.0,40
21861,6.0,18,27,1,1,2,1,1,2307.0,1.2,8.0,1.0,3.0,15,3.0,19.0,40
21862,6.0,16,27,1,1,2,1,1,1.0,624.0,8.0,1.0,8.0,13,9.0,1.0,40
21863,6.0,6,27,1,1,2,1,1,1.0,598.8,8.0,1.0,8.0,13,7.0,1.0,21
21864,6.0,14,27,1,1,2,1,1,2307.0,1.0,8.0,1.0,1.0,15,1.0,4.0,40
21865,6.0,18,27,1,1,2,1,1,1.0,603.0,8.0,1.0,2.0,15,3.0,1.0,9
21866,6.0,17,27,1,1,2,1,1,2311.0,9999.99,8.0,1.0,8.0,13,8.0,1.0,9
21867,6.0,20,27,1,1,1,1,1,1.0,602.0,8.0,1.0,1.0,15,1.0,4.0,9
21868,6.0,10,27,1,1,2,1,1,2307.0,19.5,7.0,1.0,3.0,15,7.0,4.0,9
21869,6.0,9,27,1,1,2,1,1,2301.0,9999.99,7.0,1.0,8.0,13,2.0,11.0,9
21872,6.0,22,27,1,1,1,1,1,1.0,583.1,8.0,1.0,2.0,15,4.0,1.0,9
21873,6.0,7,27,1,1,2,1,1,1.0,604.1,8.0,1.0,1.0,15,2.0,1.0,9
21875,6.0,13,27,1,1,2,1,1,1.0,603.0,8.0,1.0,1.0,15,1.0,4.0,9
21876,6.0,14,27,1,1,2,1,1,2307.0,13.0,8.0,1.0,8.0,13,7.0,1.0,3
21877,6.0,23,27,1,1,1,1,1,1.0,608.0,8.0,1.0,8.0,13,3.0,1.0,9
21879,6.0,8,27,1,1,2,1,1,2311.0,9999.99,8.0,1.0,8.0,13,8.0,1.0,31
21880,6.0,12,27,1,1,2,1,1,301.0,176.2,8.0,1.0,8.0,13,7.0,1.0,32
21882,6.0,9,27,1,1,2,1,1,1.0,565.2,8.0,1.0,3.0,15,8.0,12.0,43
21883,6.0,17,27,1,1,2,1,1,301.0,85.0,8.0,1.0,8.0,14,1.0,16.0,46
21884,6.0,11,27,1,1,2,1,1,301.0,87.2,8.0,1.0,2.0,15,4.0,1.0,90
21885,6.0,5,27,3,1,1,1,1,2300.0,26.8,5.0,1.0,8.0,13,7.0,1.0,36
21886,6.0,20,27,2,1,1,1,1,2302.0,13.0,5.0,1.0,8.0,14,1.0,16.0,9
21888,6.0,9,27,1,1,2,1,1,1.0,565.0,8.0,1.0,2.0,15,4.0,1.0,30
21889,6.0,7,27,1,1,2,1,1,1.0,566.1,8.0,1.0,2.0,15,4.0,21.0,9
21890,6.0,12,68,1,1,2,1,1,2341.0,12.0,6.0,1.0,8.0,18,8.0,1.0,43
21891,6.0,11,27,1,1,2,1,1,301.0,87.0,8.0,1.0,8.0,14,1.0,16.0,9
21892,6.0,15,27,1,1,2,1,1,301.0,81.4,8.0,1.0,3.0,15,8.0,1.0,30
21893,6.0,14,68,1,1,2,1,1,201.0,29.0,6.0,1.0,8.0,18,8.0,1.0,30
21894,6.0,9,68,1,1,2,1,1,204.0,67.0,7.0,1.0,8.0,14,7.0,16.0,30
21895,6.0,6,68,1,1,2,1,1,204.0,68.0,7.0,1.0,8.0,18,1.0,1.0,21
21896,6.0,19,68,1,1,1,1,1,201.0,51.0,6.0,1.0,8.0,18,8.0,1.0,32
21897,6.0,15,68,1,1,2,1,1,2341.0,5.2,6.0,1.0,2.0,15,4.0,1.0,5
21898,6.0,8,68,1,1,2,1,1,2341.0,9999.99,6.0,1.0,7.0,15,8.0,1.0,5
21899,6.0,21,68,1,1,1,1,1,201.0,59.8,6.0,1.0,8.0,5,8.0,1.0,9
21900,6.0,11,68,1,1,2,1,1,204.0,68.0,7.0,1.0,8.0,14,8.0,16.0,439
21901,6.0,22,68,1,1,1,1,1,204.0,69.5,6.0,1.0,7.0,15,1.0,16.0,31
21902,6.0,15,27,1,1,2,1,1,301.0,114.2,8.0,1.0,2.0,15,4.0,1.0,30
21903,6.0,18,28,1,1,2,1,1,9.0,66.8,8.0,1.0,7.0,11,2.0,11.0,9
21904,6.0,19,28,1,1,1,1,1,11.0,96.1,8.0,1.0,1.0,15,1.0,1.0,9
21905,6.0,11,54,1,1,2,1,1,3625.0,9999.99,7.0,1.0,7.0,15,8.0,14.0,9
21906,6.0,22,72,1,1,1,1,1,9.0,32.2,7.0,1.0,8.0,14,1.0,16.0,33
21907,6.0,1,54,1,1,1,1,1,3607.0,9999.99,7.0,1.0,1.0,15,1.0,4.0,9
21909,6.0,3,28,1,1,1,1,1,3626.0,9999.99,7.0,1.0,8.0,14,8.0,16.0,21
21910,6.0,4,28,1,1,1,1,1,305.0,100.5,7.0,1.0,8.0,14,1.0,16.0,9
21911,6.0,21,28,1,1,1,1,1,308.0,19.5,7.0,1.0,8.0,14,1.0,16.0,71
21912,6.0,0,54,1,1,1,1,1,801.0,113.45,8.0,1.0,8.0,13,9.0,6.0,9
21913,6.0,19,65,2,1,1,1,1,3224.0,1.0,7.0,1.0,2.0,15,4.0,8.0,3
21915,6.0,12,28,1,1,2,1,1,308.0,27.1,7.0,1.0,1.0,15,1.0,2.0,3
21917,6.0,14,28,1,1,2,1,1,316.0,82.0,7.0,1.0,8.0,13,9.0,10.0,9
21918,6.0,21,28,1,1,1,1,1,803.0,61.7,8.0,2.0,8.0,13,3.0,10.0,3
21919,6.0,23,54,1,1,1,1,1,3602.0,9999.99,7.0,1.0,8.0,13,9.0,11.0,37
21922,6.0,5,54,1,1,1,1,1,3625.0,9999.99,7.0,1.0,8.0,18,9.0,12.0,9
21923,6.0,13,28,1,1,2,1,1,308.0,7.3,7.0,1.0,8.0,14,1.0,16.0,9
21924,6.0,8,28,2,1,2,1,1,3616.0,42.0,6.0,1.0,3.0,15,8.0,8.0,9
21925,6.0,23,54,2,1,1,1,1,3610.0,1.2,6.0,1.0,7.0,15,8.0,2.0,40
21926,6.0,17,28,1,1,2,1,1,308.0,7.0,7.0,1.0,2.0,15,4.0,1.0,32
21927,6.0,16,28,2,1,2,1,1,3615.0,9999.99,6.0,1.0,8.0,13,2.0,11.0,9
21928,6.0,12,72,1,1,2,1,1,9.0,32.5,7.0,1.0,3.0,15,3.0,4.0,9
21929,6.0,21,72,1,1,1,1,1,9.0,36.4,7.0,1.0,3.0,15,3.0,1.0,9
21930,6.0,12,54,1,1,2,1,1,9.0,9999.99,7.0,1.0,3.0,15,3.0,4.0,53
21931,6.0,10,72,1,1,2,1,1,9.0,32.6,7.0,1.0,2.0,15,4.0,1.0,40
21932,6.0,11,72,1,1,2,1,1,9.0,36.4,7.0,1.0,3.0,15,8.0,4.0,88
21933,6.0,20,72,1,1,1,1,1,9.0,36.4,7.0,1.0,2.0,15,4.0,1.0,9
21934,6.0,12,54,1,1,2,1,1,9.0,9999.99,7.0,1.0,3.0,15,3.0,4.0,9
21935,6.0,20,54,1,1,1,1,1,9.0,42.3,7.0,1.0,2.0,18,4.0,1.0,30
21936,6.0,9,72,1,1,2,1,1,9.0,36.3,7.0,1.0,2.0,15,4.0,1.0,3
21939,6.0,18,54,1,1,2,1,1,3607.0,9999.99,7.0,1.0,8.0,13,9.0,11.0,9
21940,6.0,12,54,1,1,2,1,1,3007.0,9999.99,7.0,1.0,8.0,14,7.0,16.0,9
21941,6.0,20,54,1,1,1,1,1,3610.0,9999.99,7.0,1.0,3.0,15,7.0,6.0,30
21942,6.0,14,54,1,1,2,1,1,9999.0,9999.99,7.0,1.0,8.0,14,7.0,16.0,32
21943,6.0,19,54,1,1,1,1,1,318.0,63.0,7.0,1.0,1.0,15,8.0,4.0,21
21944,6.0,13,54,1,1,2,1,1,3601.0,16.8,7.0,1.0,1.0,15,8.0,4.0,30
21945,6.0,14,54,1,1,2,1,1,318.0,40.2,7.0,1.0,8.0,13,9.0,11.0,9
21946,6.0,13,54,1,1,2,1,1,803.0,30.8,8.0,1.0,8.0,13,9.0,9.0,37
21947,6.0,9,54,1,1,2,1,1,803.0,26.4,8.0,1.0,8.0,11,8.0,10.0,40
21948,6.0,10,54,1,1,2,1,1,801.0,108.0,8.0,1.0,3.0,15,8.0,1.0,21
21949,6.0,7,72,1,1,2,1,1,9.0,32.2,7.0,1.0,2.0,15,4.0,1.0,9
21950,6.0,10,54,1,1,2,1,1,318.0,87.3,7.0,1.0,8.0,13,9.0,11.0,9
21952,6.0,8,54,1,1,2,1,1,11.0,49.2,8.0,1.0,7.0,15,7.0,9.0,48
21955,6.0,18,54,1,1,2,1,1,3609.0,9999.99,6.0,1.0,2.0,15,4.0,1.0,58
21957,6.0,22,54,1,1,1,1,1,3005.0,9999.99,7.0,1.0,8.0,16,1.0,16.0,40
21958,6.0,21,54,1,1,1,1,1,320.0,24.7,7.0,1.0,7.0,15,2.0,15.0,48
21962,6.0,9,54,1,1,2,1,1,1.0,388.7,7.0,1.0,3.0,15,5.0,1.0,48
21965,6.0,6,72,1,1,2,1,1,3011.0,17.3,6.0,1.0,2.0,15,4.0,1.0,30
21967,6.0,10,54,1,1,2,1,1,1.0,9999.99,7.0,1.0,1.0,15,1.0,4.0,9
21970,6.0,18,54,1,1,2,1,1,3011.0,9999.99,7.0,1.0,3.0,15,2.0,7.0,9
21972,6.0,16,54,1,1,2,1,1,318.0,72.8,7.0,1.0,7.0,15,3.0,1.0,37
21973,6.0,1,54,1,1,1,1,1,3005.0,9999.99,7.0,1.0,8.0,18,2.0,1.0,45
21975,6.0,14,54,1,1,2,1,1,3603.0,9999.99,7.0,1.0,1.0,15,1.0,4.0,40
21976,6.0,18,54,1,1,2,1,1,3607.0,9999.99,7.0,1.0,8.0,13,9.0,11.0,40
21977,6.0,18,54,1,1,2,1,1,320.0,29.8,14.0,2.0,2.0,15,4.0,1.0,43
21978,6.0,14,54,1,1,2,1,1,320.0,27.6,14.0,2.0,8.0,14,7.0,16.0,9
21979,6.0,18,54,1,1,2,1,1,320.0,29.0,14.0,2.0,8.0,14,8.0,16.0,9
21982,6.0,21,54,1,1,1,1,1,320.0,28.3,14.0,2.0,2.0,15,4.0,1.0,9
21986,6.0,23,54,1,1,1,1,1,320.0,29.8,14.0,2.0,8.0,14,8.0,16.0,36
21987,6.0,16,51,1,1,2,1,1,322.0,26.6,14.0,2.0,3.0,15,8.0,6.0,40
21989,6.0,11,54,1,1,2,1,1,3627.0,24.0,6.0,1.0,2.0,15,1.0,1.0,40
21990,6.0,17,54,1,1,2,1,1,3625.0,9999.99,7.0,1.0,2.0,15,4.0,1.0,36
21993,6.0,13,54,1,1,2,1,1,3602.0,9999.99,7.0,1.0,8.0,14,8.0,16.0,9
21994,6.0,14,54,1,1,2,1,1,3625.0,9999.99,7.0,1.0,8.0,14,8.0,16.0,44
21995,6.0,22,54,1,1,1,1,1,3625.0,9999.99,7.0,1.0,2.0,15,4.0,1.0,40
21999,6.0,6,6,1,1,2,1,1,305.0,53.0,6.0,1.0,2.0,15,4.0,1.0,40
22000,6.0,14,6,1,1,2,1,1,3326.0,6.6,6.0,1.0,4.0,15,4.0,1.0,40
22001,6.0,14,6,1,1,2,1,1,3305.0,12.0,6.0,1.0,3.0,15,7.0,4.0,43
22009,6.0,16,6,1,1,2,1,1,3305.0,6.4,6.0,1.0,3.0,15,7.0,4.0,88
22010,6.0,20,51,1,1,1,1,1,3313.0,9.0,6.0,1.0,3.0,15,1.0,1.0,40
22011,6.0,13,6,1,1,2,1,1,305.0,26.2,6.0,1.0,7.0,15,2.0,1.0,40
22012,6.0,19,6,1,1,1,1,1,313.0,14.0,7.0,2.0,3.0,15,2.0,8.0,9
22013,6.0,17,6,1,1,2,1,1,3340.0,9999.99,5.0,1.0,8.0,13,1.0,11.0,9
22014,6.0,18,6,1,1,2,1,1,305.0,67.1,6.0,1.0,8.0,14,1.0,16.0,88
22015,6.0,12,6,1,1,2,1,1,305.0,68.2,6.0,1.0,8.0,13,1.0,10.0,40
22016,6.0,0,6,1,1,1,1,1,3321.0,17.6,6.0,1.0,8.0,13,1.0,10.0,88
22018,6.0,11,28,1,1,2,1,1,3634.0,9999.99,7.0,1.0,2.0,15,4.0,1.0,9
22021,6.0,13,28,2,1,2,1,1,3622.0,9999.99,6.0,1.0,8.0,14,1.0,16.0,40
22023,6.0,5,28,2,1,1,1,1,3626.0,9999.99,6.0,1.0,7.0,15,8.0,2.0,9
22024,6.0,6,6,1,1,2,1,1,1.0,331.0,7.0,1.0,8.0,13,9.0,11.0,9
22025,6.0,21,6,1,1,1,1,1,1.0,318.1,7.0,1.0,8.0,13,3.0,10.0,489
22026,6.0,16,6,1,1,2,1,1,305.0,3.1,7.0,1.0,8.0,13,9.0,11.0,40
22027,6.0,14,6,1,1,2,1,1,313.0,12.5,7.0,1.0,2.0,15,4.0,1.0,9
22028,6.0,22,6,1,1,1,1,1,313.0,7.2,7.0,1.0,2.0,15,4.0,1.0,1940-04-01 00:00:00
22030,6.0,13,28,1,1,2,1,1,316.0,9999.99,7.0,1.0,8.0,14,1.0,16.0,3
22031,6.0,17,28,1,1,2,1,1,316.0,143.1,7.0,1.0,7.0,15,8.0,2.0,45
22032,6.0,19,28,2,1,1,1,1,9999.0,9999.99,6.0,1.0,8.0,13,9.0,10.0,21
22034,6.0,11,28,1,1,2,1,1,803.0,44.3,8.0,2.0,8.0,13,9.0,5.0,21
22035,6.0,10,28,1,1,2,1,1,803.0,46.5,8.0,2.0,7.0,15,6.0,17.0,88
22036,6.0,12,28,1,1,2,1,1,803.0,104.2,8.0,2.0,8.0,2,7.0,11.0,9
22037,6.0,22,73,1,1,1,1,1,1.0,302.4,7.0,1.0,1.0,15,1.0,4.0,9
22038,6.0,4,6,1,1,1,1,1,1.0,325.8,7.0,1.0,1.0,15,1.0,10.0,45
22039,6.0,17,6,1,1,2,1,1,3323.0,1.4,7.0,1.0,1.0,15,1.0,4.0,341
22040,6.0,11,6,1,1,2,1,1,3326.0,5.7,6.0,1.0,2.0,15,4.0,1.0,93
22041,6.0,16,28,1,1,2,1,1,9.0,100.6,8.0,1.0,8.0,13,9.0,10.0,9
22043,6.0,7,28,2,1,2,1,1,3618.0,9999.99,6.0,1.0,2.0,15,4.0,1.0,88
22044,6.0,22,6,1,1,1,1,1,404.0,110.9,7.0,1.0,3.0,15,8.0,1.0,90
22045,6.0,10,6,1,1,2,1,1,404.0,132.0,7.0,1.0,3.0,15,3.0,4.0,186
22046,6.0,12,6,1,1,2,1,1,404.0,130.0,7.0,1.0,3.0,15,8.0,4.0,9
22047,6.0,8,6,1,1,2,1,1,404.0,127.0,7.0,1.0,3.0,15,8.0,8.0,82
22048,6.0,8,6,1,1,2,1,1,3315.0,9999.99,5.0,1.0,3.0,15,8.0,6.0,32
22049,6.0,13,6,1,1,2,1,1,3312.0,9999.99,5.0,1.0,8.0,14,1.0,16.0,37
22050,6.0,8,6,1,1,2,1,1,3335.0,9999.99,4.0,1.0,8.0,14,1.0,16.0,40
22051,6.0,21,6,1,1,1,1,1,404.0,136.0,7.0,1.0,3.0,15,8.0,1.0,9
22052,6.0,16,6,1,1,2,1,1,3321.0,9999.99,6.0,1.0,2.0,15,4.0,1.0,9
22054,6.0,8,6,1,1,2,1,1,404.0,133.5,7.0,1.0,2.0,15,4.0,1.0,21
22057,6.0,17,28,1,1,2,1,1,11.0,65.3,8.0,1.0,7.0,15,1.0,16.0,9
22058,6.0,11,28,1,1,2,1,1,316.0,150.0,7.0,1.0,8.0,13,3.0,11.0,9
22059,6.0,5,28,1,1,1,1,1,11.0,62.9,8.0,1.0,8.0,15,6.0,14.0,9
22062,6.0,20,6,1,1,1,1,1,322.0,28.6,8.0,1.0,3.0,15,8.0,1.0,21
22064,6.0,19,6,1,1,1,1,1,322.0,28.5,8.0,1.0,1.0,15,1.0,2.0,9
22065,6.0,13,6,1,1,2,1,1,322.0,27.6,6.0,1.0,3.0,15,8.0,14.0,21
22066,6.0,16,6,1,1,2,1,1,322.0,28.0,8.0,1.0,3.0,15,8.0,2.0,9
22067,6.0,13,6,1,1,2,1,1,322.0,30.1,8.0,1.0,2.0,15,4.0,1.0,50
22068,6.0,20,6,1,1,1,1,1,3304.0,9999.99,6.0,1.0,1.0,15,1.0,2.0,32
22069,6.0,12,6,1,1,2,1,1,3308.0,1.2,6.0,1.0,3.0,15,7.0,1.0,9
22071,6.0,19,6,1,1,1,2,1,322.0,28.1,5.0,1.0,3.0,15,8.0,2.0,21
22073,6.0,12,6,1,1,2,1,1,801.0,34.6,11.0,2.0,3.0,15,6.0,1.0,30
22074,6.0,15,6,1,1,2,1,1,322.0,49.3,8.0,1.0,3.0,15,2.0,4.0,32
22075,6.0,17,28,2,1,2,1,1,3606.0,36.0,7.0,1.0,8.0,13,2.0,11.0,49
22077,6.0,9,28,1,1,2,1,1,316.0,9999.99,7.0,1.0,8.0,13,9.0,11.0,9
22079,6.0,8,28,1,1,2,1,1,308.0,26.0,7.0,1.0,2.0,15,4.0,1.0,30
22081,6.0,14,28,1,1,2,1,1,308.0,23.0,7.0,1.0,3.0,15,8.0,8.0,9
22082,6.0,13,28,2,1,2,1,1,3618.0,9999.99,6.0,1.0,1.0,15,1.0,2.0,30
22083,6.0,15,28,2,1,2,1,1,3503.0,9999.99,6.0,1.0,7.0,15,1.0,11.0,36
22084,6.0,18,28,2,1,2,1,1,3503.0,9999.99,6.0,1.0,7.0,15,1.0,16.0,30
22085,6.0,12,28,1,1,2,1,1,308.0,76.0,7.0,1.0,1.0,15,1.0,2.0,9