NUM_ACC,MOIS_ACC,HEU_ACC,COD_PRV,COD_ETA_CHA,COD_ETA_SUR,COD_LUM,COD_INT,TYP_LIE_ACC,NUM_ROU,PKM,LAR_CHA,COD_TYP_CHA,COD_TYP_COL,COD_OBS_HRT,COD_POI_CHO,COD_MAN,CIR_ACC
22087,6.0,11,28,2,1,2,1,1,3630.0,9999.99,6.0,1.0,8.0,13,7.0,11.0,9
22088,6.0,5,17,1,1,1,1,1,4232.0,68.8,4.0,1.0,8.0,18,9.0,1.0,44
22089,6.0,18,61,2,1,2,1,1,4221.0,9999.99,6.0,1.0,8.0,13,9.0,11.0,9
22091,6.0,18,17,1,1,2,1,1,4234.0,40.0,6.0,1.0,7.0,14,2.0,16.0,9
22093,6.0,12,17,1,1,2,1,1,13.0,177.8,5.0,1.0,7.0,14,1.0,16.0,9
22094,6.0,18,17,1,1,2,1,1,411.0,20.3,6.0,1.0,3.0,15,8.0,4.0,9
22095,6.0,23,17,1,1,1,1,1,411.0,3.2,7.0,1.0,2.0,15,4.0,1.0,9
22096,6.0,11,61,1,1,2,1,1,4246.0,9999.99,7.0,1.0,2.0,15,4.0,1.0,9
22097,6.0,13,61,2,1,2,1,1,4252.0,9999.99,9.0,1.0,8.0,13,8.0,11.0,36
22098,6.0,19,61,1,1,1,1,1,411.0,30.4,6.0,1.0,7.0,14,8.0,16.0,9
22099,6.0,8,61,1,1,2,1,1,411.0,38.4,6.0,1.0,8.0,13,9.0,11.0,9
22100,6.0,20,17,2,1,1,2,1,4252.0,9999.99,6.0,1.0,8.0,13,9.0,10.0,9
22101,6.0,11,61,1,1,2,1,1,409.0,1.1,6.0,1.0,2.0,15,4.0,1.0,3
22102,6.0,12,61,1,1,2,1,1,409.0,32.2,6.0,1.0,3.0,15,8.0,4.0,9
22104,6.0,20,61,1,1,1,1,1,4260.0,21.5,3.0,1.0,8.0,13,9.0,11.0,40
22105,6.0,12,61,1,1,2,1,1,4235.0,4.2,7.0,1.0,2.0,15,4.0,1.0,9
22106,6.0,22,61,1,1,1,1,1,409.0,32.2,6.0,1.0,8.0,13,9.0,11.0,9
22107,6.0,13,61,1,1,2,1,1,4235.0,3.4,5.0,1.0,7.0,14,7.0,16.0,43
22108,6.0,11,61,1,1,2,1,1,4235.0,0.3,9.0,1.0,3.0,15,8.0,4.0,3
22110,6.0,16,18,1,1,2,1,1,4323.0,0.6,7.0,1.0,3.0,15,8.0,4.0,30
22114,6.0,17,61,1,1,2,1,1,4.0,42.2,7.0,1.0,8.0,13,2.0,11.0,9
22115,6.0,5,61,1,1,1,1,1,409.0,15.0,8.0,1.0,3.0,15,8.0,4.0,30
22119,6.0,11,18,1,1,2,1,1,4323.0,5.0,8.0,1.0,3.0,15,8.0,4.0,9
22120,6.0,23,61,1,1,1,1,1,409.0,9999.99,3.0,1.0,3.0,15,8.0,1.0,21
22121,6.0,6,61,1,1,2,1,1,4240.0,4.2,6.0,1.0,2.0,15,4.0,1.0,9
22122,6.0,0,61,1,1,1,1,1,409.0,13.0,7.0,1.0,3.0,15,8.0,4.0,9
22123,6.0,22,17,1,1,1,1,1,4.0,83.4,5.0,1.0,3.0,15,8.0,2.0,9
22124,6.0,19,61,1,1,1,1,1,4240.0,13.0,5.0,1.0,2.0,15,4.0,1.0,9
22125,6.0,8,61,2,1,2,1,1,4236.0,9999.99,5.0,1.0,3.0,15,8.0,4.0,42
22126,6.0,2,61,1,1,1,1,1,409.0,5.0,6.0,1.0,8.0,13,9.0,10.0,9
22127,6.0,12,17,1,1,2,1,1,4538.0,32.2,6.0,1.0,1.0,15,1.0,4.0,21
22128,6.0,16,61,1,1,2,1,1,413.0,38.0,6.0,1.0,3.0,15,7.0,1.0,40
22129,6.0,19,61,1,1,1,1,1,4240.0,8.0,5.0,1.0,8.0,13,9.0,10.0,3
22130,6.0,12,61,1,1,2,1,1,9999.0,9999.99,4.0,1.0,1.0,15,1.0,2.0,9
22131,6.0,22,17,1,1,1,1,1,413.0,48.3,5.0,1.0,1.0,15,1.0,2.0,9
22132,6.0,15,17,1,1,2,1,1,4.0,71.9,5.0,1.0,2.0,15,4.0,1.0,3
22133,6.0,14,17,1,1,2,1,1,4517.0,2.0,6.0,1.0,3.0,15,3.0,4.0,9
22134,6.0,21,17,1,1,1,1,1,4234.0,34.1,6.0,1.0,2.0,15,1.0,1.0,9
22135,6.0,9,17,1,1,2,1,1,4234.0,45.2,6.0,1.0,8.0,13,2.0,11.0,9
22136,6.0,22,17,1,1,1,1,1,411.0,9.2,7.0,1.0,2.0,15,4.0,1.0,21
22138,6.0,18,17,1,1,2,1,1,4240.0,21.9,4.0,1.0,2.0,15,4.0,1.0,9
22139,6.0,13,17,1,1,2,1,1,4232.0,45.0,4.0,1.0,3.0,15,8.0,21.0,9
22140,6.0,21,17,1,1,1,1,1,4536.0,1.2,5.0,1.0,7.0,14,2.0,16.0,82
22141,6.0,20,17,1,1,1,1,1,4232.0,41.2,4.0,1.0,8.0,18,9.0,1.0,43
22142,6.0,22,17,1,1,1,1,1,4240.0,9999.99,4.0,1.0,8.0,18,9.0,1.0,9
22143,6.0,12,17,1,1,2,1,1,4232.0,38.6,4.0,1.0,2.0,15,4.0,1.0,21
22144,6.0,22,17,1,1,1,1,1,13.0,149.0,5.0,1.0,2.0,15,4.0,1.0,21
22145,6.0,12,17,1,1,2,1,1,13.0,184.2,5.0,1.0,2.0,15,4.0,1.0,9
22147,6.0,11,17,1,1,2,1,1,4232.0,45.5,4.0,1.0,7.0,14,8.0,16.0,9
22148,6.0,12,61,1,1,2,1,1,9999.0,18.5,4.0,1.0,3.0,15,7.0,1.0,3
22149,6.0,23,17,1,1,1,1,1,4232.0,52.4,4.0,1.0,8.0,18,9.0,1.0,59
22150,6.0,18,17,1,1,2,1,1,4571.0,9999.99,4.0,1.0,1.0,15,1.0,2.0,48
22154,6.0,10,16,1,1,2,1,1,4220.0,3.5,4.0,1.0,2.0,15,4.0,1.0,43
22156,6.0,12,17,1,1,2,1,1,4538.0,12.0,4.0,1.0,8.0,18,9.0,1.0,9
22157,6.0,18,17,1,1,2,1,1,4538.0,12.0,4.0,1.0,2.0,15,4.0,1.0,53
22158,6.0,20,17,1,1,1,1,1,411.0,19.0,5.0,1.0,8.0,18,9.0,1.0,43
22159,6.0,15,17,1,1,2,1,1,4538.0,4.0,4.0,1.0,8.0,18,9.0,1.0,32
22160,6.0,8,17,1,1,2,1,1,4571.0,9999.99,4.0,1.0,3.0,15,8.0,2.0,9
22161,6.0,9,40,1,1,2,1,1,4405.0,3.2,5.0,1.0,8.0,18,8.0,10.0,9
22163,6.0,11,40,1,1,2,1,1,1.0,99.6,7.0,2.0,3.0,15,2.0,1.0,9
22165,6.0,14,40,1,1,2,1,1,1.0,119.2,7.0,1.0,7.0,14,8.0,16.0,9
22168,6.0,19,40,1,1,1,1,1,1.0,107.0,7.0,2.0,2.0,15,4.0,1.0,9
22170,6.0,12,30,1,1,2,1,1,1.0,12.0,7.0,2.0,3.0,15,2.0,6.0,9
22172,6.0,3,30,1,1,1,1,1,805.0,69.6,8.0,2.0,2.0,15,6.0,1.0,9
22173,6.0,16,30,1,1,2,1,1,4601.0,9999.99,18.0,1.0,8.0,14,1.0,16.0,9
22175,6.0,23,40,1,1,1,1,1,4404.0,2.2,5.0,1.0,1.0,15,1.0,4.0,43
22177,6.0,12,30,1,1,2,1,1,2.0,10.9,8.0,2.0,8.0,14,1.0,11.0,9
22178,6.0,7,30,1,1,2,1,1,4600.0,9999.99,12.0,1.0,1.0,15,4.0,1.0,9
22181,6.0,22,40,1,1,1,1,1,4404.0,3.1,5.0,1.0,1.0,11,5.0,14.0,9
22185,6.0,13,40,1,1,2,1,1,1.0,99.0,7.0,2.0,8.0,18,8.0,10.0,30
22188,6.0,19,40,1,1,1,1,1,417.0,18.0,6.0,1.0,2.0,15,4.0,1.0,9
22190,6.0,0,40,1,1,1,1,1,1.0,111.0,7.0,1.0,7.0,9,7.0,11.0,21
22191,6.0,18,40,1,1,2,1,1,1.0,112.4,7.0,1.0,7.0,14,1.0,16.0,48
22192,6.0,6,40,1,1,2,1,1,1.0,106.0,7.0,2.0,8.0,18,7.0,11.0,9
22194,6.0,15,40,1,1,2,1,1,1.0,95.2,7.0,2.0,2.0,15,4.0,1.0,30
22196,6.0,9,69,1,1,2,1,1,16.0,21.2,6.0,1.0,3.0,15,8.0,6.0,40
22197,6.0,18,69,1,1,2,1,1,16.0,33.1,8.0,1.0,1.0,15,1.0,4.0,9
22200,6.0,18,30,1,1,2,1,1,2.0,13.8,5.0,2.0,2.0,15,4.0,1.0,9
22201,6.0,17,30,1,1,2,1,1,805.0,73.7,8.0,2.0,8.0,13,7.0,9.0,9
22202,6.0,19,30,1,1,1,1,1,2.0,19.1,8.0,2.0,3.0,15,8.0,1.0,9
22203,6.0,17,40,1,1,2,1,1,4405.0,9999.99,6.0,1.0,8.0,18,6.0,11.0,9
22204,6.0,22,30,1,1,1,1,1,2.0,13.8,5.0,2.0,8.0,13,9.0,11.0,50
22205,6.0,11,30,1,1,2,1,1,805.0,27.3,7.0,2.0,7.0,9,1.0,10.0,9
22206,6.0,1,40,1,1,1,1,1,415.0,14.3,6.0,1.0,3.0,15,8.0,4.0,9
22207,6.0,19,30,1,1,1,1,1,4601.0,9999.99,17.0,1.0,8.0,14,1.0,16.0,9
22210,6.0,0,30,1,1,1,1,1,4600.0,9999.99,16.0,1.0,1.0,1,4.0,11.0,9
22212,6.0,8,30,1,1,2,1,1,1.0,10.0,11.0,1.0,7.0,12,1.0,11.0,9
22213,6.0,6,30,1,1,2,1,1,1.0,11.0,7.0,2.0,8.0,13,7.0,13.0,21
22215,6.0,14,30,1,1,2,1,1,4602.0,9999.99,7.0,1.0,3.0,15,8.0,4.0,9
22216,6.0,19,30,1,1,1,1,1,4600.0,9999.99,12.0,1.0,1.0,15,1.0,4.0,36
22217,6.0,20,30,1,1,1,1,1,2.0,10.6,8.0,2.0,2.0,15,6.0,1.0,9
22218,6.0,19,30,1,1,1,1,1,4601.0,9999.99,30.0,1.0,8.0,14,1.0,16.0,51
22221,6.0,23,34,1,1,1,1,1,802.0,275.0,7.0,2.0,2.0,15,1.0,1.0,9
22222,6.0,17,34,1,1,2,1,1,5413.0,9.0,5.0,1.0,1.0,15,1.0,4.0,9
22223,6.0,13,34,1,1,2,1,1,5407.0,20.0,5.0,1.0,8.0,13,1.0,10.0,9
22224,6.0,4,34,1,1,1,1,1,507.0,6.8,7.0,1.0,8.0,18,8.0,11.0,3
22230,6.0,23,34,1,1,1,1,1,6.0,285.4,8.0,1.0,7.0,1,1.0,11.0,3
22233,6.0,7,34,1,1,2,1,1,5409.0,9.9,5.0,1.0,8.0,16,1.0,16.0,9
22234,6.0,16,34,1,1,2,1,1,5414.0,9999.99,7.0,1.0,8.0,13,1.0,10.0,9
22236,6.0,11,34,1,1,2,1,1,5407.0,30.0,5.0,1.0,8.0,13,1.0,9.0,9
22237,6.0,15,34,1,1,2,1,1,6.0,291.8,9.0,1.0,8.0,13,1.0,10.0,9
22242,6.0,14,34,1,1,2,1,1,5412.0,9999.99,8.0,1.0,8.0,14,1.0,16.0,9
22243,6.0,19,34,1,1,1,1,1,507.0,8.0,7.0,1.0,8.0,18,7.0,10.0,3
22244,6.0,17,34,1,1,2,1,1,5413.0,1.9,5.0,1.0,8.0,18,7.0,11.0,9
22245,6.0,19,34,1,1,1,1,1,507.0,4.0,7.0,1.0,8.0,18,7.0,11.0,9
22246,6.0,19,34,1,1,1,1,1,5413.0,2.0,5.0,1.0,8.0,18,8.0,10.0,21
22247,6.0,19,34,1,1,1,1,1,9999.0,10.0,5.0,1.0,2.0,15,1.0,4.0,62
22248,6.0,17,34,1,1,2,1,1,6.0,308.75,6.0,1.0,8.0,10,1.0,10.0,31
22249,6.0,0,34,1,1,1,1,1,505.0,17.0,6.0,2.0,8.0,18,7.0,11.0,9
22250,6.0,5,34,1,1,1,1,1,505.0,26.0,6.0,2.0,8.0,18,8.0,10.0,40
22255,6.0,14,36,1,1,2,1,1,16.0,92.8,8.0,1.0,8.0,13,9.0,1.0,9
22257,6.0,18,52,1,1,2,1,1,9999.0,9999.99,4.0,1.0,8.0,13,9.0,1.0,9
22258,6.0,22,52,1,1,1,1,1,408.0,23.0,6.0,1.0,8.0,16,3.0,16.0,21
22260,6.0,19,52,1,1,1,1,1,13.0,72.9,8.0,1.0,7.0,13,9.0,1.0,341
22262,6.0,10,36,1,1,2,1,1,2.0,52.0,8.0,1.0,2.0,15,4.0,1.0,40
22263,6.0,18,36,1,1,2,1,1,2.0,46.9,8.0,1.0,2.0,15,4.0,1.0,59
22264,6.0,13,36,1,1,2,1,1,9999.0,8.0,6.0,1.0,8.0,13,9.0,1.0,9
22265,6.0,20,36,1,1,1,1,1,2.0,42.6,8.0,1.0,3.0,15,3.0,1.0,31
22266,6.0,15,36,1,1,2,1,1,417.0,9999.99,6.0,1.0,3.0,15,2.0,4.0,40
22269,6.0,12,36,1,1,2,1,1,16.0,92.7,8.0,1.0,8.0,13,9.0,1.0,9
22270,6.0,21,36,1,1,1,1,1,9999.0,93.2,6.0,1.0,8.0,16,1.0,16.0,44
22272,6.0,12,36,1,1,2,1,1,9999.0,33.9,6.0,1.0,8.0,13,9.0,1.0,9
22274,6.0,19,36,1,1,1,1,1,2.0,90.4,6.0,1.0,8.0,18,7.0,11.0,9
22275,6.0,16,36,1,1,2,1,1,9999.0,75.3,5.0,1.0,7.0,14,7.0,16.0,9
22278,6.0,19,36,1,1,1,1,1,4704.0,8.4,4.0,1.0,7.0,14,7.0,16.0,9
22280,6.0,19,36,1,1,1,1,1,2.0,82.7,6.0,1.0,8.0,18,8.0,10.0,9
22281,6.0,10,9,1,1,2,1,1,16.0,127.9,8.0,1.0,2.0,15,4.0,1.0,37
22282,6.0,9,9,1,1,2,1,1,16.0,128.0,8.0,1.0,3.0,15,7.0,4.0,9
22283,6.0,19,9,1,1,1,1,1,16.0,131.9,8.0,1.0,3.0,15,2.0,4.0,5
22287,6.0,21,36,1,1,1,1,1,2.0,30.4,8.0,1.0,7.0,15,9.0,1.0,9
22288,6.0,19,9,1,1,1,1,1,13.0,9999.99,8.0,1.0,2.0,15,4.0,1.0,9
22290,6.0,15,9,1,1,2,1,1,13.0,9999.99,8.0,1.0,1.0,15,1.0,4.0,9
22291,6.0,19,9,1,1,1,1,1,412.0,0.3,8.0,1.0,1.0,15,1.0,4.0,51
22292,6.0,10,9,1,1,2,1,1,412.0,12.3,5.0,1.0,8.0,13,9.0,1.0,9
22293,6.0,14,9,1,1,2,1,1,2.0,170.3,8.0,1.0,8.0,13,9.0,1.0,9
22295,6.0,10,36,1,1,2,1,1,16.0,87.5,8.0,1.0,2.0,15,6.0,1.0,341
22297,6.0,15,36,1,1,2,1,1,16.0,91.8,8.0,1.0,2.0,15,6.0,1.0,40
22300,6.0,22,36,1,1,1,1,1,807.0,15.9,12.0,1.0,8.0,4,9.0,1.0,9
24003,7.0,22,33,1,1,1,1,1,9999.0,19.0,4.0,1.0,1.0,10,1.0,18.0,9
24004,7.0,19,45,1,1,1,1,1,9999.0,27.0,12.0,1.0,2.0,15,4.0,1.0,9
24006,7.0,3,2,1,1,1,1,1,10.0,164.3,9.0,1.0,1.0,15,1.0,4.0,9
24007,7.0,20,2,1,1,1,1,1,1709.0,9999.99,8.0,1.0,2.0,15,1.0,1.0,9
24009,7.0,23,2,1,1,1,1,1,1713.0,7.6,7.0,1.0,8.0,18,9.0,1.0,9
24010,7.0,15,2,1,1,2,1,1,9999.0,9999.99,15.0,1.0,8.0,18,9.0,1.0,3
24011,7.0,21,37,1,1,1,1,1,1903.0,28.0,6.0,1.0,8.0,18,9.0,1.0,40
24012,7.0,6,41,1,1,2,1,1,1.0,829.25,10.0,1.0,7.0,4,9.0,1.0,9
24013,7.0,18,41,1,1,2,1,1,1.0,842.0,10.0,1.0,7.0,18,7.0,1.0,9
24016,7.0,4,41,1,1,1,1,1,1.0,800.0,7.0,1.0,3.0,15,3.0,4.0,9
24017,7.0,8,45,1,1,2,1,1,1016.0,9999.99,8.0,1.0,2.0,4,4.0,1.0,9
24018,7.0,18,37,1,1,2,1,1,1.0,991.2,6.0,1.0,8.0,18,9.0,1.0,40
24019,7.0,19,2,1,1,1,1,1,1733.0,9999.99,7.0,1.0,8.0,18,9.0,1.0,59
24022,7.0,10,45,1,1,2,1,1,1.0,901.8,8.0,1.0,2.0,15,4.0,1.0,21
24023,7.0,14,41,2,1,2,1,1,1000.0,8.37,4.0,1.0,8.0,18,9.0,1.0,32
24025,7.0,15,45,1,1,2,1,1,1.0,903.8,8.0,1.0,8.0,14,1.0,16.0,32
24029,7.0,23,41,1,1,1,1,1,10.0,4.5,9.0,1.0,2.0,15,1.0,1.0,3
24030,7.0,6,2,1,1,2,1,1,9999.0,346.8,12.0,1.0,8.0,18,9.0,1.0,9
24031,7.0,22,2,1,1,1,1,1,9999.0,83.8,7.0,1.0,3.0,15,7.0,4.0,9
24033,7.0,12,2,1,1,2,1,1,1704.0,9999.99,7.0,1.0,2.0,15,4.0,1.0,3
24034,7.0,14,2,1,1,2,1,1,9999.0,130.0,15.0,1.0,8.0,18,9.0,1.0,21
24037,7.0,5,41,1,1,1,1,1,1.0,842.0,10.0,1.0,1.0,15,1.0,2.0,21
24041,7.0,20,37,1,1,1,1,1,104.0,64.2,6.0,1.0,1.0,15,1.0,1.0,9
24042,7.0,10,37,1,1,2,1,1,1903.0,18.2,6.0,1.0,8.0,18,9.0,1.0,9
24043,7.0,1,2,1,1,1,1,1,9999.0,9999.99,15.0,1.0,3.0,18,1.0,1.0,82
24044,7.0,15,2,1,1,2,1,1,10.0,196.4,12.0,1.0,1.0,1,1.0,7.0,82
24046,7.0,7,2,1,1,2,1,1,9999.0,9999.99,9.0,1.0,8.0,15,1.0,1.0,40
24047,7.0,22,45,1,1,1,1,1,1009.0,20.0,6.0,1.0,2.0,15,4.0,1.0,40
24048,7.0,18,45,1,1,2,1,1,1009.0,14.0,6.0,1.0,7.0,15,7.0,8.0,90
24051,7.0,19,45,2,1,1,1,1,1018.0,9999.99,6.0,1.0,8.0,14,1.0,16.0,9
24052,7.0,20,45,2,1,1,1,1,1018.0,9999.99,8.0,1.0,7.0,14,1.0,4.0,40
24053,7.0,12,45,2,1,2,1,1,1018.0,9999.99,6.0,1.0,7.0,15,7.0,12.0,9
24055,7.0,21,45,2,1,1,1,1,1018.0,9999.99,6.0,1.0,7.0,15,7.0,8.0,9
24057,7.0,20,45,1,1,1,1,1,1018.0,9999.99,6.0,1.0,1.0,15,1.0,4.0,9
24060,7.0,14,45,2,1,2,1,1,1018.0,9999.99,6.0,1.0,7.0,15,8.0,6.0,9
24061,7.0,22,2,1,1,1,1,1,1704.0,2.3,7.0,1.0,8.0,18,9.0,1.0,400
24063,7.0,17,2,1,1,2,1,1,9999.0,120.2,15.0,1.0,8.0,14,1.0,16.0,40
24064,7.0,17,2,1,1,2,1,1,9999.0,122.6,15.0,1.0,8.0,14,1.0,16.0,9
24065,7.0,13,2,1,1,2,1,1,1704.0,5.4,7.0,1.0,1.0,15,1.0,4.0,40
24066,7.0,21,2,1,1,1,1,1,9999.0,120.2,15.0,1.0,8.0,14,1.0,16.0,40
24068,7.0,16,2,1,1,2,1,1,1704.0,9999.99,7.0,1.0,8.0,18,9.0,1.0,9
24071,7.0,12,2,1,1,2,1,1,10.0,161.8,9.0,1.0,3.0,15,7.0,1.0,9
24072,7.0,17,2,1,1,2,1,1,10.0,161.0,9.0,1.0,3.0,15,7.0,1.0,341
24073,7.0,21,2,1,1,1,1,1,10.0,73.6,9.0,1.0,2.0,15,4.0,1.0,88
24080,7.0,1,45,1,1,1,1,1,1009.0,24.0,6.0,1.0,8.0,16,1.0,16.0,40
24082,7.0,10,45,1,1,2,1,1,1009.0,20.0,6.0,1.0,3.0,15,7.0,1.0,9
24083,7.0,18,45,1,1,2,1,1,1009.0,10.0,6.0,1.0,1.0,15,1.0,4.0,9
24085,7.0,18,64,1,1,2,1,1,10.0,23.0,9.0,1.0,3.0,15,7.0,1.0,21
24086,7.0,18,64,1,1,2,1,1,10.0,16.0,9.0,1.0,3.0,15,8.0,1.0,21
24089,7.0,11,2,1,1,2,1,1,1723.0,9999.99,7.0,1.0,8.0,15,8.0,4.0,9
24090,7.0,10,2,1,1,2,1,1,9999.0,9999.99,7.0,1.0,8.0,15,5.0,4.0,71
24091,7.0,22,2,1,1,1,1,1,1705.0,9999.99,9.0,1.0,2.0,15,4.0,1.0,71
24092,7.0,10,2,1,1,2,1,1,9999.0,9999.99,9.0,1.0,8.0,15,4.0,4.0,21
24093,7.0,18,2,1,1,2,1,1,1709.0,9999.99,8.0,1.0,2.0,15,4.0,1.0,21
24094,7.0,10,2,1,1,2,1,1,10.0,9999.99,9.0,1.0,3.0,15,7.0,1.0,21
24095,7.0,13,2,1,1,2,1,1,9999.0,9999.99,7.0,1.0,2.0,15,1.0,1.0,21
24097,7.0,3,2,1,1,1,1,1,9999.0,9999.99,7.0,1.0,3.0,15,1.0,16.0,21
24098,7.0,11,2,1,1,2,1,1,9999.0,9999.99,7.0,1.0,2.0,15,1.0,1.0,9
24099,7.0,10,2,1,1,2,1,1,9999.0,9999.99,7.0,1.0,2.0,15,4.0,1.0,21
24101,7.0,7,2,1,1,2,1,1,10.0,194.2,8.0,1.0,3.0,15,5.0,1.0,9
24102,7.0,12,2,1,1,2,1,1,10.0,196.2,8.0,1.0,2.0,15,1.0,1.0,33
24103,7.0,14,2,1,1,2,1,1,1743.0,26.4,6.0,1.0,8.0,18,9.0,1.0,9
24105,7.0,19,2,1,1,1,1,1,10.0,185.2,7.0,1.0,3.0,15,8.0,1.0,21
24106,7.0,16,2,1,1,2,1,1,10.0,207.8,6.0,1.0,8.0,2,3.0,1.0,30
24107,7.0,9,2,1,1,2,1,1,10.0,220.1,6.0,1.0,8.0,18,1.0,1.0,341
24108,7.0,21,2,1,1,1,1,1,1743.0,26.7,6.0,1.0,8.0,18,9.0,1.0,9
24109,7.0,13,2,1,1,2,1,1,10.0,194.0,10.0,2.0,8.0,18,9.0,1.0,31
24113,7.0,16,2,1,1,2,1,1,1727.0,9999.99,7.0,1.0,8.0,15,9.0,1.0,95
24114,7.0,15,2,1,1,2,1,1,9999.0,12.0,15.0,1.0,3.0,15,7.0,1.0,46
24115,7.0,17,2,1,1,2,1,1,9999.0,18.2,9.0,1.0,8.0,18,1.0,16.0,9
24116,7.0,20,37,1,1,1,1,1,1903.0,30.8,6.0,1.0,8.0,14,1.0,1.0,9
24117,7.0,17,37,1,1,2,1,1,104.0,88.8,6.0,1.0,7.0,18,9.0,1.0,37
24118,7.0,23,37,1,1,1,1,1,1909.0,14.0,6.0,1.0,8.0,18,9.0,1.0,48
24119,7.0,10,37,1,1,2,1,1,1903.0,4.2,6.0,1.0,3.0,15,3.0,1.0,32
24120,7.0,10,37,1,1,2,1,1,1909.0,10.0,6.0,1.0,3.0,15,3.0,1.0,30
24121,7.0,20,37,1,1,1,1,1,9999.0,55.0,6.0,1.0,3.0,15,2.0,1.0,43
24122,7.0,4,37,1,1,1,1,1,1.0,960.0,6.0,1.0,7.0,18,9.0,1.0,36
24123,7.0,8,37,1,1,2,1,1,1.0,985.7,6.0,1.0,3.0,15,2.0,1.0,38
24124,7.0,5,37,1,1,1,1,1,1.0,960.0,6.0,1.0,8.0,18,9.0,1.0,9
24125,7.0,14,37,1,1,2,1,1,1.0,990.0,6.0,1.0,8.0,18,9.0,1.0,33
24126,7.0,15,37,1,1,2,1,1,104.0,153.9,5.0,1.0,8.0,18,9.0,1.0,430
24128,7.0,8,45,1,1,2,1,1,1.0,918.8,8.0,1.0,2.0,15,4.0,1.0,30
24129,7.0,10,45,2,1,2,1,1,1007.0,76.2,6.0,1.0,7.0,15,7.0,6.0,3
24130,7.0,10,45,1,1,2,1,1,1.0,926.0,8.0,1.0,2.0,15,4.0,1.0,9
24132,7.0,13,45,1,1,2,1,1,1.0,925.9,8.0,2.0,3.0,15,4.0,1.0,32
24136,7.0,10,45,1,1,2,1,1,1.0,927.2,8.0,1.0,8.0,14,1.0,16.0,40
24138,7.0,22,45,2,1,1,1,1,1007.0,77.0,6.0,1.0,7.0,15,7.0,9.0,21
24140,7.0,16,64,1,1,2,1,1,105.0,7.0,12.0,1.0,3.0,15,7.0,1.0,38
24142,7.0,14,64,1,1,2,1,1,105.0,8.0,12.0,1.0,3.0,15,7.0,1.0,3
24143,7.0,10,64,1,1,2,1,1,105.0,6.3,12.0,1.0,3.0,18,7.0,11.0,49
24145,7.0,22,64,1,1,1,1,1,105.0,4.0,12.0,1.0,3.0,15,7.0,1.0,71
24146,7.0,20,64,1,1,1,1,1,105.0,9.5,12.0,1.0,3.0,15,7.0,1.0,21
24147,7.0,20,64,1,1,1,1,1,105.0,6.5,12.0,1.0,3.0,14,7.0,16.0,21
24149,7.0,20,64,1,1,1,1,1,105.0,7.6,12.0,1.0,3.0,14,7.0,16.0,21
24150,7.0,20,64,1,1,1,1,1,105.0,3.5,12.0,1.0,3.0,14,7.0,1.0,31
24151,7.0,21,64,1,1,1,1,1,105.0,6.7,12.0,1.0,3.0,15,7.0,1.0,21
24152,7.0,16,64,1,1,2,1,1,105.0,2.3,12.0,1.0,3.0,14,8.0,16.0,43
24153,7.0,9,45,1,1,2,1,1,9999.0,28.65,12.0,1.0,3.0,15,7.0,1.0,45
24154,7.0,16,45,1,1,2,1,1,9999.0,19.1,12.0,1.0,3.0,15,7.0,6.0,82
24156,7.0,21,45,1,1,1,1,1,9999.0,24.0,12.0,1.0,3.0,14,7.0,16.0,48
24157,7.0,14,45,1,1,2,1,1,9999.0,19.1,12.0,1.0,3.0,15,7.0,6.0,9
24158,7.0,16,45,1,1,2,1,1,9999.0,24.35,12.0,1.0,3.0,15,8.0,1.0,30
24159,7.0,19,45,1,1,1,1,1,9999.0,19.2,12.0,1.0,3.0,15,8.0,6.0,37
24160,7.0,23,45,1,1,1,1,1,9999.0,20.8,12.0,1.0,3.0,15,7.0,1.0,9
24161,7.0,20,45,1,1,1,1,1,9999.0,17.9,12.0,1.0,3.0,15,7.0,1.0,9
24162,7.0,19,45,1,1,1,1,1,9999.0,18.9,12.0,1.0,2.0,15,4.0,1.0,21
24163,7.0,8,45,1,1,2,1,1,9999.0,19.2,12.0,1.0,8.0,18,7.0,11.0,9
24164,7.0,19,45,1,1,1,1,1,9999.0,20.0,12.0,1.0,3.0,15,7.0,1.0,21
24165,7.0,23,45,1,1,1,1,1,9999.0,20.0,12.0,1.0,3.0,15,1.0,1.0,5
24166,7.0,19,45,1,1,1,1,1,9999.0,18.0,12.0,1.0,3.0,14,7.0,16.0,9
24167,7.0,12,45,1,1,2,1,1,1.0,897.4,12.0,1.0,3.0,15,7.0,1.0,48
24168,7.0,17,45,1,1,2,1,1,1.0,898.3,12.0,1.0,8.0,18,7.0,11.0,37
24169,7.0,21,2,1,1,1,1,1,10.0,47.5,14.0,1.0,3.0,15,7.0,1.0,9
24170,7.0,9,2,1,1,2,1,1,10.0,57.0,14.0,1.0,8.0,18,7.0,11.0,3
24171,7.0,10,2,1,1,2,1,1,10.0,55.8,14.0,1.0,8.0,18,7.0,11.0,21
24173,7.0,18,37,1,1,2,1,1,104.0,196.1,6.0,1.0,3.0,15,3.0,1.0,50
24176,7.0,22,41,1,1,1,1,1,1.0,828.7,10.0,1.0,3.0,15,7.0,1.0,9
24177,7.0,16,41,1,1,2,1,1,1.0,840.3,10.0,1.0,3.0,15,8.0,1.0,9
24178,7.0,14,41,1,1,2,1,1,1001.0,7.4,10.0,1.0,3.0,15,7.0,2.0,5
24179,7.0,10,41,1,1,2,1,1,1.0,833.1,10.0,1.0,7.0,4,8.0,1.0,5
24181,7.0,19,41,1,1,1,1,1,1.0,841.0,10.0,1.0,2.0,15,4.0,21.0,3