NUM_ACC,MOIS_ACC,HEU_ACC,COD_PRV,COD_ETA_CHA,COD_ETA_SUR,COD_LUM,COD_INT,TYP_LIE_ACC,NUM_ROU,PKM,LAR_CHA,COD_TYP_CHA,COD_TYP_COL,COD_OBS_HRT,COD_POI_CHO,COD_MAN,CIR_ACC
24572,7.0,19,51,1,1,1,1,1,801.0,58.0,11.0,2.0,2.0,15,4.0,1.0,21
24573,7.0,11,51,1,1,2,1,1,801.0,57.8,11.0,2.0,3.0,15,2.0,2.0,92
24574,7.0,12,51,1,1,2,1,1,8101.0,0.5,11.0,2.0,2.0,15,4.0,1.0,9
24575,7.0,1,51,1,1,1,1,1,801.0,54.6,11.0,2.0,2.0,15,6.0,1.0,9
24576,7.0,11,51,1,1,2,1,1,3002.0,9999.99,8.0,1.0,3.0,15,7.0,16.0,9
24578,7.0,14,51,1,1,2,1,1,3006.0,9999.99,8.0,1.0,3.0,15,2.0,1.0,9
24579,7.0,18,51,1,1,2,1,1,3006.0,9999.99,6.0,1.0,8.0,13,1.0,10.0,9
24581,7.0,17,51,1,1,2,1,1,3313.0,9999.99,8.0,1.0,3.0,15,3.0,16.0,9
24583,7.0,21,51,1,1,1,1,1,1.0,334.0,8.0,2.0,3.0,15,3.0,1.0,40
24584,7.0,18,51,1,1,2,1,1,3307.0,9999.99,8.0,2.0,3.0,15,3.0,19.0,21
24586,7.0,10,51,1,1,2,1,1,1.0,335.0,8.0,1.0,2.0,15,4.0,1.0,32
24591,7.0,21,72,1,1,1,1,1,3007.0,8.2,7.0,1.0,8.0,18,9.0,1.0,82
24592,7.0,9,72,1,1,2,1,1,3007.0,5.8,7.0,1.0,1.0,3,3.0,2.0,21
24593,7.0,20,72,1,1,1,1,1,3011.0,3.0,1.0,1.0,8.0,14,1.0,1.0,9
24594,7.0,21,72,1,1,1,1,1,3007.0,8.2,7.0,1.0,1.0,3,3.0,2.0,9
24597,7.0,21,72,1,1,1,1,1,3011.0,3.0,6.0,1.0,3.0,15,1.0,4.0,40
24600,7.0,21,72,1,1,1,1,1,3032.0,9999.99,7.0,1.0,3.0,15,3.0,15.0,1940-04-01 00:00:00
24601,7.0,8,72,1,1,2,1,1,3011.0,3.0,7.0,1.0,1.0,15,1.0,4.0,32
24605,7.0,23,51,1,1,1,1,1,313.0,9999.99,8.0,1.0,3.0,15,1.0,1.0,9
24606,7.0,9,51,1,1,2,1,1,3313.0,9999.99,8.0,1.0,8.0,14,1.0,16.0,33
24608,7.0,13,72,1,1,2,1,1,3011.0,13.0,1.0,2.0,8.0,2,1.0,1.0,9
24611,7.0,14,72,1,1,2,1,1,3011.0,9999.99,7.0,1.0,3.0,15,1.0,1.0,59
24612,7.0,12,72,1,1,2,1,1,3032.0,4.0,7.0,1.0,3.0,15,8.0,9.0,9
24614,7.0,21,72,1,1,1,1,1,3011.0,3.0,2.0,1.0,7.0,15,2.0,19.0,40
24615,7.0,18,72,1,1,2,1,1,3011.0,9999.99,7.0,2.0,1.0,15,1.0,4.0,88
24619,7.0,11,51,1,1,2,1,1,3006.0,9999.99,8.0,1.0,5.0,11,2.0,7.0,9
24624,7.0,18,51,1,1,2,1,1,3006.0,9999.99,6.0,1.0,8.0,13,1.0,10.0,48
24625,7.0,9,72,1,1,2,1,1,3011.0,3.0,4.0,1.0,1.0,15,1.0,2.0,32
24626,7.0,10,72,1,1,2,1,1,3011.0,3.0,1.0,1.0,2.0,15,4.0,1.0,40
24634,7.0,21,72,1,1,1,1,1,3014.0,8.3,7.0,1.0,4.0,15,8.0,1.0,9
24635,7.0,14,72,1,1,2,1,1,1.0,374.2,30.0,1.0,1.0,15,1.0,4.0,40
24637,7.0,14,72,1,1,2,1,1,1.0,377.4,7.0,1.0,7.0,15,8.0,15.0,9
24641,7.0,13,72,1,1,2,1,1,1.0,377.0,7.0,1.0,3.0,15,7.0,1.0,40
24642,7.0,18,72,1,1,2,1,1,3014.0,7.2,7.0,1.0,3.0,15,4.0,14.0,9
24643,7.0,19,51,1,1,1,1,1,313.0,9999.99,8.0,1.0,7.0,15,7.0,2.0,9
24644,7.0,6,51,2,1,2,1,1,3307.0,9999.99,5.0,1.0,7.0,15,9.0,2.0,9
24645,7.0,10,72,1,1,2,1,1,1.0,379.0,8.0,1.0,7.0,15,2.0,13.0,9
24646,7.0,21,72,1,1,1,1,1,3014.0,10.3,7.0,1.0,7.0,15,2.0,12.0,9
24649,7.0,18,72,1,1,2,1,1,3014.0,13.0,8.0,1.0,1.0,15,3.0,2.0,40
24651,7.0,21,72,1,1,1,1,1,3014.0,10.2,9.0,1.0,3.0,15,3.0,14.0,9
24654,7.0,23,71,1,1,1,1,1,315.0,10.9,8.0,2.0,8.0,13,9.0,1.0,88
24655,7.0,23,72,1,1,1,1,1,3028.0,9999.99,7.0,1.0,3.0,15,6.0,4.0,59
24657,7.0,22,72,1,1,1,1,1,320.0,19.8,7.0,2.0,8.0,18,8.0,18.0,40
24660,7.0,17,72,1,1,2,1,1,320.0,14.0,7.0,2.0,8.0,18,7.0,11.0,9
24661,7.0,23,72,1,1,1,1,1,320.0,21.8,7.0,2.0,3.0,15,8.0,10.0,45
24663,7.0,22,72,1,1,1,1,1,320.0,21.0,7.0,2.0,8.0,18,8.0,12.0,9
24664,7.0,19,72,1,1,1,1,1,320.0,20.8,7.0,2.0,7.0,15,7.0,11.0,9
24665,7.0,0,72,1,1,1,1,1,320.0,11.6,7.0,2.0,3.0,15,5.0,9.0,9
24666,7.0,17,50,1,1,2,1,1,801.0,77.0,8.0,2.0,2.0,15,4.0,1.0,9
24667,7.0,18,51,1,1,2,1,1,3326.0,8.0,7.0,1.0,2.0,15,4.0,1.0,30
24668,7.0,16,51,1,1,2,1,1,3326.0,11.0,7.0,1.0,8.0,14,1.0,16.0,9
24669,7.0,15,50,1,1,2,1,1,801.0,95.0,7.0,2.0,2.0,15,4.0,1.0,9
24670,7.0,13,50,1,1,2,1,1,801.0,94.9,7.0,2.0,7.0,18,9.0,11.0,37
24671,7.0,18,60,1,1,2,1,1,801.0,0.5,7.0,2.0,7.0,18,1.0,11.0,9
24672,7.0,10,50,1,1,2,1,1,801.0,86.4,7.0,2.0,7.0,15,9.0,1.0,59
24675,7.0,17,72,1,1,2,1,1,320.0,18.0,7.0,1.0,2.0,15,6.0,1.0,42
24677,7.0,22,72,1,1,1,1,1,320.0,11.6,7.0,2.0,7.0,15,2.0,9.0,32
24678,7.0,13,72,1,1,2,1,1,320.0,14.1,7.0,2.0,3.0,15,7.0,13.0,33
24679,7.0,3,72,1,1,1,1,1,320.0,13.0,10.0,2.0,8.0,18,7.0,11.0,430
24680,7.0,0,72,1,1,1,1,1,320.0,16.2,7.0,2.0,7.0,15,2.0,8.0,40
24682,7.0,16,72,1,1,2,1,1,320.0,21.8,7.0,2.0,1.0,15,5.0,8.0,9
24683,7.0,11,51,1,1,2,1,1,1.0,346.0,7.0,2.0,2.0,15,4.0,1.0,9
24684,7.0,18,51,1,1,2,1,1,3004.0,9999.99,7.0,2.0,3.0,15,3.0,2.0,33
24686,7.0,9,71,1,1,2,1,1,9.0,29.0,8.0,2.0,7.0,15,1.0,8.0,32
24687,7.0,14,71,1,1,2,1,1,3330.0,9999.99,6.0,1.0,2.0,15,1.0,1.0,9
24690,7.0,20,51,1,1,1,1,1,322.0,9.7,8.0,1.0,3.0,15,2.0,1.0,9
24691,7.0,20,51,1,1,1,1,1,322.0,13.6,8.0,1.0,3.0,15,6.0,1.0,9
24692,7.0,20,51,1,1,1,1,1,322.0,12.1,8.0,1.0,7.0,14,1.0,1.0,9
24693,7.0,18,51,1,1,2,1,1,322.0,9.2,8.0,1.0,2.0,14,1.0,1.0,9
24694,7.0,19,51,1,1,1,1,1,322.0,13.0,8.0,1.0,4.0,14,4.0,1.0,9
24695,7.0,19,51,1,1,1,1,1,322.0,9.2,8.0,1.0,1.0,15,3.0,1.0,45
24696,7.0,19,51,1,1,1,1,1,322.0,14.0,8.0,1.0,3.0,15,4.0,17.0,36
24697,7.0,11,51,1,1,2,1,1,322.0,11.8,8.0,1.0,3.0,15,4.0,1.0,9
24699,7.0,20,51,1,1,1,1,1,322.0,14.6,8.0,1.0,7.0,18,1.0,1.0,38
24700,7.0,21,51,1,1,1,1,1,322.0,12.6,8.0,1.0,2.0,15,4.0,1.0,43
24702,7.0,19,51,1,1,1,1,1,322.0,12.2,8.0,1.0,2.0,15,4.0,7.0,43
24704,7.0,5,51,1,1,1,1,1,1.0,337.1,7.0,2.0,3.0,15,7.0,9.0,30
24712,7.0,22,50,1,1,1,1,1,803.0,2.0,8.0,2.0,7.0,15,4.0,1.0,3
24713,7.0,8,50,1,1,2,1,1,803.0,11.0,8.0,2.0,2.0,15,4.0,1.0,9
24714,7.0,8,50,1,1,2,1,1,803.0,1.65,8.0,2.0,7.0,15,4.0,20.0,31
24715,7.0,12,50,1,1,2,1,1,803.0,1.3,8.0,2.0,2.0,15,4.0,1.0,9
24716,7.0,14,50,1,1,2,1,1,803.0,3.2,7.0,2.0,2.0,15,4.0,1.0,92
24717,7.0,20,50,1,1,1,1,1,803.0,2.5,8.0,2.0,7.0,15,4.0,1.0,9
24718,7.0,0,50,1,1,1,1,1,803.0,11.6,8.0,2.0,7.0,15,4.0,1.0,1940-04-01 00:00:00
24719,7.0,18,50,1,1,2,1,1,803.0,13.0,8.0,2.0,7.0,15,4.0,1.0,30
24720,7.0,9,50,1,1,2,1,1,803.0,6.3,8.0,2.0,2.0,15,4.0,1.0,82
24721,7.0,18,50,1,1,2,1,1,803.0,12.0,8.0,2.0,2.0,15,4.0,1.0,21
24722,7.0,12,54,1,1,2,1,1,803.0,15.0,8.0,2.0,2.0,15,4.0,1.0,90
24723,7.0,0,72,1,1,1,1,1,315.0,4.8,8.0,2.0,3.0,15,3.0,12.0,53
24724,7.0,17,72,1,1,2,1,1,315.0,6.8,8.0,1.0,3.0,15,6.0,1.0,9
24725,7.0,20,72,1,1,1,1,1,315.0,5.5,8.0,1.0,3.0,15,3.0,1.0,31
24726,7.0,2,72,1,1,1,1,1,315.0,6.5,8.0,2.0,2.0,15,4.0,1.0,36
24729,7.0,17,72,1,1,2,1,1,315.0,6.8,8.0,2.0,1.0,15,1.0,9.0,9
24731,7.0,20,72,1,1,1,1,1,315.0,4.6,8.0,2.0,8.0,14,2.0,16.0,33
24733,7.0,23,72,1,1,1,1,1,315.0,5.0,8.0,2.0,3.0,15,6.0,7.0,46
24739,7.0,14,71,1,1,2,1,1,315.0,10.0,8.0,1.0,5.0,15,4.0,1.0,43
24741,7.0,18,71,1,1,2,1,1,9.0,26.0,6.0,1.0,2.0,15,1.0,1.0,9
24742,7.0,20,71,1,1,1,1,1,315.0,9.0,6.0,1.0,2.0,15,1.0,1.0,40
24743,7.0,13,71,1,1,2,1,1,315.0,9999.99,5.0,1.0,3.0,15,2.0,4.0,30
24746,7.0,13,71,1,1,2,1,1,315.0,8.9,9.0,1.0,3.0,15,2.0,4.0,9
24747,7.0,22,71,1,1,1,1,1,9.0,25.1,8.0,1.0,2.0,15,1.0,1.0,52
24750,7.0,18,71,1,1,2,1,1,9.0,29.0,9.0,1.0,3.0,15,3.0,1.0,31
24751,7.0,17,71,1,1,2,1,1,315.0,9.0,8.0,1.0,2.0,15,1.0,1.0,53
24752,7.0,22,71,1,1,1,1,1,315.0,11.0,6.0,2.0,1.0,15,8.0,5.0,90
24753,7.0,9,72,1,1,2,1,1,315.0,6.0,8.0,1.0,4.0,15,1.0,1.0,93
24754,7.0,10,71,1,1,2,1,1,3336.0,9999.99,7.0,1.0,3.0,15,6.0,1.0,30
24755,7.0,16,71,1,1,2,1,1,315.0,10.4,8.0,2.0,2.0,15,6.0,1.0,432
24756,7.0,16,71,1,1,2,1,1,315.0,11.7,8.0,2.0,2.0,15,6.0,1.0,3
24757,7.0,16,72,1,1,2,1,1,320.0,16.4,7.0,2.0,1.0,15,1.0,4.0,9
24759,7.0,18,72,1,1,2,1,1,320.0,12.1,7.0,2.0,3.0,15,6.0,8.0,9
24760,7.0,22,50,1,1,1,1,1,320.0,3.0,7.0,2.0,2.0,15,4.0,1.0,30
24762,7.0,18,51,1,1,2,1,1,3000.0,9999.99,6.0,1.0,8.0,14,9.0,19.0,38
24763,7.0,14,51,1,1,2,1,1,9.0,3.6,7.0,2.0,2.0,15,4.0,1.0,41
24764,7.0,20,72,1,1,1,1,1,3012.0,5.0,14.0,1.0,8.0,14,1.0,16.0,21
24765,7.0,22,72,1,1,1,1,1,3012.0,5.5,14.0,1.0,3.0,15,3.0,1.0,21
24766,7.0,1,72,1,1,1,1,1,3012.0,0.4,14.0,1.0,3.0,15,3.0,2.0,30
24767,7.0,12,72,1,1,2,1,1,3012.0,12.0,14.0,1.0,3.0,15,3.0,1.0,30
24768,7.0,19,72,1,1,1,1,1,3012.0,1.8,14.0,1.0,3.0,15,2.0,2.0,3
24769,7.0,17,72,1,1,2,1,1,3012.0,5.0,14.0,1.0,4.0,15,4.0,1.0,9
24770,7.0,17,72,1,1,2,1,1,3012.0,12.2,14.0,1.0,3.0,15,2.0,1.0,21
24771,7.0,19,72,1,1,1,1,1,3012.0,4.5,14.0,1.0,3.0,15,2.0,1.0,40
24772,7.0,17,72,1,1,2,1,1,3012.0,12.6,14.0,1.0,8.0,18,1.0,1.0,45
24773,7.0,18,72,1,1,2,1,1,3012.0,4.0,14.0,1.0,3.0,15,2.0,1.0,69
24775,7.0,20,72,1,1,1,1,1,3012.0,1.0,14.0,1.0,8.0,14,1.0,16.0,36
24776,7.0,20,51,1,1,1,1,1,9.0,3.2,7.0,2.0,2.0,15,4.0,1.0,21
24777,7.0,16,51,1,1,2,1,1,9999.0,9999.99,5.0,1.0,3.0,15,2.0,2.0,38
24778,7.0,13,51,1,1,2,1,1,9.0,5.2,7.0,2.0,3.0,15,1.0,7.0,42
24779,7.0,21,51,1,1,1,1,1,3000.0,9999.99,7.0,1.0,3.0,15,3.0,7.0,9
24789,7.0,9,51,1,1,2,1,1,1.0,338.2,7.0,2.0,3.0,15,2.0,2.0,9
24790,7.0,18,51,1,1,2,1,1,3000.0,9999.99,6.0,1.0,3.0,15,7.0,2.0,9
24792,7.0,13,51,1,1,2,1,1,9.0,3.8,7.0,2.0,3.0,15,8.0,6.0,9
24793,7.0,19,51,1,1,1,1,1,9.0,4.0,7.0,2.0,3.0,15,3.0,2.0,21
24794,7.0,21,51,1,1,1,1,1,3004.0,9999.99,6.0,2.0,8.0,14,1.0,16.0,21
24796,7.0,17,51,1,1,2,1,1,9999.0,9999.99,6.0,1.0,3.0,15,3.0,8.0,9
24799,7.0,20,71,1,1,1,1,1,3305.0,9999.99,7.0,1.0,8.0,15,9.0,18.0,21
24800,7.0,22,71,1,1,1,1,1,3024.0,1.0,6.0,1.0,8.0,18,1.0,18.0,9
24803,7.0,21,71,1,1,1,1,1,3010.0,13.0,7.0,1.0,8.0,18,1.0,18.0,9
24807,7.0,8,71,1,1,2,1,1,3305.0,1.0,6.0,1.0,2.0,15,4.0,1.0,21
24809,7.0,20,72,1,1,1,1,1,3014.0,12.1,10.0,1.0,3.0,15,7.0,2.0,38
24812,7.0,1,72,1,1,1,1,1,1.0,374.2,3.0,1.0,7.0,14,8.0,16.0,38
24813,7.0,9,72,1,1,2,1,1,1.0,384.0,10.0,1.0,2.0,15,4.0,12.0,21
24814,7.0,19,72,1,1,1,1,1,3032.0,0.2,8.0,1.0,7.0,14,1.0,12.0,9
24815,7.0,19,72,1,1,1,1,1,1.0,383.3,8.0,1.0,3.0,15,6.0,1.0,9
24816,7.0,14,72,1,1,2,1,1,3014.0,7.0,7.0,1.0,3.0,15,8.0,14.0,21
24817,7.0,9,72,1,1,2,1,1,1.0,383.0,7.0,1.0,7.0,14,2.0,16.0,33
24818,7.0,14,72,1,1,2,1,1,3038.0,7.7,7.0,2.0,7.0,15,4.0,1.0,9
24822,7.0,3,38,1,1,1,1,1,1100.0,28.0,9.0,1.0,2.0,15,4.0,1.0,21
24825,7.0,12,10,1,1,2,1,1,3427.0,2.0,7.0,1.0,8.0,13,9.0,11.0,38
24826,7.0,23,58,1,1,1,1,1,301.0,78.0,7.0,1.0,3.0,15,8.0,1.0,82
24827,7.0,1,10,1,1,1,1,1,301.0,7.2,6.0,2.0,2.0,15,4.0,1.0,9
24828,7.0,6,10,1,1,2,1,1,3469.0,9999.99,5.0,1.0,8.0,13,9.0,11.0,38
24829,7.0,5,10,1,1,1,1,1,801.0,141.5,7.0,2.0,8.0,4,9.0,11.0,37
24830,7.0,7,58,1,1,2,1,1,7.0,11.7,8.0,1.0,3.0,15,8.0,14.0,30
24831,7.0,8,10,1,1,2,1,1,3416.0,9999.99,5.0,1.0,1.0,15,1.0,14.0,38
24833,7.0,13,10,1,1,2,1,1,320.0,60.2,7.0,1.0,1.0,15,1.0,14.0,9
24835,7.0,21,10,1,1,1,1,1,303.0,101.1,7.0,1.0,2.0,15,4.0,1.0,21
24836,7.0,14,10,1,1,2,1,1,3416.0,9999.99,6.0,1.0,1.0,15,1.0,4.0,30
24837,7.0,9,10,1,1,2,1,1,303.0,37.0,7.0,1.0,8.0,13,9.0,11.0,32
24838,7.0,14,10,1,1,2,1,1,301.0,29.9,7.0,1.0,1.0,15,1.0,14.0,38
24839,7.0,7,58,1,1,2,1,1,202.0,91.4,7.0,1.0,3.0,15,8.0,14.0,53
24840,7.0,12,58,1,1,2,1,1,7.0,35.6,8.0,1.0,8.0,14,3.0,16.0,37
24841,7.0,13,58,1,1,2,1,1,3426.0,9999.99,5.0,1.0,8.0,14,2.0,16.0,9
24842,7.0,6,10,1,1,2,1,1,801.0,158.1,7.0,2.0,8.0,14,2.0,1.0,37
24843,7.0,12,10,1,1,2,1,1,3416.0,9999.99,5.0,1.0,3.0,15,8.0,6.0,45
24844,7.0,11,10,1,1,2,1,1,7.0,0.7,8.0,1.0,8.0,13,9.0,11.0,45
24845,7.0,22,10,1,1,1,1,1,1.0,507.1,7.0,1.0,2.0,15,4.0,1.0,38
24846,7.0,4,10,1,1,1,1,1,202.0,137.6,7.0,1.0,3.0,15,8.0,14.0,38
24849,7.0,11,10,1,1,2,1,1,301.0,60.0,7.0,1.0,1.0,15,1.0,14.0,9
24850,7.0,23,58,1,1,1,1,1,202.0,64.9,7.0,1.0,2.0,15,4.0,1.0,21
24851,7.0,22,58,1,1,1,1,1,7.0,7.8,8.0,1.0,8.0,3,9.0,11.0,64
24852,7.0,19,10,1,1,1,1,1,301.0,25.8,7.0,1.0,1.0,15,1.0,14.0,30
24853,7.0,6,10,1,1,2,1,1,1.0,482.6,7.0,1.0,2.0,15,4.0,1.0,9
24854,7.0,0,10,1,1,1,1,1,3443.0,4.0,6.0,1.0,3.0,15,8.0,6.0,9
24855,7.0,19,10,1,1,1,1,1,3407.0,9999.99,5.0,1.0,1.0,15,1.0,14.0,21
24856,7.0,12,10,1,1,2,1,1,3423.0,5.8,7.0,1.0,3.0,15,8.0,1.0,409
24858,7.0,0,58,1,1,1,1,1,3419.0,30.0,5.0,1.0,8.0,13,9.0,10.0,37
24859,7.0,21,58,1,1,1,1,1,202.0,125.8,7.0,1.0,3.0,15,8.0,1.0,21
24860,7.0,22,10,1,1,1,1,1,301.0,44.0,7.0,1.0,3.0,15,7.0,1.0,40
24863,7.0,12,58,1,1,2,1,1,1.0,525.4,8.0,1.0,3.0,15,8.0,1.0,9
24864,7.0,22,10,1,1,1,1,1,3403.0,9999.99,5.0,1.0,5.0,15,8.0,4.0,406
24865,7.0,22,10,1,1,1,1,1,801.0,155.0,7.0,2.0,8.0,13,9.0,10.0,21
24866,7.0,20,10,1,1,1,1,1,7.0,1.1,8.0,1.0,8.0,13,9.0,11.0,456
24867,7.0,13,58,1,1,2,1,1,3430.0,20.0,5.0,1.0,3.0,15,8.0,1.0,21
24870,7.0,11,10,1,1,2,1,1,3423.0,12.1,7.0,1.0,3.0,15,7.0,7.0,9
24871,7.0,15,10,1,1,2,1,1,301.0,3.0,6.0,2.0,2.0,15,4.0,3.0,21
24873,7.0,23,10,1,1,1,1,1,318.0,17.8,6.0,1.0,8.0,13,9.0,10.0,9
24875,7.0,18,10,1,1,2,1,1,316.0,35.4,5.0,1.0,1.0,15,1.0,14.0,9
24876,7.0,12,10,1,1,2,1,1,303.0,69.5,7.0,1.0,3.0,15,8.0,14.0,21
24879,7.0,12,10,1,1,2,1,1,316.0,41.1,7.0,1.0,8.0,15,7.0,16.0,9
24882,7.0,12,10,1,1,2,1,1,316.0,36.0,5.0,1.0,2.0,15,4.0,1.0,40
24883,7.0,8,10,1,1,2,1,1,3427.0,22.4,7.0,1.0,3.0,15,8.0,1.0,32
24884,7.0,15,10,1,1,2,1,1,1.0,443.6,6.0,2.0,2.0,15,4.0,17.0,9
24885,7.0,22,10,1,1,1,1,1,1.0,446.0,6.0,2.0,3.0,15,8.0,1.0,9
24887,7.0,13,10,1,1,2,1,1,3449.0,3.3,5.0,1.0,3.0,15,8.0,14.0,40
24888,7.0,5,10,1,1,1,1,1,316.0,21.2,5.0,1.0,3.0,15,8.0,14.0,9
24889,7.0,6,10,1,1,2,1,1,316.0,37.0,6.0,1.0,3.0,15,8.0,14.0,9
24890,7.0,18,10,1,1,2,1,1,316.0,39.4,6.0,1.0,2.0,15,6.0,1.0,43
24891,7.0,12,10,1,1,2,1,1,3423.0,4.3,7.0,1.0,3.0,15,8.0,6.0,40
24894,7.0,13,10,1,1,2,1,1,1.0,447.7,6.0,2.0,2.0,15,4.0,1.0,40
24896,7.0,4,10,1,1,1,1,1,318.0,20.3,6.0,1.0,8.0,13,9.0,11.0,43
24897,7.0,9,10,1,1,2,1,1,301.0,8.3,6.0,2.0,2.0,15,4.0,1.0,33
24901,7.0,19,10,1,1,1,1,1,301.0,27.2,7.0,1.0,3.0,15,8.0,1.0,9
24903,7.0,16,10,1,1,2,1,1,1.0,451.8,6.0,2.0,8.0,14,2.0,16.0,9
24905,7.0,18,10,1,1,2,1,1,1.0,444.0,6.0,2.0,8.0,7,9.0,11.0,43
24908,7.0,15,10,1,1,2,1,1,301.0,27.3,7.0,1.0,4.0,15,7.0,6.0,9
24909,7.0,20,10,1,1,1,1,1,301.0,28.2,7.0,1.0,3.0,15,8.0,1.0,93
24910,7.0,9,10,1,1,2,1,1,3423.0,5.4,7.0,1.0,3.0,1,8.0,1.0,32
24914,7.0,10,10,1,1,2,1,1,301.0,2.0,6.0,2.0,8.0,14,1.0,16.0,9
24915,7.0,20,10,1,1,1,1,1,3423.0,5.2,7.0,1.0,2.0,15,6.0,1.0,9
24920,7.0,7,10,1,1,2,1,1,301.0,3.1,6.0,2.0,2.0,15,4.0,1.0,30
24921,7.0,17,10,1,1,2,1,1,301.0,8.3,6.0,2.0,8.0,13,9.0,11.0,9
24924,7.0,20,58,1,1,1,1,1,301.0,76.0,7.0,1.0,3.0,15,7.0,6.0,9
24928,7.0,23,58,1,1,1,1,1,3430.0,13.5,5.0,1.0,8.0,16,3.0,16.0,9
24929,7.0,11,58,1,1,2,1,1,3440.0,10.0,5.0,1.0,3.0,15,8.0,7.0,43
24930,7.0,12,58,1,1,2,1,1,201.0,101.0,5.0,1.0,8.0,14,1.0,16.0,40
24931,7.0,20,58,1,1,1,1,1,201.0,107.6,5.0,1.0,8.0,13,9.0,11.0,9
24932,7.0,11,58,1,1,2,1,1,1.0,542.0,7.0,1.0,3.0,15,8.0,14.0,92
24933,7.0,12,58,1,1,2,1,1,1.0,544.0,8.0,1.0,3.0,15,8.0,1.0,40
24934,7.0,7,58,1,1,2,1,1,201.0,100.0,5.0,1.0,1.0,15,1.0,4.0,430
24935,7.0,9,58,1,1,2,1,1,1.0,541.8,7.0,1.0,2.0,15,4.0,1.0,40
24936,7.0,23,58,1,1,1,1,1,7.0,5.1,8.0,1.0,8.0,13,9.0,11.0,40
24937,7.0,19,58,1,1,1,1,1,202.0,94.6,7.0,1.0,2.0,15,4.0,1.0,9
24938,7.0,16,58,1,1,2,1,1,7.0,28.2,8.0,1.0,8.0,13,9.0,10.0,21
24939,7.0,22,58,1,1,1,1,1,7.0,24.0,8.0,1.0,2.0,15,4.0,1.0,40
24940,7.0,18,58,1,1,2,1,1,7.0,6.0,8.0,1.0,8.0,13,9.0,11.0,32
24941,7.0,9,58,1,1,2,1,1,7.0,5.1,8.0,1.0,3.0,15,8.0,14.0,32
24942,7.0,22,58,1,1,1,1,1,3430.0,0.0,5.0,1.0,3.0,15,8.0,1.0,40
24943,7.0,19,58,1,1,1,1,1,3430.0,0.2,5.0,1.0,2.0,15,4.0,1.0,40
24944,7.0,17,58,1,1,2,1,1,301.0,76.0,7.0,1.0,3.0,15,8.0,1.0,9
24946,7.0,14,58,1,1,2,1,1,3430.0,16.0,5.0,1.0,3.0,15,8.0,1.0,40
24947,7.0,14,58,1,1,2,1,1,3430.0,7.0,5.0,1.0,5.0,15,1.0,14.0,40
24948,7.0,12,58,1,1,2,1,1,3430.0,13.5,5.0,1.0,8.0,13,9.0,11.0,9
24949,7.0,14,58,1,1,2,1,1,301.0,76.8,7.0,1.0,3.0,15,7.0,12.0,9
24950,7.0,18,58,1,1,2,1,1,202.0,42.0,7.0,1.0,8.0,13,9.0,11.0,9
24953,7.0,16,58,1,1,2,1,1,3403.0,9999.99,5.0,1.0,3.0,15,8.0,14.0,53
24955,7.0,14,58,1,1,2,1,1,301.0,77.1,7.0,1.0,2.0,15,4.0,1.0,32
24957,7.0,15,58,1,1,2,1,1,202.0,46.2,7.0,1.0,3.0,15,8.0,14.0,9
24958,7.0,13,58,1,1,2,1,1,202.0,46.0,7.0,1.0,2.0,15,4.0,1.0,9
24959,7.0,21,58,1,1,1,1,1,3430.0,8.2,5.0,1.0,1.0,15,1.0,14.0,3
24961,7.0,12,10,1,1,2,1,1,1.0,461.0,7.0,1.0,2.0,15,6.0,1.0,3
24962,7.0,23,10,1,1,1,1,1,1.0,474.2,7.0,1.0,2.0,15,6.0,6.0,31
24963,7.0,12,10,1,1,2,1,1,1.0,466.0,7.0,1.0,4.0,15,4.0,1.0,400
24964,7.0,20,10,1,1,1,1,1,1.0,468.0,7.0,1.0,3.0,15,7.0,13.0,36
24965,7.0,12,10,1,1,2,1,1,3402.0,9999.99,5.0,1.0,2.0,15,4.0,1.0,32
24967,7.0,12,58,1,1,2,1,1,3426.0,9999.99,5.0,1.0,3.0,15,8.0,1.0,32
24968,7.0,18,58,1,1,2,1,1,3426.0,9999.99,5.0,1.0,2.0,15,4.0,1.0,9
24971,7.0,6,58,1,1,2,1,1,3436.0,13.7,6.0,1.0,8.0,13,9.0,10.0,9
24972,7.0,10,58,1,1,2,1,1,3447.0,8.0,5.0,1.0,8.0,13,9.0,11.0,9
24974,7.0,5,58,1,1,1,1,1,7.0,35.2,8.0,1.0,3.0,15,8.0,14.0,31
24976,7.0,22,10,1,1,1,1,1,3422.0,9999.99,5.0,1.0,2.0,15,6.0,1.0,21
24978,7.0,9,10,1,1,2,1,1,3422.0,9999.99,5.0,1.0,8.0,13,9.0,11.0,9
24979,7.0,12,10,1,1,2,1,1,318.0,10.4,6.0,1.0,3.0,15,8.0,12.0,46
24980,7.0,10,10,1,1,2,1,1,318.0,10.4,6.0,1.0,3.0,15,7.0,12.0,9
24981,7.0,3,10,1,1,1,1,1,801.0,158.3,7.0,2.0,3.0,15,8.0,1.0,3
24982,7.0,19,10,1,1,1,1,1,801.0,158.0,7.0,2.0,3.0,15,8.0,1.0,9
24983,7.0,20,10,1,1,1,1,1,801.0,170.4,7.0,2.0,8.0,13,9.0,11.0,31
24984,7.0,10,10,1,1,2,1,1,801.0,185.0,7.0,2.0,8.0,13,9.0,11.0,3
24985,7.0,0,10,1,1,1,1,1,801.0,166.0,7.0,2.0,8.0,16,9.0,18.0,31
24986,7.0,13,10,1,1,2,1,1,801.0,138.9,7.0,2.0,8.0,13,9.0,11.0,3