NUM_ACC,MOIS_ACC,HEU_ACC,COD_PRV,COD_ETA_CHA,COD_ETA_SUR,COD_LUM,COD_INT,TYP_LIE_ACC,NUM_ROU,PKM,LAR_CHA,COD_TYP_CHA,COD_TYP_COL,COD_OBS_HRT,COD_POI_CHO,COD_MAN,CIR_ACC
24987,7.0,19,10,1,1,1,1,1,801.0,192.8,7.0,2.0,8.0,13,9.0,11.0,31
24988,7.0,23,10,1,1,1,1,1,801.0,193.3,7.0,2.0,8.0,13,9.0,11.0,9
24989,7.0,11,10,1,1,2,1,1,801.0,213.2,7.0,2.0,8.0,13,9.0,11.0,9
24990,7.0,8,10,1,1,2,1,1,1.0,479.0,7.0,1.0,2.0,15,6.0,1.0,21
24991,7.0,2,10,1,1,1,1,1,1.0,462.0,7.0,1.0,8.0,14,2.0,16.0,21
24992,7.0,22,10,1,1,1,1,1,1.0,411.3,7.0,1.0,8.0,13,9.0,11.0,21
24993,7.0,22,10,1,1,1,1,1,3419.0,9999.99,5.0,1.0,3.0,15,8.0,1.0,42
24994,7.0,14,10,1,1,2,1,1,3429.0,9999.99,5.0,1.0,8.0,14,1.0,16.0,31
24996,7.0,8,10,1,1,2,1,1,1.0,498.0,7.0,1.0,8.0,14,2.0,16.0,436
24997,7.0,16,10,1,1,2,1,1,1.0,503.0,6.0,2.0,3.0,15,7.0,8.0,9
24998,7.0,12,10,1,1,2,1,1,1.0,486.6,7.0,1.0,2.0,15,4.0,1.0,436
25000,7.0,17,10,1,1,2,1,1,3424.0,9999.99,5.0,1.0,2.0,15,4.0,1.0,9
25002,7.0,12,10,1,1,2,1,1,3419.0,9999.99,5.0,1.0,8.0,14,2.0,16.0,3
25003,7.0,14,10,1,1,2,1,1,3422.0,9999.99,5.0,1.0,3.0,15,8.0,14.0,9
25007,7.0,12,10,1,1,2,1,1,1.0,424.0,7.0,1.0,3.0,15,8.0,6.0,33
25008,7.0,14,10,1,1,2,1,1,320.0,53.2,7.0,1.0,3.0,15,8.0,14.0,9
25009,7.0,17,10,1,1,2,1,1,3400.0,15.5,5.0,1.0,3.0,15,8.0,14.0,9
25010,7.0,19,10,1,1,1,1,1,3406.0,1.1,5.0,1.0,3.0,15,7.0,12.0,21
25011,7.0,12,10,1,1,2,1,1,1.0,439.0,7.0,1.0,3.0,15,7.0,6.0,9
25012,7.0,12,10,1,1,2,1,1,3461.0,8.2,5.0,1.0,3.0,15,8.0,14.0,50
25013,7.0,13,10,1,1,2,1,1,320.0,60.1,7.0,1.0,2.0,15,4.0,1.0,50
25014,7.0,12,10,1,1,2,1,1,1.0,439.4,7.0,1.0,3.0,15,8.0,14.0,9
25015,7.0,19,10,1,1,1,1,1,3404.0,9999.99,5.0,1.0,3.0,15,7.0,6.0,341
25016,7.0,8,10,1,1,2,1,1,3404.0,9999.99,5.0,1.0,3.0,15,7.0,6.0,32
25017,7.0,8,10,1,1,2,1,1,1.0,424.0,7.0,1.0,2.0,15,4.0,1.0,21
25018,7.0,4,10,1,1,1,1,1,320.0,50.8,7.0,1.0,8.0,13,9.0,10.0,50
25019,7.0,12,10,1,1,2,1,1,1.0,424.2,7.0,1.0,3.0,13,8.0,6.0,3
25020,7.0,16,10,1,1,2,1,1,1.0,439.3,7.0,1.0,3.0,15,7.0,12.0,9
25022,7.0,7,10,1,1,2,1,1,3461.0,20.0,6.0,1.0,8.0,13,9.0,11.0,9
25023,7.0,12,10,1,1,2,1,1,1.0,436.1,7.0,1.0,8.0,13,9.0,11.0,9
25024,7.0,12,10,1,1,2,1,1,3404.0,2.0,5.0,1.0,3.0,15,8.0,6.0,9
25025,7.0,20,10,1,1,1,1,1,320.0,60.1,7.0,1.0,2.0,15,4.0,1.0,21
25026,7.0,17,10,1,1,2,1,1,301.0,40.0,7.0,1.0,4.0,15,4.0,1.0,21
25027,7.0,1,10,1,1,1,1,1,301.0,42.0,7.0,1.0,3.0,15,8.0,14.0,82
25028,7.0,1,10,1,1,1,1,1,3403.0,9999.99,5.0,1.0,8.0,16,1.0,16.0,9
25029,7.0,10,10,1,1,2,1,1,301.0,54.0,7.0,1.0,2.0,15,4.0,1.0,9
25030,7.0,1,10,1,1,1,1,1,301.0,35.0,7.0,1.0,1.0,15,1.0,14.0,9
25031,7.0,12,10,1,1,2,1,1,301.0,52.0,7.0,1.0,3.0,15,8.0,1.0,9
25032,7.0,6,10,1,1,2,1,1,316.0,59.5,5.0,1.0,3.0,15,7.0,1.0,9
25033,7.0,6,10,1,1,2,1,1,316.0,43.7,5.0,1.0,2.0,15,4.0,1.0,50
25034,7.0,23,10,1,1,1,1,1,3457.0,6.0,5.0,1.0,8.0,14,1.0,16.0,9
25035,7.0,22,10,1,1,1,1,1,202.0,138.1,7.0,1.0,2.0,15,4.0,1.0,9
25039,7.0,20,10,1,1,1,1,1,3457.0,5.1,5.0,1.0,3.0,15,8.0,14.0,9
25040,7.0,14,10,1,1,2,1,1,3459.0,5.2,6.0,1.0,1.0,15,1.0,4.0,9
25041,7.0,19,10,1,1,1,1,1,3459.0,9999.99,6.0,1.0,2.0,15,4.0,1.0,31
25042,7.0,11,10,1,1,2,1,1,3469.0,9999.99,5.0,1.0,3.0,15,8.0,14.0,33
25043,7.0,7,10,1,1,2,1,1,1.0,434.2,7.0,1.0,1.0,15,9.0,14.0,9
25044,7.0,23,58,1,1,1,1,1,202.0,71.0,7.0,1.0,8.0,14,2.0,16.0,32
25046,7.0,12,10,1,1,2,1,1,3403.0,9999.99,5.0,1.0,8.0,14,2.0,16.0,21
25047,7.0,12,10,1,1,2,1,1,3415.0,9999.99,5.0,1.0,3.0,15,8.0,14.0,9
25048,7.0,15,10,1,1,2,1,1,3416.0,9999.99,5.0,1.0,1.0,15,1.0,14.0,9
25049,7.0,23,10,1,1,1,1,1,3416.0,9999.99,5.0,1.0,8.0,14,2.0,16.0,9
25050,7.0,15,10,1,1,2,1,1,3409.0,9999.99,5.0,1.0,2.0,15,4.0,1.0,88
25051,7.0,21,10,1,1,1,1,1,3407.0,9999.99,5.0,1.0,8.0,13,9.0,10.0,9
25052,7.0,21,10,1,1,1,1,1,3403.0,9999.99,5.0,1.0,2.0,15,6.0,1.0,9
25053,7.0,19,10,1,1,1,1,1,301.0,42.0,7.0,1.0,1.0,15,1.0,14.0,33
25054,7.0,19,10,1,1,1,1,1,301.0,35.0,7.0,1.0,1.0,15,1.0,14.0,31
25055,7.0,17,58,1,1,2,1,1,3459.0,9999.99,5.0,1.0,8.0,13,9.0,10.0,38
25056,7.0,19,58,1,1,1,1,1,202.0,122.0,7.0,1.0,3.0,15,7.0,7.0,400
25059,7.0,13,58,1,1,2,1,1,3459.0,9999.99,5.0,1.0,3.0,15,8.0,14.0,21
25060,7.0,16,58,1,1,2,1,1,1.0,517.0,7.0,1.0,3.0,15,8.0,1.0,31
25063,7.0,13,58,1,1,2,1,1,1.0,515.0,8.0,1.0,3.0,15,8.0,14.0,31
25064,7.0,12,58,1,1,2,1,1,202.0,63.6,7.0,1.0,1.0,15,1.0,14.0,21
25066,7.0,12,58,1,1,2,1,1,3425.0,9999.99,5.0,1.0,8.0,14,3.0,16.0,32
25069,7.0,12,58,1,1,2,1,1,1.0,521.1,7.0,1.0,3.0,15,8.0,1.0,21
25070,7.0,16,58,1,1,2,1,1,1.0,522.1,8.0,1.0,3.0,15,8.0,1.0,38
25071,7.0,10,58,1,1,2,1,1,3425.0,9999.99,5.0,1.0,8.0,13,9.0,11.0,36
25072,7.0,13,58,1,1,2,1,1,7.0,17.2,8.0,1.0,2.0,15,6.0,1.0,53
25073,7.0,22,58,1,1,1,1,1,202.0,78.5,7.0,1.0,3.0,15,7.0,12.0,48
25074,7.0,3,58,1,1,1,1,1,7.0,12.2,8.0,1.0,8.0,3,9.0,11.0,9
25075,7.0,22,58,1,1,1,1,1,202.0,101.0,7.0,1.0,3.0,15,7.0,1.0,439
25076,7.0,16,58,1,1,2,1,1,3438.0,9999.99,5.0,1.0,8.0,13,9.0,11.0,439
25078,7.0,12,58,1,1,2,1,1,3445.0,13.6,5.0,1.0,1.0,15,1.0,4.0,9
25079,7.0,20,58,1,1,1,1,1,3445.0,9999.99,5.0,1.0,8.0,13,9.0,11.0,31
25081,7.0,17,58,1,1,2,1,1,3434.0,9999.99,6.0,1.0,8.0,10,9.0,10.0,9
25082,7.0,8,58,1,1,2,1,1,201.0,132.5,6.0,1.0,3.0,15,7.0,6.0,38
25083,7.0,22,58,1,1,1,1,1,3445.0,9999.99,5.0,1.0,8.0,13,9.0,11.0,42
25085,7.0,12,58,1,1,2,1,1,202.0,124.3,7.0,1.0,2.0,15,4.0,1.0,33
25088,7.0,12,58,1,1,2,1,1,202.0,127.0,7.0,1.0,8.0,13,9.0,11.0,36
25091,7.0,16,10,1,1,2,1,1,316.0,7.2,5.0,1.0,2.0,15,4.0,1.0,9
25093,7.0,22,10,1,1,1,1,1,301.0,31.1,7.0,1.0,8.0,13,9.0,10.0,9
25098,7.0,20,10,1,1,1,1,1,3410.0,3.8,5.0,1.0,8.0,13,9.0,11.0,9
25100,7.0,19,10,1,1,1,1,1,301.0,1.0,6.0,2.0,8.0,14,2.0,16.0,9
25101,7.0,10,10,1,1,2,1,1,301.0,31.2,7.0,1.0,8.0,18,9.0,10.0,21
25102,7.0,0,10,1,1,1,1,1,3410.0,4.3,5.0,1.0,8.0,14,1.0,16.0,21
25107,7.0,21,10,1,1,1,1,1,320.0,43.2,7.0,1.0,3.0,15,8.0,1.0,400
25108,7.0,19,10,1,1,1,1,1,320.0,35.7,7.0,1.0,4.0,15,4.0,1.0,341
25109,7.0,20,10,1,1,1,1,1,320.0,38.8,7.0,1.0,2.0,15,4.0,1.0,32
25110,7.0,1,10,1,1,1,1,1,320.0,36.5,7.0,1.0,3.0,15,7.0,12.0,31
25111,7.0,19,10,1,1,1,1,1,320.0,44.6,7.0,1.0,3.0,15,8.0,1.0,9
25112,7.0,15,10,1,1,2,1,1,320.0,38.5,7.0,1.0,3.0,15,1.0,12.0,9
25114,7.0,14,10,1,1,2,1,1,3473.0,9999.99,5.0,1.0,8.0,13,9.0,10.0,3
25115,7.0,12,10,1,1,2,1,1,303.0,7.8,7.0,1.0,3.0,15,7.0,12.0,31
25116,7.0,23,10,1,1,1,1,1,303.0,5.7,7.0,1.0,3.0,15,8.0,14.0,9
25117,7.0,23,10,1,1,1,1,1,1.0,405.6,7.0,1.0,3.0,15,8.0,14.0,9
25120,7.0,16,10,1,1,2,1,1,301.0,30.4,7.0,1.0,3.0,15,7.0,6.0,9
25122,7.0,16,10,1,1,2,1,1,301.0,7.0,6.0,2.0,3.0,15,8.0,1.0,9
25123,7.0,17,10,1,1,2,1,1,301.0,4.0,6.0,2.0,2.0,15,4.0,1.0,9
25126,7.0,15,10,1,1,2,1,1,3417.0,9999.99,5.0,1.0,1.0,15,1.0,14.0,33
25128,7.0,14,10,1,1,2,1,1,3423.0,7.8,7.0,1.0,8.0,14,2.0,16.0,42
25129,7.0,22,10,1,1,1,1,1,301.0,5.4,6.0,2.0,3.0,15,8.0,1.0,38
25136,7.0,19,10,1,1,1,1,1,301.0,2.4,6.0,2.0,3.0,15,8.0,6.0,9
25138,7.0,16,10,1,1,2,1,1,301.0,28.2,7.0,1.0,2.0,15,4.0,1.0,9
25139,7.0,22,10,1,1,1,1,1,301.0,5.4,6.0,2.0,2.0,15,6.0,1.0,31
25141,7.0,5,13,1,1,1,1,1,13.0,612.7,6.0,1.0,8.0,18,2.0,1.0,38
25142,7.0,21,53,1,1,1,1,1,13.0,490.3,7.0,1.0,2.0,14,4.0,16.0,50
25144,7.0,13,53,1,1,2,1,1,13.0,397.9,7.0,1.0,1.0,15,1.0,4.0,38
25148,7.0,23,13,1,1,1,1,1,702.0,1.4,6.0,1.0,7.0,1,2.0,11.0,21
25150,7.0,13,13,1,1,2,1,1,13.0,614.3,6.0,1.0,8.0,18,2.0,1.0,9
25151,7.0,20,13,1,1,1,1,1,13.0,610.6,15.0,1.0,8.0,18,9.0,1.0,31
25159,7.0,13,53,1,1,2,1,1,13.0,448.4,7.0,1.0,8.0,14,1.0,16.0,9
25160,7.0,11,53,1,1,2,1,1,13.0,381.6,7.0,1.0,1.0,15,1.0,4.0,9
25162,7.0,22,13,1,1,1,1,1,13.0,623.4,7.0,1.0,8.0,18,2.0,16.0,33
25163,7.0,10,13,1,1,2,1,1,13.0,634.0,6.0,1.0,2.0,15,4.0,1.0,31
25166,7.0,6,53,1,1,2,1,1,9999.0,179.2,7.0,1.0,8.0,15,1.0,4.0,9
25167,7.0,21,53,1,1,1,1,1,9999.0,177.8,7.0,1.0,1.0,15,1.0,4.0,9
25168,7.0,11,53,1,1,2,1,1,13.0,363.6,7.0,1.0,1.0,15,1.0,4.0,9
25171,7.0,15,53,1,1,2,1,1,7319.0,50.5,6.0,1.0,7.0,14,2.0,16.0,9
25176,7.0,13,13,1,1,2,1,1,10.0,647.5,6.0,1.0,8.0,15,1.0,1.0,430
25177,7.0,23,13,1,1,1,1,1,13.0,528.8,6.0,1.0,2.0,15,4.0,1.0,9
25178,7.0,8,13,1,1,2,1,1,13.0,537.3,6.0,1.0,8.0,11,1.0,1.0,3
25179,7.0,8,13,1,1,2,1,1,13.0,519.1,6.0,1.0,8.0,13,1.0,1.0,9
25180,7.0,19,13,1,1,1,1,1,10.0,652.3,6.0,1.0,3.0,15,6.0,1.0,9
25181,7.0,22,13,1,1,1,1,1,13.0,542.2,6.0,1.0,3.0,15,6.0,1.0,21
25183,7.0,17,13,1,1,2,1,1,10.0,704.2,6.0,1.0,8.0,18,1.0,1.0,31
25184,7.0,5,13,1,1,1,1,1,10.0,705.2,6.0,1.0,8.0,18,1.0,1.0,9
25185,7.0,5,13,1,1,1,1,1,7109.0,35.6,6.0,1.0,8.0,8,1.0,10.0,31
25188,7.0,8,13,1,1,2,1,1,702.0,87.1,7.0,1.0,8.0,18,2.0,1.0,42
25189,7.0,14,13,1,1,2,1,1,13.0,603.3,6.0,1.0,8.0,18,2.0,1.0,42
25192,7.0,17,13,1,1,2,1,1,7101.0,3.8,6.0,1.0,2.0,15,4.0,1.0,38
25194,7.0,20,13,1,1,1,1,1,10.0,554.3,11.0,1.0,2.0,18,4.0,1.0,9
25195,7.0,16,13,1,1,2,1,1,10.0,556.2,17.0,1.0,7.0,15,2.0,7.0,21
25196,7.0,21,13,1,1,1,1,1,10.0,560.1,17.0,1.0,7.0,18,1.0,16.0,9
25197,7.0,21,13,1,1,1,1,1,10.0,563.1,11.0,1.0,7.0,18,1.0,11.0,9
25198,7.0,23,13,1,1,1,1,1,10.0,554.4,11.0,1.0,7.0,4,1.0,11.0,99
25203,7.0,12,13,1,1,2,1,1,702.0,9999.99,6.0,1.0,5.0,15,9.0,17.0,9
25204,7.0,18,13,1,1,2,1,1,702.0,78.1,6.0,1.0,3.0,15,6.0,1.0,33
25205,7.0,11,13,1,1,2,1,1,702.0,129.9,6.0,1.0,8.0,14,1.0,16.0,31
25210,7.0,12,12,1,1,2,1,1,1.0,662.4,6.0,1.0,2.0,15,4.0,1.0,48
25213,7.0,13,12,1,1,2,1,1,2236.0,10.0,4.0,1.0,1.0,15,3.0,10.0,46
25215,7.0,19,27,1,1,1,1,1,1.0,630.3,4.0,1.0,2.0,15,4.0,1.0,9
25218,7.0,18,12,1,1,2,1,1,2201.0,9999.99,4.0,1.0,1.0,15,2.0,2.0,9
25220,7.0,13,12,1,1,2,1,1,2213.0,9.3,4.0,1.0,8.0,13,1.0,1.0,3
25223,7.0,19,27,1,1,1,1,1,1.0,625.7,6.0,1.0,8.0,18,3.0,1.0,9
25224,7.0,13,12,1,1,2,1,1,1.0,755.6,6.0,1.0,7.0,15,8.0,4.0,9
25225,7.0,12,12,1,1,2,1,1,1.0,752.9,6.0,1.0,3.0,15,7.0,16.0,9
25227,7.0,18,12,1,1,2,1,1,1.0,725.15,9.0,1.0,8.0,14,1.0,1.0,9
25228,7.0,23,12,1,1,1,1,1,1.0,712.0,6.0,1.0,8.0,13,1.0,1.0,9
25229,7.0,22,12,1,1,1,1,1,1.0,695.45,6.0,1.0,3.0,15,8.0,1.0,9
25230,7.0,12,12,1,1,2,1,1,1.0,697.0,6.0,1.0,3.0,15,4.0,1.0,21
25232,7.0,11,12,1,1,2,1,1,1.0,641.15,7.0,1.0,8.0,14,1.0,16.0,3
25233,7.0,18,12,1,1,2,1,1,1.0,656.12,6.0,1.0,3.0,15,5.0,1.0,3
25234,7.0,12,12,1,1,2,1,1,1.0,678.5,7.0,1.0,8.0,18,1.0,1.0,9
25235,7.0,9,12,1,1,2,1,1,9999.0,23.3,8.0,1.0,2.0,15,4.0,1.0,9
25236,7.0,18,12,1,1,2,1,1,9999.0,24.0,8.0,1.0,8.0,18,1.0,1.0,3
25237,7.0,0,12,1,1,1,1,1,2208.0,9999.99,7.0,1.0,8.0,18,1.0,1.0,9
25238,7.0,11,12,1,1,2,1,1,2208.0,9999.99,7.0,1.0,8.0,18,1.0,1.0,9
25239,7.0,5,12,1,1,1,1,1,2211.0,9999.99,6.0,1.0,3.0,15,3.0,2.0,46
25243,7.0,9,35,1,1,2,1,1,8.0,763.3,6.0,1.0,7.0,15,8.0,4.0,36
25244,7.0,8,35,1,1,2,1,1,5316.0,9999.99,6.0,1.0,1.0,15,1.0,4.0,21
25246,7.0,10,35,1,1,2,1,1,5314.0,4.7,6.0,1.0,8.0,13,9.0,11.0,9
25247,7.0,16,35,1,1,2,1,1,8.0,761.1,6.0,1.0,7.0,15,9.0,4.0,9
25249,7.0,21,35,1,1,1,1,1,501.0,9999.99,6.0,1.0,8.0,13,9.0,11.0,9
25250,7.0,18,42,1,1,2,1,1,802.0,224.23,7.0,2.0,8.0,13,9.0,11.0,36
25251,7.0,18,42,1,1,2,1,1,5051.0,9999.99,4.0,1.0,8.0,14,9.0,16.0,341
25252,7.0,20,14,1,1,1,1,1,503.0,6.8,7.0,2.0,8.0,13,9.0,10.0,9
25253,7.0,17,14,1,1,2,1,1,6.0,212.2,9.0,1.0,3.0,15,6.0,17.0,9
25254,7.0,21,14,1,1,1,1,1,8.0,724.0,11.0,2.0,8.0,14,1.0,16.0,9
25255,7.0,6,42,1,1,2,1,1,5014.0,9999.99,6.0,1.0,8.0,13,9.0,10.0,9
25256,7.0,22,35,1,1,1,1,1,5327.0,1.8,5.0,1.0,3.0,15,6.0,1.0,3
25257,7.0,11,66,1,1,2,1,1,501.0,2.8,6.0,1.0,1.0,15,1.0,4.0,9
25258,7.0,14,35,1,1,2,1,1,509.0,6.0,6.0,1.0,8.0,13,9.0,10.0,9
25260,7.0,11,35,1,1,2,1,1,8.0,776.2,6.0,1.0,2.0,15,9.0,1.0,31
25261,7.0,14,35,1,1,2,1,1,8.0,778.5,6.0,1.0,8.0,13,9.0,11.0,31
25262,7.0,6,35,1,1,2,1,1,8.0,763.0,6.0,1.0,8.0,13,9.0,11.0,9
25264,7.0,16,35,1,1,2,1,1,510.0,28.8,6.0,1.0,1.0,15,1.0,4.0,36
25265,7.0,21,35,1,1,1,1,1,510.0,32.2,6.0,1.0,2.0,15,4.0,1.0,9
25266,7.0,13,35,1,1,2,1,1,8.0,787.0,7.0,1.0,7.0,15,8.0,4.0,46
25267,7.0,1,35,1,1,1,1,1,8.0,786.6,6.0,1.0,8.0,13,9.0,11.0,31
25268,7.0,17,35,1,1,2,1,1,5330.0,9999.99,5.0,1.0,8.0,13,9.0,10.0,43
25271,7.0,22,14,1,1,1,1,1,8.0,724.0,11.0,2.0,8.0,14,1.0,16.0,459
25272,7.0,19,14,1,1,1,1,1,8.0,724.0,11.0,2.0,8.0,14,1.0,16.0,31
25275,7.0,9,7,1,1,2,1,1,5108.0,23.14,5.0,1.0,8.0,13,5.0,11.0,46
25276,7.0,10,7,1,1,2,1,1,502.0,18.55,6.0,1.0,8.0,13,9.0,10.0,21
25278,7.0,1,7,1,1,1,1,1,707.0,45.1,5.0,1.0,8.0,13,9.0,11.0,3
25280,7.0,22,7,1,1,1,1,1,15.0,231.7,7.0,1.0,7.0,15,8.0,21.0,3
25282,7.0,3,7,1,1,1,1,1,5131.0,9999.99,5.0,1.0,8.0,13,9.0,11.0,9
25283,7.0,22,7,1,1,1,1,1,15.0,250.5,7.0,1.0,8.0,13,9.0,10.0,21
25287,7.0,13,35,1,1,2,1,1,5309.0,16.3,6.0,1.0,8.0,13,9.0,11.0,33
25288,7.0,13,66,1,1,2,1,1,8.0,746.3,6.0,1.0,8.0,13,9.0,10.0,9
25289,7.0,9,14,1,1,2,1,1,802.0,170.7,7.0,2.0,8.0,13,9.0,7.0,9
25291,7.0,12,66,1,1,2,1,1,6.0,184.1,7.0,1.0,8.0,13,9.0,11.0,31
25292,7.0,13,14,1,1,2,1,1,6.0,191.3,7.0,1.0,8.0,13,9.0,11.0,31
25293,7.0,17,66,1,1,2,1,1,6.0,186.1,7.0,1.0,2.0,15,6.0,1.0,31
25294,7.0,20,66,1,1,1,1,1,6.0,190.6,7.0,1.0,8.0,13,9.0,11.0,9
25298,7.0,20,66,1,1,1,1,1,8.0,742.3,7.0,1.0,3.0,15,8.0,1.0,33
25299,7.0,12,66,1,1,2,1,1,5309.0,25.3,5.0,1.0,1.0,15,1.0,4.0,9
25300,7.0,16,66,1,1,2,1,1,4.0,154.7,7.0,1.0,2.0,15,4.0,1.0,341
25301,7.0,14,66,1,1,2,1,1,5007.0,17.3,4.0,1.0,8.0,10,1.0,11.0,9
25303,7.0,17,66,1,1,2,1,1,5017.0,9999.99,6.0,1.0,3.0,15,3.0,1.0,9
25304,7.0,20,66,1,1,1,1,1,5017.0,2.6,6.0,1.0,8.0,18,7.0,1.0,9
25307,7.0,16,66,1,1,2,1,1,5027.0,9999.99,6.0,1.0,2.0,15,4.0,1.0,9
25311,7.0,15,66,1,1,2,1,1,5005.0,14.12,6.0,1.0,8.0,13,9.0,11.0,40
25312,7.0,9,66,1,1,2,1,1,5003.0,27.9,6.0,1.0,8.0,13,9.0,10.0,3
25313,7.0,7,66,1,1,2,1,1,5005.0,5.2,5.0,1.0,8.0,13,9.0,11.0,9
25314,7.0,16,66,1,1,2,1,1,716.0,47.4,5.0,1.0,7.0,15,8.0,4.0,3
25315,7.0,17,66,1,1,2,1,1,5003.0,3.6,6.0,1.0,8.0,13,9.0,10.0,9
25316,7.0,18,66,1,1,2,1,1,5003.0,19.0,5.0,1.0,1.0,15,1.0,4.0,9
25317,7.0,17,14,1,1,2,1,1,716.0,9999.99,6.0,1.0,1.0,15,1.0,4.0,3
25319,7.0,18,66,1,1,2,1,1,5013.0,10.0,5.0,1.0,8.0,13,9.0,11.0,48
25323,7.0,6,66,1,1,2,1,1,8.0,751.9,7.0,1.0,8.0,13,9.0,11.0,9
25324,7.0,11,66,1,1,2,1,1,5309.0,25.3,5.0,1.0,2.0,15,4.0,1.0,9
25325,7.0,11,42,1,1,2,1,1,503.0,25.0,6.0,2.0,2.0,15,6.0,1.0,9
25326,7.0,18,42,1,1,2,1,1,503.0,16.1,7.0,2.0,8.0,13,9.0,11.0,9
25327,7.0,14,42,1,1,2,1,1,6.0,230.5,7.0,1.0,2.0,15,4.0,1.0,9
25328,7.0,8,14,1,1,2,1,1,5043.0,0.4,5.0,1.0,3.0,14,6.0,21.0,9
25329,7.0,8,42,1,1,2,1,1,6.0,235.6,7.0,1.0,8.0,13,9.0,11.0,46
25330,7.0,3,42,1,1,1,1,1,6.0,230.2,7.0,1.0,8.0,13,9.0,10.0,9
25332,7.0,16,35,1,1,2,1,1,5327.0,7.0,5.0,1.0,8.0,13,9.0,11.0,48
25333,7.0,0,42,1,1,1,1,1,503.0,33.2,6.0,1.0,8.0,13,9.0,11.0,9
25334,7.0,19,42,1,1,1,1,1,5033.0,2.1,6.0,1.0,3.0,15,8.0,1.0,9
25335,7.0,2,42,1,1,1,1,1,504.0,9999.99,5.0,1.0,8.0,13,9.0,11.0,9
25337,7.0,17,42,1,1,2,1,1,504.0,9.8,5.0,1.0,7.0,15,8.0,4.0,432
25341,7.0,21,42,1,1,1,1,1,5016.0,9999.99,6.0,1.0,8.0,13,9.0,10.0,9
25342,7.0,23,35,1,1,1,1,1,501.0,9999.99,6.0,1.0,1.0,15,1.0,4.0,31
25344,7.0,15,35,1,1,2,1,1,8.0,798.4,6.0,1.0,8.0,13,9.0,10.0,36
25345,7.0,20,35,1,1,1,1,1,8.0,790.5,6.0,1.0,7.0,15,8.0,4.0,36
25346,7.0,20,35,1,1,1,1,1,8.0,792.62,6.0,1.0,2.0,15,1.0,1.0,86
25348,7.0,12,35,1,1,2,1,1,8.0,813.92,7.0,1.0,8.0,13,9.0,10.0,36
25349,7.0,11,35,1,1,2,1,1,8.0,804.0,6.0,1.0,2.0,15,4.0,1.0,21
25350,7.0,20,35,1,1,1,1,1,8.0,803.4,7.0,1.0,8.0,13,9.0,10.0,482
25353,7.0,3,35,1,1,1,1,1,8.0,778.4,7.0,1.0,8.0,13,9.0,11.0,9
25354,7.0,6,35,1,1,2,1,1,5329.0,6.5,6.0,1.0,7.0,15,8.0,4.0,9
25355,7.0,9,35,1,1,2,1,1,8.0,777.9,6.0,1.0,2.0,15,4.0,1.0,21
25358,7.0,10,35,1,1,2,1,1,8.0,792.1,6.0,1.0,2.0,15,4.0,1.0,9
25360,7.0,21,14,1,1,1,1,1,6.0,208.3,9.0,1.0,7.0,15,2.0,1.0,31
25361,7.0,1,66,1,1,1,1,1,5007.0,21.0,6.0,1.0,1.0,15,1.0,4.0,31
25362,7.0,19,66,1,1,1,1,1,4.0,154.5,7.0,1.0,3.0,15,8.0,10.0,5
25363,7.0,0,14,1,1,1,1,1,503.0,10.13,7.0,2.0,8.0,13,9.0,7.0,9
25364,7.0,17,14,1,1,2,1,1,8.0,724.0,11.0,2.0,3.0,15,7.0,1.0,9
25366,7.0,23,14,1,1,1,1,1,8.0,725.0,11.0,2.0,8.0,18,1.0,18.0,9
25367,7.0,22,7,1,1,1,1,1,5108.0,13.0,5.0,1.0,8.0,13,9.0,11.0,9
25368,7.0,22,14,1,1,1,1,1,6.0,208.1,9.0,1.0,8.0,14,1.0,16.0,9
25369,7.0,21,14,1,1,1,1,1,6.0,210.7,9.0,1.0,7.0,15,2.0,1.0,31
25370,7.0,9,66,1,1,2,1,1,5006.0,21.8,6.0,1.0,7.0,15,1.0,2.0,341
25371,7.0,18,14,1,1,2,1,1,6.0,205.6,9.0,1.0,7.0,15,1.0,1.0,21
25372,7.0,23,14,1,1,1,1,1,6.0,206.7,9.0,1.0,2.0,15,1.0,1.0,31
25374,7.0,10,14,1,1,2,1,1,8.0,724.8,11.0,2.0,2.0,15,4.0,1.0,9
25376,7.0,23,14,1,1,1,1,1,8.0,723.0,11.0,2.0,1.0,15,1.0,4.0,21
25377,7.0,10,35,1,1,2,1,1,5309.0,19.1,6.0,1.0,8.0,13,9.0,11.0,9
25378,7.0,20,7,1,1,1,1,1,601.0,2.6,6.0,1.0,8.0,13,9.0,11.0,33
25380,7.0,9,7,1,1,2,1,1,15.0,173.7,6.0,1.0,8.0,13,9.0,10.0,31
25381,7.0,20,7,1,1,1,1,1,15.0,194.0,7.0,1.0,8.0,13,9.0,11.0,9
25385,7.0,16,42,1,1,2,1,1,5045.0,1.0,5.0,1.0,8.0,13,9.0,11.0,3
25388,7.0,10,13,1,1,2,1,1,5016.0,69.25,6.0,1.0,8.0,13,9.0,10.0,21
25389,7.0,11,14,1,1,2,1,1,802.0,189.6,7.0,1.0,8.0,9,9.0,11.0,9
25390,7.0,9,42,1,1,2,1,1,802.0,223.4,7.0,2.0,8.0,13,9.0,11.0,9
25392,7.0,8,35,1,1,2,1,1,5332.0,9999.99,6.0,1.0,8.0,13,9.0,10.0,9