NUM_ACC,MOIS_ACC,HEU_ACC,COD_PRV,COD_ETA_CHA,COD_ETA_SUR,COD_LUM,COD_INT,TYP_LIE_ACC,NUM_ROU,PKM,LAR_CHA,COD_TYP_CHA,COD_TYP_COL,COD_OBS_HRT,COD_POI_CHO,COD_MAN,CIR_ACC
25753,7.0,11,48,1,1,2,1,1,8.0,167.5,10.0,1.0,1.0,15,3.0,4.0,21
25755,7.0,22,22,1,1,1,1,1,2030.0,5.2,8.0,1.0,1.0,15,1.0,18.0,9
25756,7.0,12,22,1,1,2,1,1,8.0,223.2,7.0,1.0,2.0,15,1.0,1.0,9
25757,7.0,7,11,1,1,2,1,1,9.0,143.3,10.0,2.0,2.0,15,1.0,1.0,21
25759,7.0,20,57,1,1,1,1,1,2102.0,24.5,4.0,1.0,3.0,15,3.0,1.0,21
25760,7.0,16,43,1,1,2,1,1,9.0,272.6,8.0,1.0,7.0,15,3.0,18.0,9
25765,7.0,21,22,1,1,1,1,1,2017.0,9.1,16.0,1.0,7.0,15,8.0,8.0,32
25768,7.0,11,22,1,1,2,1,1,8.0,262.6,9.0,2.0,2.0,15,4.0,1.0,9
25769,7.0,6,22,1,1,2,1,1,8.0,258.1,9.0,2.0,2.0,15,4.0,1.0,9
25770,7.0,9,22,1,1,2,1,1,7.0,113.1,7.0,1.0,7.0,15,2.0,8.0,21
25773,7.0,13,22,1,1,2,1,1,2017.0,10.3,16.0,1.0,7.0,15,7.0,6.0,9
25774,7.0,22,22,1,1,1,1,1,2017.0,12.0,16.0,1.0,1.0,15,1.0,4.0,21
25776,7.0,12,57,1,1,2,1,1,9999.0,192.2,6.0,1.0,8.0,13,9.0,8.0,82
25777,7.0,19,57,1,1,1,1,1,9999.0,231.3,7.0,1.0,8.0,14,1.0,16.0,9
25782,7.0,10,11,1,1,2,1,1,205.0,0.15,7.0,1.0,1.0,15,1.0,4.0,21
25784,7.0,18,57,1,1,2,1,1,803.0,110.2,7.0,2.0,8.0,18,1.0,11.0,21
25786,7.0,18,11,1,1,2,1,1,2127.0,3.4,7.0,1.0,2.0,15,4.0,1.0,9
25787,7.0,9,48,1,1,2,1,1,2003.0,9999.99,6.0,1.0,8.0,18,7.0,11.0,9
25789,7.0,5,48,1,1,1,1,1,803.0,339.5,12.0,2.0,2.0,15,1.0,1.0,32
25790,7.0,0,48,1,1,1,1,1,803.0,313.4,12.0,2.0,2.0,15,2.0,1.0,71
25791,7.0,21,57,1,1,1,1,1,2101.0,42.0,5.0,1.0,8.0,13,7.0,1.0,36
25792,7.0,19,57,1,1,1,1,1,2101.0,41.9,6.0,1.0,8.0,13,1.0,1.0,32
25793,7.0,20,43,1,1,1,1,1,2009.0,9999.99,8.0,1.0,1.0,15,2.0,18.0,9
25794,7.0,0,43,1,1,1,1,1,2009.0,48.0,8.0,1.0,2.0,15,4.0,18.0,9
25795,7.0,9,43,1,1,2,1,1,9.0,280.8,8.0,1.0,3.0,15,6.0,18.0,36
25796,7.0,22,43,1,1,1,1,1,9.0,282.8,8.0,1.0,8.0,18,7.0,18.0,21
25797,7.0,16,43,1,1,2,1,1,9.0,273.2,8.0,1.0,8.0,18,7.0,18.0,33
25798,7.0,22,43,1,1,1,1,1,2010.0,50.0,11.0,1.0,8.0,14,1.0,16.0,9
25799,7.0,20,43,1,1,1,1,1,9999.0,160.0,10.0,1.0,8.0,14,1.0,16.0,9
25800,7.0,0,43,1,1,1,1,1,2009.0,9999.99,8.0,1.0,1.0,15,1.0,18.0,341
25802,7.0,14,11,1,1,2,1,1,8.0,352.2,7.0,1.0,1.0,15,1.0,4.0,9
25804,7.0,12,11,1,1,2,1,1,2133.0,0.05,7.0,1.0,3.0,15,7.0,6.0,3
25807,7.0,10,43,1,1,2,1,1,2009.0,9999.99,8.0,1.0,2.0,15,2.0,18.0,21
25808,7.0,21,22,1,1,1,1,1,9.0,261.0,8.0,1.0,2.0,15,1.0,1.0,21
25811,7.0,18,43,1,1,2,1,1,9999.0,194.0,8.0,1.0,1.0,15,1.0,18.0,9
25812,7.0,7,43,1,1,2,1,1,9999.0,201.7,8.0,1.0,1.0,15,1.0,18.0,21
25814,7.0,16,43,1,1,2,1,1,2010.0,59.1,8.0,1.0,3.0,15,5.0,18.0,21
25817,7.0,3,43,1,1,1,1,1,9999.0,179.2,16.0,1.0,8.0,18,9.0,1.0,31
25818,7.0,22,43,1,1,1,1,1,2010.0,52.0,6.0,1.0,3.0,15,3.0,6.0,32
25819,7.0,13,43,1,1,2,1,1,9999.0,170.0,10.0,1.0,4.0,15,1.0,4.0,46
25822,7.0,21,43,1,1,1,1,1,2010.0,50.0,6.0,1.0,1.0,15,1.0,2.0,21
25824,7.0,21,43,1,1,1,1,1,9999.0,165.0,10.0,1.0,2.0,15,4.0,1.0,9
25825,7.0,12,43,1,1,2,1,1,9.0,288.0,8.0,1.0,8.0,18,7.0,18.0,406
25826,7.0,11,43,1,1,2,1,1,9.0,272.5,8.0,1.0,2.0,15,1.0,18.0,36
25827,7.0,7,22,1,1,2,1,1,9.0,265.0,8.0,1.0,8.0,18,7.0,18.0,36
25829,7.0,0,43,1,1,1,1,1,9.0,283.2,8.0,1.0,8.0,18,7.0,18.0,38
25830,7.0,14,43,1,1,2,1,1,9.0,284.9,8.0,1.0,8.0,18,7.0,18.0,9
25831,7.0,11,48,1,1,2,1,1,8.0,106.8,8.0,1.0,8.0,14,2.0,16.0,53
25832,7.0,0,48,1,1,1,1,1,8.0,133.8,9.0,1.0,7.0,15,8.0,4.0,409
25833,7.0,15,48,1,1,2,1,1,8.0,126.2,9.0,1.0,8.0,18,8.0,10.0,31
25834,7.0,21,48,1,1,1,1,1,214.0,9999.99,7.0,1.0,3.0,15,6.0,1.0,82
25835,7.0,21,48,1,1,1,1,1,214.0,9999.99,8.0,1.0,7.0,15,8.0,4.0,32
25836,7.0,21,48,1,1,1,1,1,8.0,123.5,10.0,1.0,8.0,18,7.0,11.0,9
25837,7.0,11,48,1,1,2,1,1,214.0,9999.99,8.0,1.0,8.0,2,7.0,18.0,38
25838,7.0,12,48,1,1,2,1,1,8.0,135.0,10.0,1.0,8.0,18,7.0,18.0,9
25839,7.0,21,48,1,1,1,1,1,8.0,140.2,11.0,1.0,7.0,15,8.0,4.0,38
25840,7.0,22,48,1,1,1,1,1,207.0,70.9,12.0,2.0,3.0,15,2.0,2.0,38
25841,7.0,10,48,1,1,2,1,1,207.0,72.0,12.0,2.0,8.0,14,1.0,16.0,9
25843,7.0,18,48,1,1,2,1,1,207.0,71.0,12.0,2.0,8.0,14,1.0,16.0,21
25844,7.0,19,43,1,1,1,1,1,2009.0,50.0,8.0,1.0,1.0,15,1.0,18.0,21
25847,7.0,17,11,1,1,2,1,1,206.0,41.8,6.0,1.0,8.0,13,9.0,1.0,21
25848,7.0,19,11,1,1,1,1,1,9.0,148.0,14.0,1.0,8.0,14,1.0,16.0,409
25850,7.0,12,57,1,1,2,1,1,2111.0,9999.99,6.0,1.0,1.0,15,1.0,4.0,38
25852,7.0,19,48,1,1,1,1,1,207.0,88.2,12.0,2.0,2.0,15,2.0,1.0,36
25853,7.0,19,48,1,1,1,1,1,207.0,71.3,12.0,2.0,2.0,15,1.0,1.0,5
25855,7.0,14,48,1,1,2,1,1,803.0,307.4,12.0,2.0,7.0,18,9.0,1.0,36
25856,7.0,10,48,1,1,2,1,1,803.0,252.2,12.0,2.0,8.0,18,9.0,1.0,32
25857,7.0,10,48,1,1,2,1,1,803.0,274.7,12.0,2.0,7.0,18,9.0,11.0,9
25858,7.0,4,48,1,1,1,1,1,803.0,334.8,12.0,2.0,2.0,15,2.0,1.0,9
25859,7.0,1,48,1,1,1,1,1,803.0,368.2,12.0,2.0,2.0,15,1.0,1.0,48
25860,7.0,0,48,1,1,1,1,1,803.0,322.9,12.0,2.0,2.0,15,5.0,1.0,31
25861,7.0,19,48,1,1,1,1,1,803.0,311.7,12.0,2.0,8.0,18,9.0,1.0,3
25862,7.0,18,48,1,1,2,1,1,8.0,193.0,7.0,1.0,8.0,18,9.0,11.0,9
25863,7.0,7,48,1,1,2,1,1,201.0,20.0,6.0,1.0,3.0,15,3.0,2.0,38
25864,7.0,8,48,1,1,2,1,1,201.0,20.0,6.0,1.0,8.0,18,9.0,10.0,21
25865,7.0,23,48,1,1,1,1,1,8.0,198.0,7.0,1.0,2.0,15,1.0,1.0,21
25866,7.0,22,48,1,1,1,1,1,8.0,208.0,7.0,1.0,8.0,18,9.0,10.0,9
25867,7.0,12,48,1,1,2,1,1,8.0,208.0,7.0,1.0,8.0,18,9.0,11.0,9
25869,7.0,9,48,1,1,2,1,1,2001.0,9999.99,3.0,1.0,3.0,15,3.0,2.0,9
25873,7.0,19,48,1,1,1,1,1,212.0,58.0,6.0,1.0,8.0,14,1.0,16.0,9
25874,7.0,13,48,1,1,2,1,1,212.0,86.2,6.0,1.0,2.0,15,4.0,1.0,36
25875,7.0,15,48,1,1,2,1,1,2007.0,26.0,5.0,1.0,1.0,15,1.0,4.0,36
25876,7.0,13,48,1,1,2,1,1,2038.0,3.4,5.0,1.0,8.0,13,1.0,5.0,3
25877,7.0,21,48,1,1,1,1,1,212.0,83.0,6.0,1.0,8.0,14,1.0,16.0,31
25879,7.0,18,48,1,1,2,1,1,212.0,59.8,6.0,1.0,2.0,15,1.0,1.0,46
25882,7.0,13,48,1,1,2,1,1,212.0,68.2,6.0,1.0,3.0,15,1.0,4.0,9
25884,7.0,10,48,1,1,2,1,1,212.0,57.3,6.0,1.0,8.0,14,7.0,16.0,9
25886,7.0,17,48,1,1,2,1,1,2026.0,9999.99,6.0,1.0,8.0,14,1.0,16.0,55
25887,7.0,18,11,1,1,2,1,1,205.0,0.2,7.0,1.0,3.0,15,7.0,6.0,31
25889,7.0,13,11,1,1,2,1,1,205.0,0.09,7.0,1.0,2.0,15,4.0,1.0,31
25890,7.0,20,11,1,1,1,1,1,2116.0,0.16,7.0,1.0,8.0,18,7.0,11.0,9
25891,7.0,13,11,1,1,2,1,1,208.0,35.1,7.0,1.0,8.0,18,7.0,11.0,31
25892,7.0,9,11,1,1,2,1,1,2137.0,0.13,7.0,1.0,8.0,18,8.0,10.0,59
25895,7.0,11,11,1,1,2,1,1,2115.0,0.02,7.0,1.0,3.0,15,7.0,6.0,5
25897,7.0,18,11,1,1,2,1,1,208.0,20.0,6.0,1.0,3.0,15,5.0,1.0,5
25898,7.0,22,11,1,1,1,1,1,2123.0,0.01,7.0,1.0,8.0,18,7.0,11.0,21
25899,7.0,21,11,1,1,1,1,1,2125.0,14.0,6.0,1.0,3.0,15,3.0,2.0,21
25900,7.0,10,11,1,1,2,1,1,210.0,26.0,7.0,1.0,3.0,15,7.0,6.0,21
25901,7.0,11,11,1,1,2,1,1,210.0,39.3,7.0,1.0,2.0,15,4.0,1.0,5
25902,7.0,23,11,1,1,1,1,1,8.0,339.2,7.0,1.0,2.0,15,4.0,1.0,31
25903,7.0,11,11,1,1,2,1,1,8.0,345.0,7.0,1.0,3.0,15,7.0,4.0,21
25904,7.0,7,11,1,1,2,1,1,8.0,329.0,7.0,1.0,8.0,18,7.0,11.0,9
25905,7.0,12,11,1,1,2,1,1,8.0,345.0,7.0,1.0,2.0,15,4.0,1.0,9
25906,7.0,13,11,1,1,2,1,1,2135.0,0.07,7.0,1.0,8.0,18,8.0,10.0,9
25908,7.0,12,11,1,1,2,1,1,2125.0,16.2,7.0,1.0,3.0,15,7.0,6.0,21
25909,7.0,17,57,1,1,2,1,1,803.0,113.8,7.0,2.0,8.0,18,1.0,10.0,48
25910,7.0,11,57,1,1,2,1,1,803.0,135.3,7.0,2.0,1.0,18,1.0,11.0,9
25911,7.0,11,57,1,1,2,1,1,803.0,121.3,7.0,2.0,2.0,15,1.0,1.0,21
25912,7.0,20,57,1,1,1,1,1,803.0,136.9,7.0,2.0,2.0,15,1.0,1.0,9
25913,7.0,3,57,1,1,1,1,1,803.0,126.3,7.0,2.0,2.0,15,1.0,1.0,21
25914,7.0,9,57,1,1,2,1,1,803.0,121.9,7.0,2.0,1.0,18,1.0,11.0,32
25916,7.0,19,11,1,1,1,1,1,208.0,0.2,7.0,1.0,2.0,15,4.0,1.0,9
25917,7.0,21,11,1,1,1,1,1,2125.0,0.16,7.0,1.0,3.0,15,8.0,6.0,9
25918,7.0,22,11,1,1,1,1,1,208.0,0.08,7.0,1.0,8.0,18,7.0,11.0,21
25919,7.0,16,11,1,1,2,1,1,2125.0,19.1,7.0,1.0,2.0,15,4.0,1.0,9
25920,7.0,15,11,1,1,2,1,1,2135.0,9999.99,6.0,1.0,3.0,15,8.0,1.0,31
25921,7.0,8,11,1,1,2,1,1,208.0,17.5,7.0,1.0,2.0,15,4.0,1.0,9
25922,7.0,12,11,1,1,2,1,1,2135.0,9.0,6.0,1.0,7.0,5,9.0,1.0,3
25923,7.0,22,11,3,1,1,1,1,2135.0,3.8,6.0,1.0,8.0,10,1.0,1.0,21
25928,7.0,16,11,1,1,2,1,1,8.0,323.85,7.0,1.0,2.0,15,4.0,1.0,36
25930,7.0,14,11,1,1,2,1,1,208.0,25.1,7.0,1.0,3.0,15,7.0,1.0,9
25931,7.0,14,11,1,1,2,1,1,2135.0,19.25,7.0,1.0,2.0,15,4.0,1.0,5
25932,7.0,19,57,1,1,1,1,1,2111.0,9999.99,6.0,1.0,2.0,15,1.0,1.0,48
25933,7.0,12,11,1,1,2,1,1,9.0,215.0,7.0,1.0,8.0,18,1.0,11.0,38
25934,7.0,18,11,1,1,2,1,1,9.0,225.5,7.0,1.0,8.0,18,1.0,10.0,55
25935,7.0,8,11,1,1,2,1,1,9.0,210.9,7.0,1.0,3.0,15,1.0,1.0,9
25936,7.0,18,57,1,1,2,1,1,8.0,276.3,9.0,1.0,4.0,1,5.0,1.0,9
25938,7.0,12,57,1,1,2,1,1,2118.0,10.1,6.0,1.0,8.0,18,9.0,10.0,432
25939,7.0,12,11,1,1,2,1,1,9.0,192.8,6.0,1.0,1.0,15,1.0,4.0,36
25940,7.0,10,57,2,1,2,1,1,2108.0,32.1,5.0,1.0,7.0,15,4.0,1.0,9
25943,7.0,1,57,1,1,1,1,1,9999.0,194.0,6.0,1.0,1.0,15,1.0,4.0,9
25944,7.0,12,11,1,1,2,1,1,206.0,30.0,7.0,1.0,3.0,15,1.0,16.0,36
25945,7.0,5,57,1,1,1,1,1,803.0,187.2,7.0,2.0,8.0,18,1.0,11.0,9
25946,7.0,12,57,1,1,2,1,1,803.0,199.95,7.0,2.0,8.0,18,1.0,11.0,31
25947,7.0,8,57,1,1,2,1,1,803.0,195.15,7.0,2.0,8.0,18,1.0,11.0,42
25948,7.0,17,57,1,1,2,1,1,803.0,190.0,7.0,2.0,8.0,18,1.0,11.0,9
25949,7.0,7,57,1,1,2,1,1,803.0,125.8,7.0,2.0,8.0,18,1.0,11.0,38
25954,7.0,19,22,1,1,1,1,1,2012.0,9999.99,7.0,1.0,8.0,14,1.0,16.0,55
25955,7.0,22,22,1,1,1,1,1,8.0,231.2,10.0,1.0,7.0,15,7.0,14.0,55
25956,7.0,12,22,1,1,2,1,1,8.0,238.0,10.0,1.0,2.0,15,1.0,1.0,3
25957,7.0,11,22,1,1,2,1,1,8.0,238.0,10.0,1.0,7.0,15,1.0,4.0,33
25959,7.0,13,22,1,1,2,1,1,8.0,236.7,10.0,1.0,2.0,15,1.0,1.0,31
25960,7.0,11,22,1,1,2,1,1,2012.0,9999.99,7.0,1.0,2.0,15,1.0,1.0,9
25961,7.0,21,22,1,1,1,1,1,8.0,238.0,10.0,1.0,8.0,14,1.0,16.0,31
25962,7.0,20,22,1,1,1,1,1,8.0,236.7,10.0,1.0,7.0,15,7.0,1.0,46
25964,7.0,19,22,1,1,1,1,1,2006.0,10.2,7.0,1.0,8.0,18,7.0,18.0,31
25965,7.0,20,22,1,1,1,1,1,2006.0,13.7,8.0,1.0,3.0,15,8.0,18.0,31
25966,7.0,22,22,1,1,1,1,1,2006.0,9.2,8.0,1.0,3.0,15,8.0,12.0,9
25967,7.0,3,22,1,1,1,1,1,2017.0,4.0,16.0,1.0,7.0,15,5.0,8.0,53
25968,7.0,18,22,1,1,2,1,1,212.0,15.0,10.0,1.0,8.0,18,8.0,10.0,31
25970,7.0,17,22,1,1,2,1,1,8.0,236.0,10.0,1.0,8.0,18,7.0,11.0,36
25971,7.0,21,22,1,1,1,1,1,8.0,238.0,10.0,1.0,7.0,15,7.0,12.0,9
25973,7.0,19,22,1,1,1,1,1,212.0,4.0,6.0,1.0,2.0,15,1.0,1.0,38
25975,7.0,17,22,1,1,2,1,1,2017.0,4.8,16.0,1.0,7.0,15,8.0,4.0,9
25977,7.0,17,22,1,1,2,1,1,2017.0,5.0,16.0,1.0,2.0,15,4.0,1.0,9
25978,7.0,22,22,1,1,1,1,1,203.0,6.1,8.0,1.0,2.0,15,4.0,1.0,21
25979,7.0,7,22,1,1,2,1,1,2017.0,4.4,16.0,1.0,8.0,7,1.0,10.0,21
25981,7.0,13,22,1,1,2,1,1,2017.0,6.5,16.0,1.0,1.0,15,1.0,6.0,31
25982,7.0,12,22,1,1,2,1,1,2017.0,6.8,16.0,1.0,1.0,15,1.0,4.0,9
25985,7.0,18,22,1,1,2,1,1,2009.0,5.1,9.0,1.0,7.0,15,7.0,1.0,9
25986,7.0,22,22,1,1,1,1,1,2017.0,6.2,16.0,1.0,7.0,15,5.0,1.0,9
25988,7.0,11,22,1,1,2,1,1,2017.0,9.8,16.0,1.0,4.0,15,4.0,1.0,21
25990,7.0,19,22,1,1,1,1,1,2017.0,7.2,16.0,1.0,7.0,15,5.0,8.0,31
25991,7.0,19,22,1,1,1,1,1,2017.0,8.8,16.0,1.0,2.0,15,4.0,1.0,9
25992,7.0,12,22,1,1,2,1,1,9.0,236.0,9.0,1.0,7.0,15,5.0,1.0,31
25993,7.0,23,22,2,1,1,1,1,2018.0,9999.99,8.0,1.0,1.0,15,1.0,4.0,9
25994,7.0,3,22,1,1,1,1,1,9.0,233.6,9.0,2.0,8.0,7,1.0,10.0,31
25996,7.0,12,22,2,1,2,1,1,2008.0,9999.99,8.0,1.0,8.0,14,1.0,16.0,48
25998,7.0,12,22,2,1,2,1,1,2008.0,9999.99,8.0,1.0,1.0,15,1.0,4.0,9
25999,7.0,9,22,1,1,2,1,1,9.0,234.0,8.0,1.0,1.0,15,1.0,4.0,31
26000,7.0,12,22,1,1,2,1,1,7.0,134.2,16.0,1.0,2.0,15,4.0,1.0,9
26002,7.0,6,22,1,1,2,1,1,7.0,136.1,16.0,1.0,7.0,18,1.0,16.0,9
26006,7.0,12,22,1,1,2,1,1,7.0,135.0,16.0,1.0,8.0,13,7.0,11.0,33
26008,7.0,22,22,1,1,1,1,1,7.0,130.3,16.0,1.0,7.0,15,7.0,1.0,36
26009,7.0,19,22,1,1,1,1,1,7.0,128.2,16.0,1.0,7.0,15,8.0,4.0,9
26010,7.0,19,22,1,1,1,1,1,7.0,135.0,16.0,1.0,7.0,15,3.0,1.0,9
26011,7.0,19,22,1,1,1,1,1,7.0,133.4,16.0,1.0,2.0,15,4.0,1.0,9
26012,7.0,23,22,2,1,1,1,1,2002.0,9999.99,5.0,1.0,8.0,13,7.0,10.0,9
26013,7.0,23,22,1,1,1,1,1,7.0,105.4,8.0,1.0,2.0,15,4.0,1.0,9
26015,7.0,0,22,1,1,1,1,1,7.0,105.9,8.0,1.0,8.0,13,7.0,10.0,9
26016,7.0,20,22,2,1,1,1,1,2002.0,9999.99,5.0,1.0,2.0,15,4.0,1.0,31
26017,7.0,20,22,1,1,1,1,1,8.0,234.0,10.0,1.0,2.0,15,4.0,1.0,9
26018,7.0,9,22,1,1,2,1,1,8.0,215.5,9.0,1.0,2.0,15,4.0,1.0,31
26019,7.0,18,22,1,1,2,1,1,8.0,226.4,7.0,1.0,7.0,15,7.0,8.0,430
26020,7.0,13,22,1,1,2,1,1,8.0,225.3,7.0,1.0,2.0,15,1.0,1.0,31
26021,7.0,12,22,1,1,2,1,1,2004.0,9999.99,7.0,1.0,3.0,15,8.0,8.0,9
26023,7.0,10,22,1,1,2,1,1,8.0,224.0,7.0,1.0,2.0,15,1.0,14.0,9
26024,7.0,10,22,1,1,2,1,1,8.0,225.8,7.0,1.0,8.0,14,1.0,16.0,9
26026,7.0,12,22,1,1,2,1,1,8.0,223.4,7.0,1.0,7.0,15,7.0,16.0,46
26027,7.0,13,22,1,1,2,1,1,8.0,226.0,7.0,1.0,8.0,14,1.0,16.0,31
26029,7.0,9,22,1,1,2,1,1,8.0,225.8,7.0,1.0,7.0,15,7.0,14.0,9
26030,7.0,20,22,1,1,1,1,1,8.0,226.4,7.0,1.0,1.0,15,1.0,4.0,9
26035,7.0,10,22,1,1,2,1,1,803.0,245.0,7.0,2.0,8.0,4,7.0,11.0,3
26037,7.0,12,22,1,1,2,1,1,8.0,264.0,9.0,2.0,8.0,14,1.0,16.0,21
26038,7.0,9,22,1,1,2,1,1,8.0,269.0,9.0,1.0,2.0,15,4.0,1.0,9
26042,7.0,19,22,1,1,1,1,1,8.0,266.0,4.0,1.0,7.0,15,8.0,8.0,21
26044,7.0,11,22,1,1,2,1,1,8.0,266.0,9.0,1.0,2.0,15,4.0,1.0,9
26045,7.0,12,22,1,1,2,1,1,8.0,266.5,9.0,1.0,2.0,15,4.0,1.0,3
26046,7.0,13,22,1,1,2,1,1,8.0,260.0,9.0,2.0,7.0,15,7.0,6.0,42
26047,7.0,13,22,1,1,2,1,1,210.0,2.0,8.0,1.0,1.0,15,1.0,4.0,21
26049,7.0,13,22,1,1,2,1,1,8.0,266.0,9.0,1.0,7.0,15,5.0,6.0,3
26050,7.0,23,22,1,1,1,1,1,2017.0,11.2,16.0,1.0,2.0,15,1.0,1.0,9
26051,7.0,9,22,1,1,2,1,1,2017.0,8.6,16.0,1.0,7.0,15,3.0,1.0,3
26055,7.0,21,22,1,1,1,1,1,203.0,5.2,8.0,1.0,7.0,15,7.0,17.0,31
26056,7.0,12,22,1,1,2,1,1,2017.0,6.1,16.0,1.0,2.0,15,4.0,1.0,42
26058,7.0,15,22,1,1,2,1,1,2017.0,7.0,16.0,1.0,7.0,15,7.0,14.0,9
26064,7.0,8,43,1,1,2,1,1,9.0,332.0,8.0,1.0,4.0,1,1.0,1.0,9
26066,7.0,20,43,1,1,1,1,1,2010.0,20.5,9.0,1.0,1.0,15,1.0,8.0,9
26074,7.0,17,43,1,1,2,1,1,2017.0,37.0,8.0,1.0,1.0,15,1.0,18.0,409
26075,7.0,23,43,1,1,1,1,1,2010.0,34.3,8.0,1.0,2.0,15,1.0,1.0,9
26077,7.0,17,48,1,1,2,1,1,2026.0,17.2,8.0,1.0,2.0,15,1.0,1.0,430
26078,7.0,13,11,1,1,2,1,1,2117.0,9.0,6.0,1.0,2.0,15,2.0,1.0,21
26082,7.0,11,43,1,1,2,1,1,9.0,300.0,8.0,1.0,1.0,15,2.0,2.0,21
26084,7.0,10,43,1,1,2,1,1,2017.0,42.2,8.0,1.0,3.0,15,8.0,12.0,21
26085,7.0,23,43,1,1,1,1,1,2017.0,33.0,8.0,1.0,2.0,15,4.0,18.0,9
26087,7.0,17,43,2,1,2,1,1,2017.0,18.0,8.0,1.0,2.0,15,4.0,18.0,21
26088,7.0,12,43,1,1,2,1,1,2017.0,34.8,8.0,1.0,7.0,15,8.0,14.0,9
26089,7.0,14,43,1,1,2,1,1,2017.0,34.2,8.0,1.0,2.0,15,1.0,1.0,82
26091,7.0,12,43,1,1,2,1,1,2010.0,39.0,8.0,1.0,2.0,15,1.0,1.0,21
26094,7.0,19,43,1,1,1,1,1,2010.0,16.1,8.0,1.0,3.0,15,8.0,12.0,3
26095,7.0,12,43,1,1,2,1,1,9999.0,9999.99,8.0,1.0,3.0,1,5.0,21.0,9
26099,7.0,17,43,1,1,2,1,1,2017.0,40.1,8.0,1.0,2.0,15,4.0,17.0,400
26100,7.0,20,22,1,1,1,1,1,2011.0,22.3,7.0,1.0,2.0,15,4.0,18.0,21
26101,7.0,13,43,1,1,2,1,1,2010.0,42.3,8.0,1.0,3.0,15,7.0,1.0,38
26112,7.0,10,22,1,1,2,1,1,2006.0,10.3,8.0,1.0,8.0,18,7.0,18.0,9
26114,7.0,23,43,1,1,1,1,1,2010.0,14.1,8.0,1.0,2.0,15,4.0,18.0,21
26116,7.0,8,23,1,1,2,1,1,802.0,160.8,10.0,2.0,8.0,18,9.0,11.0,48
26117,7.0,12,23,1,1,2,1,1,802.0,114.5,9.0,2.0,8.0,18,9.0,10.0,21
26118,7.0,9,23,1,1,2,1,1,802.0,101.0,8.0,2.0,7.0,2,9.0,11.0,3
26122,7.0,8,23,1,1,2,1,1,413.0,91.2,8.0,1.0,8.0,14,1.0,16.0,9
26123,7.0,1,23,1,1,1,1,1,7017.0,3.0,8.0,1.0,8.0,18,9.0,11.0,9
26124,7.0,17,23,1,1,2,1,1,13.0,198.1,8.0,1.0,7.0,2,9.0,11.0,33
26127,7.0,1,23,1,1,1,1,1,802.0,103.0,9.0,2.0,2.0,15,4.0,1.0,31
26129,7.0,9,23,1,1,2,1,1,802.0,145.0,9.0,2.0,2.0,15,4.0,1.0,9
26130,7.0,7,23,1,1,2,1,1,802.0,151.5,9.0,1.0,7.0,2,9.0,11.0,21
26131,7.0,9,23,1,1,2,1,1,802.0,157.4,9.0,2.0,8.0,18,9.0,11.0,9
26132,7.0,6,23,1,1,2,1,1,802.0,130.0,9.0,2.0,7.0,2,9.0,1.0,31
26133,7.0,16,23,1,1,2,1,1,802.0,139.4,9.0,2.0,2.0,15,4.0,1.0,9
26134,7.0,16,23,1,1,2,1,1,802.0,159.6,10.0,2.0,7.0,2,9.0,11.0,9
26135,7.0,20,23,1,1,1,1,1,802.0,151.0,9.0,2.0,8.0,18,9.0,10.0,31
26136,7.0,21,23,1,1,1,1,1,802.0,157.9,9.0,2.0,2.0,15,4.0,1.0,31
26137,7.0,20,23,1,1,1,1,1,802.0,150.0,9.0,2.0,8.0,18,9.0,10.0,31
26138,7.0,17,23,1,1,2,1,1,802.0,114.2,9.0,2.0,7.0,10,9.0,10.0,21
26139,7.0,7,23,1,1,2,1,1,802.0,126.9,9.0,2.0,8.0,18,9.0,11.0,21
26140,7.0,6,23,1,1,2,1,1,802.0,122.4,9.0,2.0,7.0,10,9.0,10.0,38
26141,7.0,17,23,1,1,2,1,1,802.0,108.8,9.0,2.0,2.0,15,4.0,1.0,9
26142,7.0,4,23,1,1,1,1,1,802.0,109.7,9.0,2.0,7.0,2,9.0,11.0,21
26143,7.0,23,23,1,1,1,1,1,802.0,126.5,9.0,2.0,7.0,10,9.0,10.0,9
26147,7.0,16,39,1,1,2,1,1,7202.0,9999.99,7.0,1.0,7.0,18,1.0,1.0,36
26148,7.0,16,39,1,1,2,1,1,7231.0,2.0,7.0,1.0,8.0,18,9.0,1.0,46
26149,7.0,22,23,1,1,1,1,1,13.0,267.9,7.0,1.0,2.0,15,4.0,1.0,9
26150,7.0,19,39,1,1,1,1,1,7209.0,9999.99,7.0,1.0,7.0,15,1.0,1.0,38
26153,7.0,16,39,1,1,2,1,1,8.0,659.9,7.0,1.0,7.0,15,8.0,9.0,36
26182,7.0,1,23,1,1,1,1,1,6.0,151.0,8.0,1.0,8.0,18,9.0,11.0,21
26183,7.0,19,23,1,1,1,1,1,6.0,144.6,8.0,1.0,3.0,15,8.0,6.0,9
26184,7.0,10,23,1,1,2,1,1,13.0,205.0,8.0,1.0,8.0,18,9.0,10.0,36
26185,7.0,21,23,1,1,1,1,1,13.0,204.5,8.0,1.0,8.0,18,9.0,11.0,9