NUM_ACC,MOIS_ACC,HEU_ACC,COD_PRV,COD_ETA_CHA,COD_ETA_SUR,COD_LUM,COD_INT,TYP_LIE_ACC,NUM_ROU,PKM,LAR_CHA,COD_TYP_CHA,COD_TYP_COL,COD_OBS_HRT,COD_POI_CHO,COD_MAN,CIR_ACC
26958,7.0,4,28,2,1,1,1,1,3622.0,9999.99,6.0,1.0,8.0,13,9.0,10.0,3
26960,7.0,17,28,2,1,2,1,1,3333.0,9999.99,7.0,1.0,1.0,15,1.0,1.0,9
26961,7.0,20,28,1,1,1,1,1,11.0,86.6,8.0,1.0,1.0,15,1.0,2.0,9
26965,7.0,21,28,1,1,1,1,1,308.0,27.0,7.0,1.0,8.0,15,4.0,20.0,9
26966,7.0,10,28,1,1,2,1,1,308.0,27.5,7.0,1.0,1.0,15,1.0,1.0,32
26967,7.0,9,28,1,1,2,1,1,308.0,20.0,7.0,1.0,3.0,15,8.0,6.0,9
26968,7.0,21,28,1,1,1,1,1,308.0,18.0,7.0,1.0,8.0,13,9.0,11.0,38
26969,7.0,14,28,2,1,2,1,1,3615.0,9999.99,6.0,1.0,8.0,13,2.0,11.0,9
26970,7.0,17,28,1,1,2,1,1,308.0,16.0,7.0,1.0,8.0,14,1.0,16.0,38
26971,7.0,19,28,1,1,1,1,1,308.0,28.0,7.0,1.0,8.0,13,2.0,11.0,21
26972,7.0,8,28,1,1,2,1,1,308.0,29.0,7.0,1.0,7.0,15,8.0,2.0,48
26973,7.0,18,28,1,1,2,1,1,308.0,27.0,7.0,1.0,8.0,14,1.0,16.0,9
26974,7.0,17,28,1,1,2,1,1,9.0,106.0,8.0,1.0,8.0,13,9.0,10.0,9
26975,7.0,4,28,1,1,1,1,1,9.0,107.5,8.0,1.0,8.0,13,9.0,11.0,21
26976,7.0,1,28,2,1,1,1,1,9999.0,9999.99,6.0,1.0,2.0,15,4.0,1.0,21
26977,7.0,12,28,1,1,2,1,1,11.0,96.4,8.0,1.0,1.0,15,1.0,2.0,38
26978,7.0,19,28,1,1,1,1,1,11.0,72.0,8.0,1.0,2.0,15,4.0,1.0,36
26979,7.0,18,28,1,1,2,1,1,11.0,82.0,8.0,1.0,8.0,13,9.0,11.0,86
26980,7.0,0,50,1,1,1,1,1,801.0,102.0,8.0,1.0,2.0,15,4.0,1.0,38
26981,7.0,4,54,1,1,1,1,1,803.0,34.0,8.0,1.0,2.0,15,4.0,1.0,36
26982,7.0,21,54,1,1,1,1,1,803.0,21.0,8.0,1.0,2.0,15,4.0,1.0,3
26983,7.0,12,54,1,1,2,1,1,803.0,38.1,8.0,1.0,8.0,13,7.0,11.0,53
26984,7.0,3,54,1,1,1,1,1,803.0,37.2,8.0,1.0,3.0,15,3.0,1.0,9
26985,7.0,3,54,1,1,1,1,1,803.0,27.9,8.0,1.0,8.0,13,7.0,11.0,9
26986,7.0,16,54,1,1,2,1,1,803.0,38.95,8.0,1.0,8.0,18,4.0,19.0,21
26989,7.0,14,54,1,1,2,1,1,3625.0,9999.99,7.0,1.0,8.0,13,9.0,11.0,92
26994,7.0,12,54,1,1,2,1,1,3625.0,9999.99,7.0,1.0,2.0,15,4.0,1.0,88
26998,7.0,14,54,1,1,2,1,1,3625.0,9999.99,7.0,1.0,8.0,14,8.0,18.0,3
26999,7.0,14,54,1,1,2,1,1,3625.0,9999.99,7.0,1.0,7.0,15,8.0,12.0,9
27000,7.0,13,54,1,1,2,1,1,3625.0,9999.99,7.0,1.0,3.0,15,7.0,6.0,3
27006,7.0,7,54,1,1,2,1,1,3602.0,13.0,7.0,1.0,3.0,15,2.0,1.0,9
27007,7.0,23,28,1,1,1,1,1,305.0,108.0,7.0,1.0,1.0,15,1.0,2.0,21
27008,7.0,0,28,1,1,1,1,1,308.0,13.0,7.0,1.0,2.0,15,5.0,1.0,9
27010,7.0,1,28,2,1,1,1,1,3606.0,34.0,6.0,1.0,7.0,15,8.0,2.0,9
27011,7.0,18,28,1,1,2,1,1,308.0,12.8,7.0,1.0,8.0,13,2.0,11.0,9
27012,7.0,14,28,1,1,2,1,1,804.0,32.7,8.0,2.0,8.0,2,3.0,10.0,9
27013,7.0,11,6,1,1,2,1,1,3323.0,3.1,8.0,2.0,3.0,15,8.0,1.0,9
27015,7.0,8,6,1,1,2,1,1,1.0,327.2,7.0,1.0,7.0,18,1.0,10.0,31
27016,7.0,10,6,1,1,2,1,1,1.0,315.2,7.0,1.0,2.0,15,4.0,1.0,31
27017,7.0,18,54,1,1,2,1,1,1.0,391.0,8.0,1.0,1.0,15,7.0,16.0,31
27018,7.0,19,54,1,1,1,1,1,320.0,24.5,6.0,1.0,3.0,15,8.0,8.0,71
27019,7.0,17,54,1,1,2,1,1,320.0,24.0,6.0,1.0,8.0,14,1.0,16.0,9
27020,7.0,22,54,1,1,1,1,1,1.0,385.2,8.0,1.0,2.0,15,4.0,1.0,9
27022,7.0,22,54,2,1,1,1,1,1.0,386.0,10.0,1.0,2.0,15,4.0,1.0,9
27023,7.0,18,54,1,1,2,1,1,3603.0,9999.99,8.0,1.0,1.0,15,4.0,1.0,33
27025,7.0,18,6,1,1,2,1,1,3323.0,1.15,7.0,1.0,2.0,15,4.0,1.0,9
27027,7.0,20,6,1,1,1,1,1,305.0,2.1,7.0,1.0,7.0,15,2.0,1.0,48
27028,7.0,19,6,1,1,1,1,1,1.0,312.1,7.0,1.0,2.0,15,4.0,1.0,32
27029,7.0,18,6,1,1,2,1,1,3327.0,1.2,4.0,1.0,8.0,18,9.0,10.0,432
27032,7.0,19,6,1,1,1,1,1,322.0,47.8,8.0,1.0,3.0,15,8.0,4.0,9
27033,7.0,20,6,1,1,1,1,1,322.0,47.8,8.0,1.0,8.0,14,1.0,16.0,9
27034,7.0,17,6,1,1,2,1,1,322.0,48.1,8.0,1.0,8.0,14,1.0,16.0,9
27035,7.0,16,54,1,1,2,1,1,3603.0,9999.99,6.0,1.0,3.0,15,8.0,21.0,9
27036,7.0,22,54,1,1,1,1,1,3603.0,9999.99,6.0,1.0,8.0,14,1.0,16.0,31
27037,7.0,16,72,1,1,2,1,1,320.0,22.5,7.0,1.0,3.0,15,8.0,1.0,48
27039,7.0,18,72,1,1,2,1,1,320.0,21.5,6.0,1.0,3.0,15,8.0,1.0,9
27040,7.0,14,28,1,1,2,1,1,9.0,63.8,8.0,1.0,3.0,15,8.0,6.0,9
27041,7.0,21,28,1,1,1,1,1,9.0,71.3,8.0,1.0,3.0,18,6.0,1.0,31
27042,7.0,21,28,1,1,1,1,1,9.0,99.2,8.0,1.0,2.0,15,6.0,1.0,3
27043,7.0,17,28,2,1,2,1,1,3629.0,9999.99,6.0,1.0,8.0,13,1.0,10.0,53
27044,7.0,18,6,1,1,2,1,1,322.0,39.0,8.0,1.0,2.0,15,4.0,1.0,9
27045,7.0,21,51,1,1,1,1,1,322.0,26.8,8.0,1.0,3.0,15,7.0,13.0,9
27046,7.0,4,51,1,1,1,1,1,322.0,27.0,8.0,1.0,8.0,18,8.0,10.0,9
27051,7.0,1,54,1,1,1,1,1,318.0,91.3,7.0,1.0,2.0,15,4.0,1.0,9
27052,7.0,19,54,1,1,1,1,1,11.0,35.2,8.0,1.0,4.0,15,4.0,20.0,9
27053,7.0,22,54,1,1,1,1,1,318.0,89.1,7.0,1.0,3.0,15,9.0,4.0,9
27054,7.0,5,54,1,1,1,1,1,11.0,55.5,8.0,1.0,3.0,15,8.0,4.0,9
27055,7.0,20,54,1,1,1,1,1,11.0,35.1,8.0,1.0,3.0,15,7.0,4.0,9
27056,7.0,22,54,1,1,1,1,1,3612.0,9999.99,5.0,1.0,3.0,15,8.0,4.0,9
27057,7.0,0,50,1,1,1,1,1,801.0,103.2,8.0,1.0,2.0,15,4.0,1.0,9
27058,7.0,0,54,1,1,1,1,1,801.0,106.25,8.0,1.0,2.0,15,4.0,1.0,3
27059,7.0,20,54,1,1,1,1,1,801.0,113.25,8.0,1.0,2.0,15,4.0,21.0,21
27060,7.0,23,72,1,1,1,1,1,9.0,32.2,7.0,1.0,3.0,15,8.0,1.0,9
27061,7.0,15,72,1,1,2,1,1,9.0,36.6,7.0,1.0,2.0,15,4.0,1.0,9
27062,7.0,13,54,1,1,2,1,1,9.0,42.6,7.0,1.0,3.0,15,8.0,4.0,9
27063,7.0,11,72,1,1,2,1,1,9.0,31.8,7.0,1.0,8.0,11,7.0,11.0,9
27064,7.0,19,72,1,1,1,1,1,9.0,32.1,7.0,1.0,8.0,14,1.0,16.0,9
27065,7.0,15,54,1,1,2,1,1,3603.0,9999.99,6.0,1.0,2.0,15,4.0,1.0,9
27066,7.0,13,54,1,1,2,1,1,1.0,394.0,15.0,1.0,2.0,15,4.0,1.0,9
27067,7.0,14,54,1,1,2,1,1,3603.0,9999.99,6.0,1.0,2.0,15,4.0,1.0,9
27070,7.0,14,54,1,1,2,1,1,3603.0,9999.99,7.0,1.0,2.0,15,4.0,1.0,9
27072,7.0,21,54,1,1,1,1,1,3011.0,30.8,6.0,1.0,1.0,15,1.0,4.0,9
27074,7.0,10,54,1,1,2,1,1,318.0,76.0,6.0,1.0,8.0,18,9.0,15.0,9
27075,7.0,7,28,1,1,2,1,1,803.0,71.0,3.0,2.0,8.0,2,2.0,11.0,9
27076,7.0,19,54,1,1,1,1,1,320.0,26.3,8.0,2.0,8.0,14,8.0,16.0,9
27077,7.0,1,54,1,1,1,1,1,3607.0,7.5,7.0,1.0,8.0,14,8.0,18.0,9
27079,7.0,18,61,1,2,2,4,1,4538.0,9999.99,5.0,1.0,8.0,14,9.0,1.0,3
27080,7.0,11,61,1,1,2,1,1,4.0,26.1,7.0,1.0,8.0,13,9.0,11.0,9
27081,7.0,14,61,1,1,2,1,1,4.0,38.8,7.0,1.0,1.0,15,1.0,4.0,9
27082,7.0,12,17,1,1,2,1,1,4528.0,9999.99,4.0,1.0,7.0,14,1.0,16.0,9
27083,7.0,10,17,1,1,2,1,1,4510.0,9999.99,4.0,1.0,1.0,15,1.0,2.0,9
27084,7.0,13,17,1,1,2,1,1,4516.0,0.5,5.0,1.0,7.0,14,2.0,1.0,9
27086,7.0,0,61,1,1,1,1,1,413.0,43.9,6.0,1.0,7.0,14,4.0,16.0,9
27088,7.0,5,61,2,1,1,1,1,4235.0,9999.99,6.0,1.0,3.0,15,8.0,4.0,9
27089,7.0,18,17,1,1,2,1,1,4.0,80.4,5.0,1.0,7.0,14,7.0,16.0,9
27090,7.0,20,17,1,1,1,1,1,4232.0,59.3,4.0,1.0,5.0,15,8.0,2.0,31
27091,7.0,11,17,2,1,2,1,1,4240.0,22.2,4.0,1.0,8.0,13,9.0,19.0,40
27092,7.0,11,17,2,1,2,1,1,4232.0,44.6,37.0,1.0,7.0,15,1.0,7.0,31
27093,7.0,6,17,2,1,2,1,1,408.0,9999.99,4.0,1.0,8.0,13,9.0,18.0,31
27094,7.0,15,17,1,1,2,1,1,408.0,12.4,4.0,1.0,8.0,13,9.0,18.0,31
27095,7.0,15,61,2,1,2,1,1,4240.0,14.8,4.0,1.0,8.0,14,1.0,16.0,42
27096,7.0,1,17,1,1,1,1,1,4232.0,33.5,4.0,1.0,2.0,15,1.0,1.0,9
27098,7.0,14,17,1,1,2,1,1,413.0,26.2,10.0,1.0,7.0,14,3.0,16.0,38
27099,7.0,5,17,1,1,1,1,1,4536.0,9999.99,5.0,1.0,2.0,15,2.0,1.0,31
27100,7.0,21,17,1,1,1,1,1,4517.0,9999.99,5.0,1.0,2.0,15,2.0,1.0,9
27101,7.0,12,61,1,1,2,1,1,4538.0,9999.99,5.0,1.0,8.0,14,1.0,16.0,43
27103,7.0,8,17,1,1,2,1,1,411.0,23.6,6.0,1.0,2.0,15,4.0,1.0,9
27104,7.0,13,17,1,1,2,1,1,413.0,63.3,5.0,1.0,2.0,15,4.0,1.0,21
27105,7.0,12,17,1,1,2,1,1,4.0,69.2,5.0,1.0,2.0,15,4.0,1.0,9
27106,7.0,9,17,1,1,2,1,1,413.0,46.4,5.0,1.0,8.0,18,9.0,1.0,9
27107,7.0,22,17,1,1,1,1,1,413.0,56.1,5.0,1.0,2.0,15,4.0,1.0,31
27108,7.0,12,16,2,1,2,1,1,4233.0,10.0,4.0,1.0,8.0,13,9.0,18.0,31
27110,7.0,9,17,1,1,2,1,1,13.0,180.0,5.0,1.0,8.0,18,9.0,1.0,31
27111,7.0,22,17,1,1,1,1,1,4232.0,25.2,4.0,1.0,2.0,15,4.0,1.0,9
27113,7.0,4,17,1,1,1,3,1,13.0,146.6,5.0,1.0,7.0,16,9.0,1.0,9
27114,7.0,15,17,1,1,2,1,1,4.0,81.1,5.0,1.0,1.0,15,3.0,2.0,31
27115,7.0,9,17,1,1,2,1,1,4.0,69.5,5.0,1.0,3.0,15,6.0,12.0,9
27116,7.0,14,61,1,1,2,1,1,9999.0,39.5,4.0,1.0,8.0,18,9.0,1.0,43
27119,7.0,20,17,1,1,1,1,1,413.0,9.2,9.0,1.0,8.0,15,3.0,4.0,9
27120,7.0,7,17,1,1,2,2,1,411.0,20.2,7.0,1.0,2.0,15,2.0,4.0,5
27122,7.0,23,17,1,1,1,1,1,4518.0,3.2,4.0,1.0,8.0,18,9.0,1.0,9
27123,7.0,22,23,1,1,1,1,1,13.0,199.0,5.0,1.0,8.0,18,9.0,1.0,9
27124,7.0,18,17,1,1,2,1,1,4559.0,9999.99,4.0,1.0,2.0,15,4.0,1.0,9
27126,7.0,20,17,1,1,1,1,1,4550.0,9999.99,4.0,1.0,8.0,18,9.0,1.0,9
27128,7.0,23,17,1,1,1,1,1,411.0,0.4,6.0,1.0,8.0,13,7.0,11.0,9
27129,7.0,21,17,1,1,1,1,1,13.0,132.9,5.0,1.0,8.0,16,9.0,1.0,33
27130,7.0,11,17,1,1,2,1,1,4533.0,9999.99,4.0,1.0,8.0,18,9.0,1.0,3
27131,7.0,7,17,1,1,2,1,1,13.0,125.0,5.0,1.0,8.0,18,9.0,1.0,9
27132,7.0,21,17,1,1,1,1,1,4561.0,9999.99,4.0,1.0,8.0,18,9.0,1.0,9
27133,7.0,21,17,1,1,1,1,1,4549.0,9999.99,4.0,1.0,3.0,15,8.0,6.0,3
27134,7.0,23,17,1,1,1,1,1,4516.0,6.9,4.0,1.0,3.0,15,8.0,2.0,9
27135,7.0,21,61,1,1,1,1,1,409.0,25.2,4.0,1.0,7.0,15,3.0,4.0,21
27136,7.0,16,61,1,1,2,1,1,4235.0,0.7,7.0,1.0,7.0,15,3.0,1.0,9
27137,7.0,4,61,1,1,1,1,1,4235.0,0.5,7.0,1.0,7.0,15,2.0,1.0,9
27138,7.0,15,17,1,1,2,1,1,13.0,132.5,5.0,1.0,8.0,18,9.0,1.0,9
27139,7.0,18,17,1,1,2,1,1,4536.0,12.0,4.0,1.0,8.0,16,9.0,1.0,9
27140,7.0,12,17,1,1,2,1,1,411.0,20.0,5.0,1.0,8.0,16,9.0,1.0,9
27141,7.0,12,17,1,1,2,1,1,4548.0,9999.99,4.0,1.0,2.0,15,4.0,1.0,36
27142,7.0,17,17,1,1,2,1,1,4538.0,25.0,4.0,1.0,2.0,15,2.0,1.0,21
27143,7.0,12,17,1,1,2,1,1,411.0,19.0,5.0,1.0,3.0,15,8.0,1.0,38
27144,7.0,22,17,1,1,1,1,1,411.0,22.0,5.0,1.0,3.0,15,8.0,6.0,36
27145,7.0,1,61,1,1,1,1,1,411.0,37.2,6.0,1.0,2.0,15,4.0,1.0,9
27146,7.0,2,61,1,1,1,1,1,411.0,36.9,6.0,1.0,7.0,16,8.0,16.0,36
27147,7.0,14,61,2,1,2,1,1,4238.0,9999.99,6.0,1.0,2.0,15,4.0,1.0,38
27148,7.0,17,61,2,1,2,1,1,4252.0,9999.99,6.0,1.0,7.0,14,8.0,16.0,9
27149,7.0,18,61,2,1,2,1,1,4252.0,9999.99,6.0,1.0,2.0,15,4.0,1.0,9
27151,7.0,19,61,1,1,1,1,1,4.0,35.5,7.0,1.0,8.0,13,9.0,10.0,55
27152,7.0,1,61,1,1,1,1,1,4.0,24.3,7.0,1.0,7.0,16,8.0,16.0,46
27154,7.0,12,61,1,1,2,1,1,409.0,25.8,7.0,1.0,7.0,15,1.0,1.0,59
27156,7.0,13,61,1,1,2,1,1,4235.0,9999.99,8.0,1.0,8.0,18,8.0,10.0,46
27157,7.0,21,61,1,1,1,1,1,4.0,41.5,7.0,1.0,8.0,13,7.0,11.0,59
27158,7.0,0,61,2,1,1,1,1,4235.0,9999.99,8.0,1.0,8.0,13,8.0,10.0,9
27159,7.0,21,61,2,1,1,1,1,4238.0,9999.99,6.0,1.0,3.0,15,8.0,4.0,48
27160,7.0,9,61,2,1,2,1,1,4252.0,9999.99,6.0,1.0,2.0,15,4.0,1.0,31
27161,7.0,11,61,1,1,2,1,1,4236.0,9999.99,4.0,1.0,8.0,18,9.0,1.0,21
27162,7.0,12,17,1,1,2,1,1,4551.0,9999.99,4.0,1.0,8.0,18,9.0,1.0,31
27163,7.0,18,17,1,1,2,1,1,4541.0,9999.99,4.0,1.0,2.0,15,8.0,1.0,9
27164,7.0,20,61,1,1,1,1,1,409.0,5.0,6.0,1.0,2.0,15,3.0,1.0,9
27165,7.0,20,61,1,1,1,1,1,409.0,7.0,7.0,1.0,8.0,13,7.0,11.0,9
27166,7.0,23,61,1,1,1,1,1,4240.0,3.8,5.0,1.0,7.0,16,7.0,16.0,5
27167,7.0,9,61,1,1,2,1,1,4240.0,14.0,5.0,1.0,7.0,14,8.0,16.0,9
27168,7.0,12,61,2,1,2,1,1,4235.0,9999.99,8.0,1.0,8.0,13,7.0,11.0,9
27169,7.0,19,61,1,1,1,1,1,4249.0,9999.99,6.0,1.0,3.0,15,8.0,4.0,31
27170,7.0,16,61,1,1,2,1,1,705.0,43.3,7.0,1.0,8.0,13,9.0,1.0,21
27171,7.0,6,61,1,1,2,1,1,409.0,25.8,7.0,1.0,7.0,15,7.0,1.0,341
27173,7.0,12,18,1,1,2,1,1,4322.0,0.6,8.0,1.0,7.0,14,2.0,16.0,341
27174,7.0,12,61,1,2,2,1,1,4235.0,2.2,7.0,1.0,7.0,14,1.0,16.0,9
27175,7.0,15,61,1,1,2,1,1,4240.0,4.6,6.0,1.0,8.0,13,9.0,11.0,46
27177,7.0,23,61,1,1,1,1,1,413.0,30.1,6.0,1.0,2.0,15,4.0,1.0,430
27179,7.0,12,17,2,1,2,1,1,4234.0,24.3,4.0,1.0,2.0,15,1.0,1.0,9
27180,7.0,18,17,2,1,2,1,1,4234.0,30.6,4.0,1.0,8.0,14,1.0,16.0,9
27181,7.0,1,69,1,1,1,1,1,16.0,32.2,10.0,1.0,1.0,15,1.0,4.0,9
27182,7.0,23,30,1,1,1,1,1,4602.0,9999.99,16.0,1.0,1.0,15,1.0,4.0,9
27183,7.0,22,30,1,1,1,1,1,2.0,18.7,7.0,2.0,7.0,14,1.0,16.0,9
27184,7.0,5,30,1,1,1,1,1,1.0,33.6,7.0,1.0,1.0,16,5.0,10.0,9
27185,7.0,6,30,1,1,2,1,1,805.0,86.6,7.0,2.0,3.0,1,8.0,21.0,9
27186,7.0,21,30,1,1,1,1,1,1.0,51.5,8.0,1.0,8.0,14,1.0,16.0,9
27187,7.0,19,40,1,1,1,1,1,805.0,102.5,7.0,2.0,7.0,14,1.0,16.0,32
27188,7.0,19,40,1,1,1,1,1,415.0,12.0,6.0,1.0,7.0,14,1.0,16.0,9
27190,7.0,2,40,1,1,1,1,1,415.0,29.1,6.0,1.0,1.0,15,1.0,4.0,9
27191,7.0,23,30,1,1,1,1,1,2.0,18.3,7.0,2.0,3.0,15,8.0,6.0,9
27192,7.0,22,40,1,1,1,1,1,4404.0,3.0,5.0,1.0,8.0,14,1.0,16.0,9
27193,7.0,7,40,1,1,2,1,1,415.0,19.1,6.0,1.0,8.0,18,7.0,1.0,82
27197,7.0,11,36,1,1,2,2,1,2.0,24.1,7.0,2.0,8.0,14,1.0,16.0,9
27198,7.0,5,69,1,1,1,1,1,16.0,15.2,10.0,1.0,7.0,2,1.0,9.0,21
27200,7.0,10,30,1,1,2,1,1,4601.0,9999.99,18.0,1.0,3.0,15,8.0,4.0,31
27202,7.0,18,30,1,1,2,1,1,1.0,21.0,7.0,1.0,3.0,15,6.0,6.0,3
27203,7.0,20,30,1,1,1,1,1,4600.0,9999.99,12.0,1.0,3.0,15,8.0,10.0,82
27204,7.0,21,30,1,1,1,1,1,1.0,23.6,9.0,1.0,3.0,15,3.0,4.0,9
27207,7.0,2,30,1,1,1,1,1,4600.0,9999.99,12.0,1.0,3.0,15,8.0,4.0,21
27209,7.0,17,30,1,1,2,1,1,1.0,21.3,8.0,1.0,1.0,15,1.0,4.0,9
27211,7.0,20,30,1,1,1,1,1,1.0,17.0,7.0,1.0,1.0,15,3.0,1.0,9
27212,7.0,20,30,1,1,1,1,1,9999.0,9999.99,9.0,1.0,3.0,15,8.0,12.0,9
27215,7.0,7,30,1,1,2,1,1,4601.0,9999.99,13.0,1.0,8.0,12,1.0,10.0,9
27216,7.0,18,30,1,1,2,1,1,4600.0,9999.99,11.0,1.0,3.0,15,8.0,12.0,9
27217,7.0,19,69,1,1,1,1,1,16.0,43.0,5.0,1.0,8.0,14,1.0,16.0,21
27219,7.0,13,69,1,1,2,1,1,16.0,39.0,7.0,2.0,2.0,15,6.0,6.0,31
27221,7.0,23,69,1,1,1,1,1,16.0,36.02,9.0,1.0,3.0,15,8.0,1.0,32
27223,7.0,14,69,1,1,2,1,1,16.0,35.5,10.0,1.0,8.0,14,1.0,16.0,48
27224,7.0,10,69,1,1,2,1,1,16.0,17.0,8.0,1.0,2.0,15,4.0,1.0,9
27225,7.0,19,69,1,1,1,1,1,16.0,12.8,10.0,1.0,5.0,15,9.0,9.0,33
27226,7.0,13,30,1,1,2,1,1,1.0,10.2,12.0,2.0,8.0,14,1.0,16.0,9
27228,7.0,12,30,1,1,2,1,1,1.0,10.6,12.0,2.0,8.0,14,1.0,16.0,32
27229,7.0,12,30,1,1,2,1,1,1.0,13.0,8.0,2.0,3.0,15,5.0,6.0,9
27230,7.0,10,30,1,1,2,1,1,1.0,12.0,6.0,2.0,7.0,7,1.0,11.0,341
27231,7.0,0,30,1,1,1,1,1,1.0,10.0,8.0,2.0,3.0,15,7.0,6.0,46
27232,7.0,20,30,1,1,1,1,1,805.0,77.2,7.0,2.0,2.0,15,7.0,1.0,9
27233,7.0,7,30,1,1,2,1,1,805.0,67.7,7.0,2.0,7.0,2,1.0,10.0,46
27234,7.0,16,30,1,1,2,1,1,805.0,30.8,7.0,2.0,8.0,14,1.0,16.0,31
27235,7.0,23,30,1,1,1,1,1,2.0,12.1,7.0,2.0,8.0,14,1.0,16.0,31
27239,7.0,4,30,1,1,1,1,1,2.0,16.8,7.0,2.0,2.0,15,4.0,1.0,9
27240,7.0,12,30,1,1,2,1,1,4607.0,9999.99,7.0,1.0,8.0,13,7.0,13.0,3
27241,7.0,20,30,1,1,1,1,1,1.0,31.0,9.0,1.0,3.0,15,8.0,12.0,31
27242,7.0,20,30,1,1,1,1,1,1.0,30.8,6.0,1.0,5.0,15,9.0,6.0,31
27243,7.0,5,30,1,1,1,1,1,805.0,90.3,7.0,2.0,8.0,13,9.0,11.0,31
27244,7.0,11,30,1,1,2,1,1,805.0,80.8,5.0,2.0,7.0,13,8.0,10.0,31
27245,7.0,19,30,1,1,1,1,1,805.0,86.6,7.0,2.0,3.0,15,7.0,1.0,9
27246,7.0,8,30,1,1,2,1,1,805.0,14.8,7.0,2.0,7.0,3,7.0,10.0,33
27247,7.0,20,30,1,1,1,1,1,1.0,51.0,9.0,1.0,2.0,15,4.0,1.0,82
27248,7.0,12,40,1,1,2,1,1,805.0,120.78,7.0,2.0,8.0,2,7.0,11.0,9
27249,7.0,18,40,1,1,2,1,1,805.0,128.8,7.0,2.0,3.0,15,8.0,1.0,3
27250,7.0,15,40,1,1,2,1,1,805.0,94.3,7.0,2.0,8.0,18,8.0,10.0,31
27252,7.0,7,40,1,1,2,1,1,805.0,128.4,7.0,2.0,7.0,2,6.0,20.0,31
27253,7.0,19,40,1,1,1,1,1,805.0,127.9,7.0,2.0,8.0,18,8.0,10.0,9
27254,7.0,7,40,1,1,2,1,1,805.0,130.15,7.0,2.0,8.0,18,8.0,10.0,9
27255,7.0,16,40,1,1,2,1,1,1.0,102.0,7.0,2.0,1.0,15,1.0,4.0,9
27257,7.0,12,40,1,1,2,1,1,1.0,115.0,7.0,1.0,3.0,15,7.0,1.0,82
27258,7.0,22,40,1,1,1,1,1,1.0,108.8,7.0,2.0,2.0,15,4.0,1.0,9
27260,7.0,1,40,1,1,1,1,1,410.0,11.0,6.0,1.0,8.0,13,7.0,11.0,9
27261,7.0,20,40,1,1,1,1,1,4404.0,2.0,5.0,1.0,2.0,15,4.0,1.0,31
27262,7.0,21,40,1,1,1,1,1,410.0,9.0,6.0,1.0,8.0,18,8.0,10.0,3
27264,7.0,14,40,1,1,2,1,1,410.0,4.0,6.0,1.0,8.0,18,7.0,11.0,32
27265,7.0,18,40,1,1,2,1,1,415.0,13.1,6.0,1.0,8.0,18,7.0,11.0,9
27266,7.0,14,40,1,1,2,1,1,1.0,71.1,7.0,1.0,3.0,15,8.0,1.0,21
27267,7.0,19,40,1,1,1,1,1,415.0,32.2,6.0,1.0,8.0,18,8.0,10.0,400
27268,7.0,2,40,1,1,1,1,1,1.0,73.8,7.0,1.0,8.0,18,7.0,11.0,9
27271,7.0,20,40,1,1,1,1,1,417.0,26.0,6.0,1.0,1.0,15,1.0,4.0,82
27272,7.0,11,40,1,1,2,1,1,417.0,25.0,7.0,1.0,3.0,15,8.0,1.0,33
27273,7.0,21,34,1,1,1,1,1,9999.0,89.17,1.0,2.0,8.0,14,1.0,1.0,32
27274,7.0,21,34,1,1,1,1,1,505.0,85.0,6.0,1.0,8.0,14,1.0,16.0,21
27277,7.0,15,34,1,1,2,1,1,6.0,306.0,6.0,1.0,3.0,15,3.0,21.0,32
27278,7.0,7,34,1,1,2,1,1,802.0,9999.99,7.0,2.0,8.0,3,8.0,10.0,21
27279,7.0,12,34,1,1,2,1,1,802.0,244.85,7.0,2.0,8.0,18,9.0,10.0,59
27280,7.0,16,34,1,1,2,1,1,5409.0,12.0,7.0,1.0,2.0,15,4.0,1.0,9
27281,7.0,15,34,1,1,2,1,1,5420.0,1.0,6.0,1.0,8.0,14,1.0,16.0,9
27282,7.0,10,34,1,1,2,1,1,6.0,291.0,8.0,1.0,2.0,15,4.0,1.0,21
27283,7.0,14,34,1,1,2,1,1,5420.0,14.0,6.0,1.0,8.0,14,1.0,16.0,341
27288,7.0,14,34,1,1,2,1,1,508.0,76.8,14.0,1.0,8.0,14,1.0,16.0,40
27290,7.0,18,34,1,1,2,1,1,9999.0,107.3,6.0,2.0,2.0,15,4.0,1.0,9
27291,7.0,10,34,1,1,2,1,1,6.0,301.5,6.0,1.0,8.0,14,1.0,16.0,21
27292,7.0,12,34,1,1,2,1,1,5409.0,16.0,7.0,1.0,3.0,15,2.0,1.0,46
27293,7.0,12,34,1,1,2,1,1,5409.0,22.0,7.0,1.0,3.0,15,7.0,1.0,32
27294,7.0,16,34,1,1,2,1,1,5407.0,8.5,7.0,1.0,8.0,13,1.0,11.0,3
27295,7.0,20,34,1,1,1,1,1,5407.0,6.4,7.0,1.0,3.0,15,3.0,1.0,9
27296,7.0,10,34,2,1,2,1,1,5426.0,2.0,6.0,1.0,2.0,15,4.0,1.0,31
27297,7.0,11,34,1,1,2,1,1,5409.0,13.8,7.0,1.0,2.0,15,4.0,1.0,32
27299,7.0,11,34,1,1,2,1,1,5409.0,17.2,7.0,1.0,3.0,15,3.0,1.0,32
27300,7.0,18,36,1,1,2,1,1,2.0,55.02,8.0,1.0,8.0,13,9.0,1.0,21