NUM_ACC,MOIS_ACC,HEU_ACC,COD_PRV,COD_ETA_CHA,COD_ETA_SUR,COD_LUM,COD_INT,TYP_LIE_ACC,NUM_ROU,PKM,LAR_CHA,COD_TYP_CHA,COD_TYP_COL,COD_OBS_HRT,COD_POI_CHO,COD_MAN,CIR_ACC
27301,7.0,9,36,1,1,2,1,1,16.0,84.0,8.0,1.0,3.0,15,2.0,4.0,3
27302,7.0,1,36,1,1,1,1,1,807.0,16.4,1.0,2.0,2.0,15,1.0,1.0,9
27303,7.0,4,36,1,1,1,1,1,2.0,28.3,8.0,1.0,8.0,13,9.0,1.0,9
27304,7.0,22,9,1,1,1,1,1,419.0,44.5,5.0,1.0,8.0,13,9.0,1.0,9
27306,7.0,17,52,1,1,2,1,1,13.0,86.5,8.0,1.0,1.0,15,1.0,4.0,31
27308,7.0,5,36,1,1,1,1,1,16.0,105.2,8.0,1.0,8.0,13,9.0,1.0,31
27309,7.0,1,52,1,1,1,1,1,13.0,82.0,8.0,1.0,8.0,13,9.0,1.0,31
27310,7.0,22,36,1,1,1,1,1,16.0,92.2,8.0,1.0,1.0,15,1.0,4.0,32
27311,7.0,1,36,1,1,1,1,1,16.0,115.3,8.0,1.0,1.0,15,1.0,4.0,21
27312,7.0,18,36,1,1,2,1,1,16.0,122.0,8.0,1.0,8.0,13,9.0,1.0,9
27314,7.0,22,36,1,1,1,1,1,16.0,90.2,8.0,1.0,3.0,15,6.0,7.0,36
27316,7.0,22,52,1,1,1,1,1,4101.0,9999.99,5.0,1.0,1.0,15,1.0,4.0,33
27317,7.0,6,52,1,1,2,1,1,13.0,107.5,8.0,1.0,1.0,15,1.0,4.0,341
27318,7.0,13,52,1,1,2,1,1,408.0,77.7,6.0,1.0,8.0,13,9.0,1.0,21
27319,7.0,11,9,1,1,2,1,1,16.0,229.0,8.0,1.0,1.0,15,1.0,4.0,31
27323,7.0,8,36,1,1,2,1,1,16.0,107.8,8.0,1.0,1.0,15,1.0,4.0,9
27324,7.0,16,36,1,1,2,1,1,9999.0,3.0,4.0,1.0,1.0,15,1.0,1.0,21
27326,7.0,15,36,1,1,2,1,1,2.0,40.3,8.0,1.0,8.0,13,9.0,1.0,3
27327,7.0,12,36,1,1,2,1,1,2.0,45.5,8.0,1.0,8.0,13,9.0,1.0,9
27328,7.0,15,36,1,1,2,1,1,2.0,42.5,8.0,2.0,8.0,13,9.0,1.0,21
27329,7.0,14,70,1,1,2,1,1,16.0,59.2,8.0,1.0,8.0,13,9.0,1.0,430
27330,7.0,15,36,1,1,2,1,1,9999.0,36.5,5.0,1.0,3.0,15,8.0,4.0,21
27331,7.0,22,36,1,1,1,1,1,16.0,121.1,8.0,1.0,3.0,15,7.0,4.0,9
27332,7.0,12,36,1,1,2,1,1,16.0,95.5,8.0,1.0,3.0,15,8.0,4.0,9
27336,7.0,16,36,1,1,2,1,1,16.0,119.5,8.0,1.0,3.0,15,7.0,4.0,21
27337,7.0,11,36,1,1,2,1,1,9999.0,40.0,2.0,1.0,3.0,15,3.0,1.0,31
27338,7.0,23,36,1,1,1,1,1,9999.0,40.0,6.0,1.0,7.0,15,4.0,1.0,3
27339,7.0,20,36,1,1,1,1,1,16.0,122.0,8.0,1.0,3.0,15,8.0,4.0,5
27340,7.0,8,36,1,1,2,1,1,16.0,122.0,8.0,1.0,8.0,13,9.0,1.0,9
27341,7.0,19,36,1,1,1,1,1,16.0,108.1,8.0,1.0,1.0,15,1.0,4.0,9
27342,7.0,15,36,1,1,2,1,1,16.0,121.8,8.0,1.0,3.0,15,2.0,4.0,9
27343,7.0,22,36,1,1,1,1,1,2.0,62.5,8.0,1.0,8.0,13,9.0,1.0,9
27344,7.0,14,36,1,1,2,1,1,417.0,9999.99,6.0,1.0,8.0,6,9.0,1.0,3
27346,7.0,19,69,1,1,1,1,1,4703.0,9999.99,4.0,1.0,8.0,13,9.0,1.0,9
27347,7.0,20,36,1,1,1,1,1,807.0,14.2,10.0,2.0,2.0,15,4.0,1.0,33
27348,7.0,15,36,1,1,2,1,1,807.0,24.0,10.0,2.0,8.0,2,1.0,1.0,82
27349,7.0,9,36,1,1,2,1,1,2.0,25.8,8.0,1.0,8.0,13,9.0,1.0,38
27350,7.0,10,36,1,1,2,1,1,2.0,26.4,8.0,1.0,3.0,15,2.0,4.0,9
27351,7.0,16,36,1,1,2,1,1,2.0,36.2,8.0,1.0,2.0,15,4.0,1.0,9
27352,7.0,19,36,1,1,1,1,1,2.0,86.0,6.0,1.0,3.0,15,8.0,4.0,21
27353,7.0,7,36,1,1,2,1,1,2.0,92.9,6.0,1.0,8.0,18,7.0,11.0,9
27354,7.0,12,36,1,1,2,1,1,16.0,85.9,8.0,1.0,4.0,15,4.0,1.0,430
27356,7.0,12,36,1,1,2,1,1,16.0,91.2,8.0,1.0,2.0,15,6.0,1.0,21
27359,7.0,19,36,1,1,1,1,1,2.0,82.7,6.0,1.0,3.0,15,7.0,11.0,9
27360,7.0,9,36,1,1,2,1,1,2.0,96.3,6.0,1.0,8.0,18,8.0,10.0,9
27361,7.0,17,36,1,1,2,1,1,2.0,83.4,6.0,1.0,8.0,18,7.0,11.0,71
27362,7.0,15,36,1,1,2,1,1,2.0,76.6,6.0,1.0,8.0,18,8.0,10.0,82
27363,7.0,12,36,1,1,2,1,1,2.0,82.9,6.0,1.0,8.0,18,8.0,10.0,9
27364,7.0,16,36,1,1,2,1,1,2.0,90.9,6.0,1.0,2.0,15,4.0,1.0,32
27365,7.0,15,52,1,1,2,1,1,13.0,107.3,8.0,1.0,2.0,15,4.0,1.0,9
27366,7.0,20,52,1,1,1,1,1,408.0,28.0,6.0,1.0,8.0,13,9.0,1.0,31
27367,7.0,17,36,1,1,2,1,1,2.0,90.0,6.0,1.0,1.0,15,1.0,4.0,3
27368,7.0,20,36,1,1,1,1,1,2.0,81.5,6.0,1.0,4.0,15,4.0,1.0,21
27370,7.0,9,52,1,1,2,1,1,408.0,38.1,5.0,1.0,2.0,15,4.0,1.0,38
27371,7.0,12,52,1,1,2,1,1,408.0,9999.99,5.0,1.0,3.0,15,3.0,1.0,9
27373,7.0,12,9,1,1,2,1,1,2.0,108.7,8.0,1.0,3.0,15,2.0,7.0,38
27374,7.0,13,9,1,1,2,1,1,412.0,2.2,6.0,1.0,8.0,13,9.0,1.0,9
27375,7.0,14,9,1,1,2,1,1,2.0,105.2,8.0,1.0,3.0,15,7.0,4.0,9
27377,7.0,20,52,1,1,1,1,1,408.0,88.2,6.0,1.0,8.0,13,9.0,1.0,9
27378,7.0,23,52,1,1,1,1,1,408.0,96.0,6.0,1.0,1.0,15,3.0,4.0,99
27380,7.0,17,52,1,1,2,1,1,4104.0,33.3,5.0,1.0,2.0,15,4.0,1.0,21
27381,7.0,8,9,1,1,2,1,1,2.0,157.4,8.0,1.0,8.0,13,9.0,1.0,71
27382,7.0,8,9,1,1,2,1,1,2.0,160.0,8.0,1.0,3.0,15,3.0,4.0,21
27383,7.0,16,9,1,1,2,1,1,16.0,189.9,8.0,1.0,8.0,13,9.0,1.0,9
27384,7.0,18,9,1,1,2,1,1,412.0,10.2,8.0,1.0,8.0,13,9.0,1.0,3
27385,7.0,13,9,1,1,2,1,1,2.0,132.1,8.0,1.0,3.0,15,7.0,4.0,96
27386,7.0,18,70,2,1,2,3,1,13.0,16.2,8.0,1.0,2.0,15,4.0,1.0,430
27387,7.0,15,9,1,1,2,1,1,2.0,154.0,7.0,1.0,7.0,15,5.0,4.0,82
27388,7.0,14,52,1,1,2,1,1,4104.0,5.9,5.0,1.0,8.0,13,9.0,1.0,53
27389,7.0,17,52,1,1,2,1,1,4571.0,9999.99,4.0,1.0,8.0,13,9.0,1.0,21
27390,7.0,17,9,1,1,2,1,1,16.0,135.0,8.0,1.0,8.0,13,9.0,1.0,3
27391,7.0,16,9,1,1,2,1,1,16.0,158.3,8.0,1.0,8.0,13,9.0,1.0,9
27393,7.0,17,9,1,1,2,1,1,16.0,158.3,8.0,1.0,8.0,13,9.0,1.0,9
27394,7.0,17,9,1,1,2,1,1,16.0,128.2,8.0,1.0,2.0,15,4.0,1.0,9
28001,8.0,0,45,1,1,1,1,1,1007.0,9999.99,5.0,1.0,1.0,15,1.0,18.0,9
28003,8.0,23,37,1,1,1,1,1,1909.0,6.4,6.0,1.0,1.0,15,1.0,1.0,9
28004,8.0,16,2,1,1,2,1,1,9999.0,9999.99,7.0,1.0,3.0,15,4.0,1.0,9
28005,8.0,12,45,1,1,2,1,1,1.0,918.5,9.0,1.0,8.0,14,1.0,16.0,21
28006,8.0,12,45,1,1,2,1,1,105.0,13.3,8.0,1.0,3.0,15,1.0,1.0,341
28007,8.0,2,45,1,1,1,1,1,1014.0,10.2,6.0,1.0,8.0,18,9.0,18.0,9
28008,8.0,1,45,1,1,1,1,1,1014.0,10.2,6.0,1.0,8.0,18,9.0,18.0,3
28009,8.0,11,2,1,1,2,1,1,10.0,95.4,9.0,1.0,8.0,18,9.0,1.0,9
28010,8.0,9,2,1,1,2,1,1,9999.0,9999.99,9.0,1.0,2.0,18,1.0,1.0,9
28012,8.0,21,45,1,1,1,1,1,105.0,18.2,8.0,1.0,3.0,15,3.0,4.0,400
28017,8.0,22,45,1,1,1,1,1,1.0,918.8,9.0,1.0,2.0,14,1.0,1.0,9
28020,8.0,21,37,1,1,1,1,1,1909.0,14.2,6.0,1.0,8.0,18,9.0,1.0,9
28021,8.0,23,2,1,1,1,1,1,1705.0,4.6,7.0,1.0,8.0,15,1.0,4.0,21
28031,8.0,19,2,1,1,1,1,1,1731.0,9999.99,8.0,1.0,3.0,15,8.0,1.0,9
28036,8.0,21,45,1,1,1,1,1,1.0,915.5,8.0,1.0,2.0,15,4.0,1.0,9
28037,8.0,9,45,1,1,2,1,1,1.0,916.4,9.0,1.0,8.0,7,1.0,18.0,9
28039,8.0,6,45,1,1,2,1,1,1.0,925.5,9.0,1.0,8.0,14,1.0,16.0,82
28040,8.0,21,45,1,1,1,1,1,1.0,926.9,9.0,1.0,2.0,15,1.0,1.0,40
28042,8.0,13,45,1,1,2,1,1,105.0,18.2,8.0,1.0,8.0,18,2.0,4.0,40
28043,8.0,14,45,1,1,2,1,1,105.0,36.5,8.0,1.0,8.0,18,9.0,18.0,40
28044,8.0,13,45,1,1,2,1,1,105.0,90.4,6.0,1.0,3.0,18,2.0,4.0,3
28045,8.0,0,45,1,1,1,1,1,1018.0,9999.99,6.0,1.0,3.0,18,2.0,13.0,38
28047,8.0,15,45,1,1,2,1,1,1018.0,9999.99,6.0,1.0,3.0,15,2.0,15.0,3
28048,8.0,19,45,1,1,1,1,1,1016.0,9999.99,6.0,1.0,8.0,14,1.0,16.0,9
28050,8.0,20,45,1,1,1,1,1,1.0,908.0,10.0,1.0,8.0,18,9.0,18.0,21
28055,8.0,11,45,1,1,2,1,1,1014.0,18.2,9.0,1.0,8.0,15,4.0,18.0,21
28056,8.0,11,45,1,1,2,1,1,1.0,905.3,9.0,1.0,8.0,15,3.0,18.0,21
28057,8.0,21,45,1,1,1,1,1,1.0,910.2,9.0,1.0,2.0,15,4.0,18.0,9
28059,8.0,22,45,1,1,1,1,1,1014.0,19.1,9.0,1.0,3.0,15,2.0,4.0,32
28063,8.0,22,45,1,1,1,1,1,1014.0,10.2,6.0,1.0,8.0,14,1.0,18.0,82
28064,8.0,21,45,1,1,1,1,1,1014.0,10.5,6.0,1.0,8.0,18,9.0,18.0,9
28065,8.0,19,45,1,1,1,1,1,1014.0,10.2,6.0,1.0,8.0,14,1.0,18.0,3
28068,8.0,20,45,1,1,1,1,1,1.0,914.2,9.0,1.0,3.0,15,4.0,18.0,38
28069,8.0,15,45,1,1,2,1,1,1014.0,10.6,6.0,1.0,2.0,15,4.0,1.0,9
28072,8.0,23,2,1,1,1,1,1,1733.0,9999.99,7.0,1.0,8.0,15,7.0,4.0,9
28077,8.0,23,2,1,1,1,1,1,10.0,9999.99,9.0,1.0,8.0,18,9.0,1.0,3
28082,8.0,20,2,1,1,1,1,1,10.0,9999.99,9.0,1.0,8.0,14,1.0,16.0,3
28086,8.0,7,2,1,1,2,1,1,1718.0,9999.99,9.0,1.0,8.0,18,9.0,1.0,9
28089,8.0,13,2,1,1,2,1,1,10.0,193.2,7.0,1.0,3.0,15,8.0,1.0,46
28090,8.0,8,2,1,1,2,1,1,10.0,203.5,6.0,1.0,2.0,15,8.0,1.0,9
28091,8.0,13,2,1,1,2,1,1,10.0,212.0,6.0,1.0,4.0,15,4.0,1.0,9
28092,8.0,19,2,1,1,1,1,1,1743.0,34.2,6.0,1.0,8.0,13,9.0,1.0,9
28093,8.0,11,2,1,1,2,1,1,10.0,9999.99,9.0,1.0,3.0,15,6.0,1.0,31
28099,8.0,17,2,1,1,2,1,1,1010.0,9999.99,8.0,1.0,3.0,14,8.0,1.0,341
28105,8.0,17,2,1,1,2,1,1,10.0,198.8,9.0,1.0,3.0,15,1.0,1.0,9
28109,8.0,14,37,1,1,2,1,1,1905.0,25.4,5.0,1.0,3.0,15,2.0,1.0,9
28110,8.0,22,37,1,1,1,1,1,104.0,61.4,6.0,1.0,8.0,18,9.0,1.0,9
28111,8.0,21,37,1,1,1,1,1,104.0,62.4,5.0,1.0,3.0,15,2.0,1.0,46
28112,8.0,10,37,1,1,2,1,1,104.0,48.7,6.0,1.0,8.0,18,9.0,1.0,33
28113,8.0,13,37,1,1,2,1,1,1909.0,14.5,6.0,1.0,3.0,15,2.0,1.0,33
28114,8.0,13,37,1,1,2,1,1,1909.0,12.2,6.0,1.0,3.0,15,2.0,1.0,9
28115,8.0,7,45,2,1,2,1,1,1009.0,9.95,6.0,1.0,1.0,15,1.0,4.0,21
28117,8.0,22,37,1,1,1,1,1,104.0,130.6,5.0,1.0,8.0,18,9.0,1.0,9
28121,8.0,15,37,1,1,2,1,1,1.0,986.2,6.0,1.0,3.0,15,2.0,1.0,3
28122,8.0,19,37,1,1,1,1,1,1.0,975.6,6.0,1.0,3.0,15,3.0,1.0,9
28123,8.0,20,37,1,1,1,1,1,1.0,982.9,6.0,1.0,8.0,18,9.0,1.0,9
28124,8.0,17,37,1,1,2,1,1,1.0,959.7,6.0,1.0,3.0,18,4.0,1.0,82
28125,8.0,9,37,1,1,2,1,1,104.0,140.9,5.0,1.0,7.0,15,9.0,1.0,71
28126,8.0,23,37,1,1,1,1,1,1910.0,20.6,6.0,1.0,3.0,14,1.0,1.0,21
28128,8.0,22,37,1,1,1,1,1,104.0,137.0,6.0,1.0,8.0,18,9.0,1.0,21
28129,8.0,15,37,1,1,2,1,1,104.0,168.1,6.0,1.0,8.0,18,9.0,1.0,21
28130,8.0,16,37,1,1,2,1,1,104.0,178.8,6.0,1.0,3.0,15,2.0,1.0,21
28131,8.0,19,37,1,1,1,1,1,104.0,163.2,6.0,1.0,8.0,14,1.0,1.0,31
28132,8.0,3,37,1,1,1,1,1,104.0,82.2,6.0,1.0,8.0,18,9.0,1.0,9
28133,8.0,22,37,1,1,1,1,1,104.0,92.2,6.0,1.0,3.0,15,3.0,1.0,82
28139,8.0,18,33,1,1,2,1,1,1803.0,4.0,6.0,1.0,7.0,15,1.0,18.0,21
28147,8.0,19,41,1,1,1,1,1,1.0,827.5,6.0,1.0,4.0,15,1.0,1.0,21
28149,8.0,18,41,1,1,2,1,1,1.0,826.0,6.0,1.0,3.0,15,2.0,1.0,38
28150,8.0,19,41,1,1,1,1,1,1000.0,8.0,4.0,1.0,1.0,15,1.0,4.0,53
28152,8.0,21,41,1,1,1,1,1,1000.0,8.0,4.0,1.0,8.0,13,9.0,1.0,21
28158,8.0,17,41,1,1,2,1,1,1010.0,9999.99,6.0,1.0,2.0,15,4.0,1.0,9
28160,8.0,6,41,1,1,2,1,1,1010.0,9999.99,1.0,1.0,2.0,18,1.0,1.0,32
28165,8.0,20,41,1,1,1,1,1,1010.0,9999.99,8.0,1.0,7.0,15,9.0,16.0,55
28171,8.0,8,41,1,1,2,1,1,9999.0,9999.99,7.0,2.0,8.0,18,9.0,10.0,21
28173,8.0,11,2,1,1,2,1,1,803.0,399.0,7.0,1.0,3.0,15,1.0,1.0,82
28176,8.0,0,2,1,1,1,1,1,803.0,400.0,7.0,2.0,2.0,15,2.0,1.0,9
28182,8.0,20,41,1,1,1,1,1,1.0,840.9,10.0,1.0,2.0,15,4.0,1.0,21
28183,8.0,13,41,1,1,2,1,1,1.0,841.2,10.0,1.0,3.0,15,8.0,2.0,409
28188,8.0,14,41,1,1,2,1,1,1.0,841.1,10.0,1.0,3.0,15,7.0,1.0,9
28189,8.0,22,41,1,1,1,1,1,1.0,840.2,10.0,1.0,7.0,14,7.0,16.0,32
28190,8.0,7,41,1,1,2,1,1,1.0,843.2,10.0,1.0,7.0,12,1.0,1.0,59
28191,8.0,8,41,1,1,2,1,1,1.0,841.0,10.0,1.0,3.0,15,8.0,1.0,341
28197,8.0,18,41,1,1,2,1,1,1.0,841.2,10.0,1.0,1.0,15,1.0,2.0,21
28202,8.0,20,41,1,1,1,1,1,9999.0,9999.99,10.0,1.0,1.0,14,1.0,1.0,9
28205,8.0,23,37,1,1,1,1,1,107.0,54.0,6.0,1.0,7.0,14,9.0,16.0,9
28206,8.0,20,33,1,1,1,1,1,102.0,97.5,6.0,1.0,8.0,13,9.0,18.0,9
28207,8.0,13,33,2,1,2,9,1,9999.0,20.0,4.0,1.0,7.0,14,5.0,18.0,82
28209,8.0,9,64,1,1,2,1,1,105.0,2.3,12.0,1.0,3.0,15,7.0,1.0,32
28210,8.0,16,64,1,1,2,1,1,105.0,7.5,12.0,1.0,3.0,15,7.0,1.0,21
28211,8.0,21,64,1,1,1,1,1,105.0,2.4,12.0,1.0,3.0,14,8.0,16.0,46
28213,8.0,1,64,1,1,1,1,1,105.0,6.0,12.0,1.0,2.0,15,4.0,17.0,55
28214,8.0,22,64,1,1,1,1,1,105.0,8.5,12.0,1.0,4.0,15,4.0,17.0,48
28215,8.0,22,64,1,1,1,1,1,105.0,8.5,12.0,1.0,4.0,15,4.0,18.0,430
28217,8.0,11,64,1,1,2,1,1,105.0,7.0,12.0,1.0,3.0,15,8.0,1.0,9
28219,8.0,19,64,1,1,1,1,1,105.0,7.0,12.0,1.0,3.0,14,7.0,16.0,21
28220,8.0,10,64,1,1,2,1,1,105.0,6.5,12.0,1.0,3.0,15,7.0,1.0,38
28222,8.0,23,64,1,1,1,1,1,9999.0,19.3,12.0,1.0,2.0,15,4.0,17.0,3
28223,8.0,14,64,1,1,2,1,1,9999.0,26.5,12.0,1.0,3.0,15,7.0,1.0,3
28224,8.0,21,64,1,1,1,1,1,9999.0,19.0,12.0,1.0,2.0,15,4.0,1.0,21
28225,8.0,21,64,1,1,1,1,1,9999.0,20.1,12.0,1.0,3.0,15,8.0,1.0,9
28227,8.0,12,64,1,1,2,1,1,9999.0,26.5,12.0,1.0,3.0,15,7.0,16.0,9
28228,8.0,0,64,1,1,1,1,1,9999.0,19.0,12.0,1.0,3.0,15,7.0,1.0,402
28229,8.0,22,64,1,1,1,1,1,9999.0,27.2,12.0,1.0,3.0,15,7.0,1.0,21
28230,8.0,20,64,1,1,1,1,1,9999.0,9999.99,12.0,1.0,3.0,15,7.0,1.0,9
28231,8.0,20,64,1,1,1,1,1,9999.0,18.4,12.0,1.0,3.0,14,7.0,16.0,9
28234,8.0,10,45,1,1,2,1,1,1.0,900.3,7.0,1.0,3.0,15,2.0,1.0,5
28235,8.0,16,2,1,1,2,1,1,10.0,61.25,7.0,2.0,3.0,15,1.0,5.0,3
28236,8.0,15,2,1,1,2,1,1,10.0,58.9,12.0,2.0,2.0,15,4.0,1.0,9
28237,8.0,17,2,1,1,2,1,1,10.0,52.4,7.0,2.0,8.0,18,2.0,1.0,3
28240,8.0,8,45,1,1,2,1,1,1009.0,20.3,6.0,1.0,7.0,15,8.0,8.0,341
28243,8.0,16,40,1,1,2,1,1,805.0,130.15,7.0,2.0,7.0,14,1.0,16.0,9
28245,8.0,23,40,1,1,1,1,1,1.0,97.4,8.0,2.0,2.0,15,4.0,1.0,31
28246,8.0,23,30,1,1,1,1,1,4602.0,9999.99,6.0,1.0,8.0,13,9.0,9.0,38
28249,8.0,23,30,1,1,1,1,1,4603.0,9999.99,9.0,1.0,3.0,15,8.0,9.0,9
28251,8.0,7,30,1,1,2,1,1,4600.0,9999.99,11.0,1.0,3.0,15,8.0,1.0,9
28253,8.0,0,30,1,1,1,1,1,4603.0,9999.99,7.0,1.0,1.0,15,1.0,4.0,9
28255,8.0,17,30,2,1,2,2,1,1.0,22.0,9.0,1.0,3.0,15,8.0,6.0,21
28258,8.0,21,30,1,1,1,1,1,1.0,21.0,12.0,1.0,2.0,15,4.0,1.0,430
28259,8.0,16,30,1,1,2,1,1,1.0,18.8,9.0,1.0,8.0,14,1.0,16.0,9
28260,8.0,22,30,1,1,1,1,1,4602.0,9999.99,9.0,1.0,8.0,13,7.0,11.0,53
28261,8.0,23,30,1,1,1,1,1,9999.0,9999.99,15.0,1.0,1.0,15,1.0,10.0,9
28262,8.0,9,30,1,1,2,1,1,1.0,10.5,16.0,2.0,8.0,14,1.0,16.0,9
28263,8.0,8,40,1,1,2,1,1,805.0,129.8,7.0,2.0,8.0,18,7.0,1.0,21
28264,8.0,13,40,1,1,2,1,1,805.0,98.64,7.0,2.0,4.0,1,4.0,1.0,9
28267,8.0,23,40,1,1,1,1,1,805.0,97.5,7.0,2.0,2.0,15,4.0,1.0,21
28269,8.0,0,40,1,1,1,1,1,805.0,134.13,7.0,2.0,2.0,18,4.0,1.0,9
28270,8.0,12,40,1,1,2,1,1,805.0,95.3,7.0,2.0,4.0,15,8.0,17.0,21
28273,8.0,8,69,1,1,2,1,1,16.0,25.0,7.0,1.0,8.0,13,9.0,8.0,46
28274,8.0,14,69,2,1,2,1,1,4701.0,9999.99,6.0,1.0,3.0,15,8.0,6.0,9
28275,8.0,13,69,1,1,2,1,1,16.0,35.2,7.0,1.0,4.0,15,4.0,1.0,38
28276,8.0,13,69,1,1,2,1,1,16.0,29.0,7.0,1.0,1.0,1,1.0,10.0,341
28277,8.0,21,69,1,1,1,1,1,16.0,27.8,6.0,2.0,3.0,15,8.0,1.0,82
28278,8.0,18,69,1,1,2,1,1,16.0,33.8,8.0,1.0,3.0,15,4.0,6.0,21
28279,8.0,12,69,1,1,2,1,1,4701.0,9999.99,7.0,1.0,3.0,15,8.0,4.0,9
28280,8.0,16,69,1,1,2,1,1,16.0,45.2,7.0,1.0,2.0,15,4.0,1.0,46
28281,8.0,16,69,1,1,2,1,1,16.0,13.2,12.0,1.0,1.0,15,1.0,12.0,3
28282,8.0,9,40,1,1,2,1,1,4402.0,1.5,6.0,1.0,2.0,15,4.0,1.0,9
28285,8.0,13,40,1,1,2,1,1,4702.0,27.0,5.0,1.0,8.0,14,1.0,16.0,21
28288,8.0,22,40,1,1,1,1,1,415.0,7.0,6.0,1.0,7.0,14,1.0,1.0,9
28289,8.0,22,40,1,1,1,1,1,415.0,11.6,6.0,1.0,3.0,15,8.0,1.0,9
28291,8.0,0,30,1,1,1,1,1,805.0,78.2,7.0,2.0,2.0,15,4.0,1.0,9
28292,8.0,10,30,1,1,2,1,1,805.0,81.9,7.0,2.0,4.0,15,9.0,1.0,409
28293,8.0,18,30,1,1,2,1,1,805.0,84.1,7.0,2.0,1.0,15,1.0,4.0,9
28296,8.0,14,30,1,1,2,1,1,1.0,19.0,9.0,1.0,3.0,15,3.0,6.0,31
28297,8.0,16,30,1,1,2,1,1,9999.0,9999.99,9.0,1.0,1.0,15,1.0,4.0,31
28301,8.0,17,40,1,1,2,1,1,415.0,27.0,6.0,1.0,8.0,15,4.0,1.0,9
28305,8.0,21,40,1,1,1,1,1,1.0,72.0,7.0,1.0,7.0,14,1.0,1.0,400
28310,8.0,18,30,1,1,2,1,1,1.0,12.0,11.0,2.0,2.0,15,4.0,1.0,21
28311,8.0,6,30,1,1,2,1,1,1.0,9999.99,10.0,2.0,7.0,9,1.0,8.0,3
28312,8.0,22,30,1,1,1,1,1,1.0,12.2,10.0,2.0,8.0,14,1.0,16.0,3
28313,8.0,14,30,1,1,2,1,1,1.0,11.5,9.0,2.0,8.0,14,1.0,16.0,21
28314,8.0,12,30,1,1,2,1,1,1.0,10.5,9.0,2.0,8.0,14,1.0,6.0,9
28315,8.0,12,30,1,1,2,1,1,1.0,13.2,9.0,2.0,3.0,15,7.0,1.0,9
28316,8.0,0,30,1,1,1,1,1,805.0,65.6,7.0,2.0,2.0,15,6.0,1.0,21
28317,8.0,16,30,1,2,2,1,1,805.0,9999.99,10.0,2.0,8.0,14,1.0,16.0,21
28318,8.0,16,30,1,1,2,1,1,2.0,11.3,7.0,2.0,2.0,15,4.0,1.0,21
28319,8.0,20,69,1,1,1,1,1,4613.0,9999.99,7.0,1.0,8.0,13,9.0,10.0,31
28320,8.0,13,36,1,1,2,1,1,2.0,23.4,8.0,2.0,3.0,15,2.0,1.0,32
28322,8.0,10,30,1,1,2,1,1,2.0,18.6,8.0,2.0,1.0,13,9.0,11.0,9
28323,8.0,18,69,1,1,2,1,1,16.0,55.0,7.0,2.0,7.0,13,9.0,9.0,9
28324,8.0,17,30,2,1,2,1,1,9999.0,9999.99,7.0,1.0,3.0,15,7.0,6.0,9
28326,8.0,15,30,1,1,2,1,1,16.0,12.3,7.0,1.0,3.0,15,8.0,4.0,21
28329,8.0,17,30,1,1,2,1,1,805.0,88.5,7.0,1.0,8.0,13,9.0,11.0,406
28330,8.0,21,3,1,1,1,1,1,5202.0,9999.99,5.0,1.0,8.0,11,1.0,18.0,32
28331,8.0,20,3,1,1,1,1,1,5211.0,4.0,8.0,2.0,5.0,15,9.0,18.0,48
28332,8.0,19,3,1,1,1,1,1,5211.0,9999.99,8.0,2.0,2.0,15,1.0,18.0,55
28333,8.0,14,3,1,1,2,1,1,2.0,314.4,10.0,1.0,8.0,18,9.0,18.0,88
28335,8.0,15,3,1,1,2,1,1,2.0,315.4,10.0,1.0,1.0,15,1.0,18.0,9
28337,8.0,23,3,1,1,1,1,1,2.0,317.4,7.0,2.0,3.0,15,1.0,18.0,38
28340,8.0,13,3,1,1,2,1,1,2.0,340.0,9.0,2.0,3.0,15,8.0,16.0,400
28343,8.0,19,3,1,1,1,1,1,5209.0,9.0,6.0,1.0,7.0,15,8.0,18.0,9
28344,8.0,14,55,1,1,2,1,1,16.0,306.2,7.0,1.0,8.0,14,1.0,18.0,9
28345,8.0,11,3,1,1,2,1,1,2.0,307.0,14.0,1.0,3.0,15,1.0,18.0,53
28346,8.0,22,3,1,1,1,1,1,2.0,307.0,14.0,1.0,3.0,15,8.0,15.0,50
28347,8.0,22,3,1,1,1,1,1,16.0,284.5,7.0,1.0,5.0,15,9.0,18.0,53
28348,8.0,6,35,1,1,2,1,1,509.0,13.0,15.0,1.0,3.0,14,9.0,1.0,53
28352,8.0,14,9,1,1,2,1,1,16.0,251.9,15.0,1.0,3.0,18,7.0,8.0,9
28354,8.0,21,10,1,1,1,1,1,801.0,138.2,7.0,2.0,8.0,13,9.0,11.0,9
28355,8.0,16,58,1,1,2,1,1,3430.0,0.7,5.0,1.0,1.0,15,1.0,14.0,31
28356,8.0,20,10,1,1,1,1,1,3423.0,4.2,8.0,1.0,8.0,14,1.0,16.0,9
28358,8.0,10,10,1,1,2,1,1,316.0,4.3,6.0,1.0,8.0,14,3.0,16.0,38
28360,8.0,11,58,1,1,2,1,1,202.0,103.1,7.0,1.0,2.0,15,4.0,1.0,46
28361,8.0,22,10,1,1,1,1,1,3453.0,9999.99,5.0,1.0,1.0,15,1.0,14.0,21
28362,8.0,22,58,1,1,1,1,1,7.0,38.8,8.0,1.0,8.0,14,3.0,16.0,9
28364,8.0,17,10,1,1,2,1,1,3461.0,3.5,5.0,1.0,2.0,15,4.0,1.0,21
28366,8.0,6,10,1,1,2,1,1,3422.0,9999.99,5.0,1.0,1.0,15,1.0,14.0,21