NUM_ACC,MOIS_ACC,HEU_ACC,COD_PRV,COD_ETA_CHA,COD_ETA_SUR,COD_LUM,COD_INT,TYP_LIE_ACC,NUM_ROU,PKM,LAR_CHA,COD_TYP_CHA,COD_TYP_COL,COD_OBS_HRT,COD_POI_CHO,COD_MAN,CIR_ACC
29170,8.0,5,28,1,1,1,1,1,3612.0,36.0,5.0,1.0,3.0,15,8.0,4.0,50
29171,8.0,21,54,1,1,1,1,1,9.0,55.5,7.0,1.0,2.0,15,4.0,1.0,9
29172,8.0,12,54,1,1,2,1,1,11.0,57.4,8.0,1.0,3.0,15,8.0,4.0,53
29173,8.0,23,54,1,1,1,1,1,318.0,84.0,7.0,1.0,8.0,14,1.0,16.0,9
29174,8.0,21,54,1,1,1,1,1,3602.0,13.2,7.0,1.0,8.0,14,8.0,18.0,9
29175,8.0,23,54,1,1,1,1,1,318.0,62.0,7.0,1.0,8.0,13,9.0,10.0,9
29176,8.0,20,54,1,1,1,1,1,303.0,29.2,8.0,1.0,7.0,15,8.0,4.0,9
29177,8.0,23,10,1,1,1,1,1,318.0,34.2,7.0,1.0,8.0,13,9.0,10.0,9
29178,8.0,17,54,1,1,2,1,1,318.0,9999.99,7.0,1.0,7.0,15,7.0,14.0,40
29179,8.0,18,54,1,1,2,1,1,318.0,65.7,7.0,1.0,8.0,13,9.0,11.0,32
29180,8.0,19,54,1,1,1,1,1,318.0,35.2,7.0,1.0,8.0,13,9.0,11.0,31
29182,8.0,21,54,1,1,1,1,1,3601.0,25.1,7.0,1.0,8.0,14,7.0,16.0,400
29183,8.0,10,54,1,1,2,1,1,3601.0,19.6,7.0,1.0,3.0,15,8.0,14.0,9
29184,8.0,12,54,1,1,2,1,1,318.0,49.0,7.0,1.0,8.0,14,8.0,16.0,50
29185,8.0,19,54,1,1,1,1,1,318.0,61.1,7.0,1.0,8.0,13,9.0,11.0,406
29186,8.0,21,54,1,1,1,1,1,3601.0,10.8,7.0,1.0,2.0,15,4.0,1.0,32
29187,8.0,22,54,1,1,1,1,1,318.0,48.4,7.0,1.0,7.0,15,8.0,4.0,9
29188,8.0,13,54,1,1,2,1,1,320.0,30.0,14.0,2.0,3.0,15,7.0,6.0,32
29189,8.0,11,54,1,1,2,1,1,3607.0,9999.99,7.0,1.0,8.0,14,8.0,16.0,9
29190,8.0,14,54,1,1,2,1,1,320.0,29.7,14.0,2.0,2.0,15,4.0,1.0,31
29192,8.0,19,54,1,1,1,1,1,320.0,29.0,14.0,2.0,1.0,15,1.0,4.0,9
29193,8.0,20,54,1,1,1,1,1,320.0,28.0,14.0,2.0,7.0,15,7.0,4.0,9
29199,8.0,13,54,1,1,2,1,1,320.0,29.4,14.0,2.0,2.0,15,4.0,1.0,21
29200,8.0,19,54,1,1,1,1,1,320.0,31.5,14.0,2.0,2.0,15,4.0,1.0,406
29201,8.0,9,54,1,1,2,1,1,803.0,35.3,8.0,1.0,8.0,13,9.0,11.0,9
29202,8.0,21,54,1,1,1,1,1,803.0,35.5,8.0,1.0,8.0,12,9.0,5.0,9
29203,8.0,16,54,1,1,2,1,1,803.0,27.7,8.0,1.0,8.0,13,7.0,5.0,21
29204,8.0,16,54,1,1,2,1,1,803.0,25.6,8.0,1.0,3.0,15,8.0,4.0,48
29205,8.0,18,54,1,1,2,1,1,804.0,18.5,8.0,1.0,3.0,15,7.0,1.0,9
29206,8.0,23,54,1,1,1,1,1,804.0,22.2,8.0,1.0,8.0,13,7.0,11.0,38
29207,8.0,10,54,1,1,2,1,1,801.0,111.9,8.0,1.0,8.0,13,7.0,10.0,9
29208,8.0,10,54,1,1,2,1,1,801.0,117.2,8.0,1.0,8.0,13,9.0,5.0,21
29209,8.0,23,50,1,1,1,1,1,801.0,103.3,8.0,1.0,8.0,11,7.0,5.0,38
29210,8.0,0,54,1,1,1,1,1,801.0,108.5,8.0,1.0,2.0,15,4.0,1.0,36
29211,8.0,11,6,1,1,2,1,1,1.0,322.6,70.0,1.0,3.0,15,7.0,8.0,21
29212,8.0,8,28,2,1,2,1,1,3224.0,9999.99,6.0,1.0,7.0,15,3.0,8.0,3
29213,8.0,19,6,1,1,1,1,1,322.0,31.3,8.0,1.0,3.0,15,8.0,2.0,9
29214,8.0,22,28,1,1,1,1,1,11.0,76.7,8.0,1.0,8.0,13,2.0,11.0,9
29215,8.0,21,54,1,1,1,1,1,320.0,23.5,7.0,1.0,2.0,15,7.0,4.0,21
29216,8.0,21,54,1,1,1,1,1,3011.0,35.1,7.0,1.0,8.0,18,9.0,10.0,21
29218,8.0,19,28,2,1,1,1,1,305.0,123.2,7.0,1.0,1.0,15,1.0,2.0,21
29219,8.0,23,28,1,1,1,1,1,803.0,93.6,8.0,2.0,2.0,15,4.0,1.0,9
29220,8.0,7,28,1,1,2,1,1,803.0,89.9,8.0,2.0,8.0,13,9.0,11.0,21
29221,8.0,14,28,1,1,2,1,1,9.0,103.1,8.0,1.0,3.0,15,3.0,8.0,21
29222,8.0,12,28,1,1,2,1,1,9.0,106.5,8.0,1.0,8.0,13,1.0,10.0,21
29223,8.0,10,28,1,1,2,1,1,9.0,104.0,8.0,1.0,8.0,14,1.0,16.0,21
29224,8.0,11,28,2,1,2,1,1,3615.0,9999.99,6.0,1.0,8.0,14,1.0,16.0,9
29225,8.0,10,28,1,1,2,1,1,9.0,124.0,8.0,1.0,8.0,13,2.0,11.0,3
29226,8.0,12,28,2,1,2,1,1,3610.0,9999.99,6.0,1.0,2.0,15,4.0,1.0,21
29228,8.0,19,28,1,1,1,1,1,308.0,13.8,7.0,1.0,2.0,15,4.0,1.0,21
29229,8.0,20,28,1,1,1,1,1,3616.0,9999.99,6.0,1.0,2.0,15,4.0,1.0,21
29230,8.0,22,28,2,1,1,1,1,3606.0,9999.99,6.0,1.0,8.0,13,1.0,10.0,9
29231,8.0,22,28,2,1,1,1,1,305.0,93.0,7.0,1.0,2.0,15,4.0,1.0,21
29232,8.0,13,28,1,1,2,1,1,308.0,20.4,7.0,1.0,7.0,15,8.0,2.0,3
29233,8.0,21,28,1,1,1,1,1,308.0,15.4,7.0,1.0,2.0,15,4.0,1.0,9
29235,8.0,16,28,1,1,2,1,1,316.0,130.0,7.0,1.0,8.0,13,1.0,11.0,9
29237,8.0,13,28,1,1,2,1,1,316.0,132.5,7.0,1.0,8.0,13,1.0,11.0,3
29238,8.0,0,28,1,1,1,1,1,11.0,89.0,8.0,1.0,8.0,13,3.0,10.0,3
29240,8.0,20,28,1,1,1,1,1,804.0,47.9,8.0,1.0,2.0,15,6.0,1.0,38
29241,8.0,21,28,1,1,1,1,1,804.0,28.8,8.0,2.0,7.0,15,8.0,15.0,21
29242,8.0,23,28,1,1,1,1,1,804.0,55.0,8.0,2.0,2.0,15,6.0,1.0,9
29246,8.0,21,6,1,1,1,1,1,3312.0,9999.99,5.0,1.0,4.0,15,4.0,1.0,21
29247,8.0,12,6,1,1,2,1,1,404.0,131.0,7.0,1.0,3.0,15,8.0,12.0,9
29248,8.0,18,6,1,1,2,1,1,3333.0,4.0,5.0,1.0,3.0,15,8.0,12.0,82
29249,8.0,5,6,1,1,1,1,1,305.0,11.3,7.0,2.0,2.0,15,1.0,1.0,3
29250,8.0,23,6,1,1,1,1,1,313.0,24.0,7.0,2.0,8.0,13,9.0,11.0,9
29251,8.0,21,6,1,1,1,1,1,305.0,24.2,6.0,1.0,1.0,15,1.0,4.0,55
29252,8.0,13,6,1,1,2,1,1,3331.0,4.0,6.0,1.0,7.0,13,9.0,10.0,40
29253,8.0,9,6,1,1,2,1,1,3331.0,4.2,6.0,1.0,7.0,13,9.0,11.0,32
29254,8.0,12,6,1,1,2,1,1,313.0,14.2,7.0,2.0,2.0,1,1.0,21.0,32
29255,8.0,20,6,1,1,1,1,1,313.0,24.65,7.0,2.0,3.0,15,2.0,1.0,9
29256,8.0,21,6,1,1,1,1,1,305.0,16.7,7.0,2.0,7.0,14,2.0,16.0,9
29257,8.0,22,6,1,1,1,1,1,305.0,68.2,6.0,1.0,8.0,13,9.0,10.0,9
29258,8.0,6,6,1,1,2,1,1,3336.0,9999.99,2.0,1.0,8.0,13,1.0,11.0,32
29260,8.0,20,6,1,1,1,1,1,305.0,65.2,6.0,1.0,8.0,13,1.0,11.0,32
29262,8.0,19,6,1,1,1,1,1,404.0,107.6,7.0,1.0,3.0,15,8.0,7.0,9
29263,8.0,21,6,1,1,1,1,1,305.0,53.6,7.0,1.0,3.0,15,8.0,1.0,9
29264,8.0,17,6,1,1,2,1,1,3305.0,14.2,6.0,1.0,3.0,15,1.0,16.0,3
29265,8.0,15,6,1,1,2,1,1,3307.0,12.0,6.0,1.0,3.0,15,8.0,7.0,3
29266,8.0,12,6,1,1,2,1,1,3326.0,6.2,6.0,1.0,3.0,15,7.0,1.0,53
29267,8.0,17,6,1,1,2,1,1,3326.0,5.8,6.0,1.0,3.0,15,8.0,6.0,9
29268,8.0,19,6,1,1,1,1,1,305.0,5.0,6.0,1.0,3.0,15,7.0,6.0,9
29269,8.0,21,6,1,1,1,1,1,3305.0,12.0,6.0,1.0,8.0,14,1.0,16.0,3
29270,8.0,12,6,1,1,2,1,1,3330.0,0.2,5.0,1.0,1.0,15,1.0,4.0,9
29273,8.0,11,6,1,1,2,1,1,801.0,29.2,11.0,2.0,3.0,15,2.0,8.0,489
29276,8.0,18,6,1,1,2,1,1,801.0,26.5,11.0,2.0,8.0,18,9.0,1.0,9
29277,8.0,18,6,1,2,2,1,1,322.0,49.3,8.0,1.0,3.0,15,8.0,4.0,9
29279,8.0,18,6,1,1,2,1,1,322.0,51.2,8.0,1.0,3.0,15,8.0,4.0,21
29281,8.0,18,6,1,1,2,1,1,322.0,49.3,8.0,1.0,2.0,15,1.0,1.0,9
29283,8.0,18,73,1,1,2,1,1,4032.0,2.6,4.0,1.0,1.0,15,1.0,4.0,21
29284,8.0,1,6,1,1,1,1,1,322.0,49.5,8.0,1.0,8.0,18,7.0,11.0,406
29286,8.0,6,28,1,1,2,1,1,803.0,48.2,8.0,2.0,8.0,13,1.0,5.0,489
29287,8.0,15,28,1,1,2,1,1,803.0,60.1,8.0,2.0,8.0,2,9.0,11.0,489
29288,8.0,16,28,1,1,2,1,1,803.0,62.8,8.0,2.0,8.0,14,1.0,16.0,21
29289,8.0,8,28,1,1,2,1,1,803.0,86.8,8.0,2.0,8.0,13,9.0,10.0,21
29290,8.0,13,54,1,1,2,1,1,803.0,43.0,8.0,2.0,8.0,13,9.0,11.0,400
29291,8.0,20,28,1,1,1,1,1,803.0,98.0,8.0,2.0,8.0,13,2.0,11.0,436
29292,8.0,15,28,1,1,2,1,1,803.0,76.3,8.0,2.0,4.0,15,4.0,1.0,9
29293,8.0,17,28,1,1,2,1,1,803.0,85.7,8.0,2.0,8.0,13,9.0,5.0,9
29294,8.0,8,28,1,1,2,1,1,803.0,94.1,8.0,2.0,2.0,15,6.0,1.0,9
29295,8.0,6,54,1,1,2,1,1,803.0,42.9,8.0,2.0,8.0,13,1.0,5.0,32
29296,8.0,5,28,1,1,1,1,1,803.0,97.0,8.0,2.0,8.0,2,2.0,11.0,9
29297,8.0,7,28,1,1,2,1,1,803.0,59.0,8.0,2.0,8.0,2,2.0,11.0,82
29300,8.0,0,28,2,1,1,1,1,9999.0,9999.99,6.0,1.0,2.0,15,4.0,1.0,9
29303,8.0,21,28,2,1,1,1,1,305.0,147.1,7.0,1.0,2.0,15,4.0,1.0,9
29305,8.0,18,28,1,1,2,1,1,205.0,9999.99,7.0,1.0,7.0,15,8.0,8.0,3
29308,8.0,17,6,1,1,2,1,1,3323.0,1.2,9.0,1.0,3.0,15,3.0,12.0,48
29309,8.0,15,6,1,1,2,1,1,1.0,327.15,7.0,1.0,3.0,15,2.0,1.0,9
29310,8.0,15,6,1,1,2,1,1,3323.0,1.6,9.0,1.0,2.0,15,4.0,1.0,99
29312,8.0,11,6,1,1,2,1,1,1.0,312.1,7.0,1.0,7.0,14,1.0,1.0,3
29313,8.0,1,6,1,1,1,1,1,1.0,329.2,7.0,1.0,7.0,14,1.0,1.0,99
29314,8.0,18,6,1,1,2,1,1,3323.0,1.6,9.0,1.0,3.0,15,3.0,12.0,9
29315,8.0,13,6,1,1,2,1,1,3323.0,1.7,9.0,1.0,3.0,15,3.0,12.0,9
29316,8.0,22,6,1,1,1,1,1,3323.0,1.9,9.0,1.0,1.0,15,1.0,8.0,33
29318,8.0,18,6,1,1,2,1,1,322.0,28.1,8.0,1.0,2.0,15,4.0,1.0,400
29319,8.0,20,6,1,1,1,1,1,322.0,29.1,8.0,1.0,2.0,15,4.0,1.0,43
29321,8.0,11,51,1,1,2,1,1,313.0,1.6,8.0,1.0,3.0,15,7.0,14.0,9
29322,8.0,17,6,1,1,2,1,1,322.0,36.4,8.0,1.0,3.0,15,8.0,1.0,9
29323,8.0,18,6,1,1,2,1,1,322.0,29.3,8.0,1.0,3.0,15,8.0,2.0,31
29324,8.0,1,6,1,1,1,1,1,3304.0,3.2,7.0,1.0,2.0,1,4.0,1.0,33
29326,8.0,16,6,1,1,2,1,1,322.0,38.6,8.0,1.0,8.0,18,7.0,11.0,9
29327,8.0,22,6,1,1,1,1,1,322.0,29.1,8.0,1.0,2.0,15,4.0,1.0,21
29328,8.0,1,6,1,1,1,1,1,322.0,31.2,8.0,1.0,7.0,7,7.0,11.0,9
29329,8.0,22,6,1,1,1,1,1,322.0,29.1,8.0,1.0,3.0,15,8.0,2.0,9
29330,8.0,8,28,2,1,2,1,1,305.0,93.0,6.0,1.0,2.0,15,4.0,1.0,31
29331,8.0,13,28,2,1,2,1,1,3612.0,9999.99,5.0,1.0,8.0,5,2.0,11.0,341
29332,8.0,15,28,1,1,2,1,1,11.0,65.3,8.0,1.0,4.0,15,8.0,20.0,38
29334,8.0,18,28,1,1,2,1,1,305.0,88.4,7.0,1.0,3.0,15,8.0,16.0,32
29335,8.0,21,28,1,1,1,1,1,11.0,64.9,8.0,1.0,8.0,13,9.0,11.0,9
29337,8.0,20,28,1,1,1,1,1,11.0,76.4,8.0,1.0,2.0,15,4.0,1.0,9
29339,8.0,18,54,1,1,2,1,1,3011.0,41.7,6.0,1.0,3.0,15,9.0,1.0,9
29342,8.0,12,54,1,1,2,1,1,3603.0,9999.99,6.0,1.0,2.0,15,4.0,1.0,31
29343,8.0,22,54,1,1,1,1,1,3005.0,9999.99,7.0,1.0,8.0,14,1.0,16.0,9
29346,8.0,16,54,1,1,2,1,1,1.0,398.9,6.0,1.0,3.0,15,7.0,4.0,50
29347,8.0,13,72,1,1,2,1,1,320.0,22.6,7.0,2.0,3.0,15,6.0,1.0,9
29348,8.0,0,54,1,1,1,1,1,3607.0,9999.99,6.0,1.0,2.0,15,4.0,1.0,5
29352,8.0,19,54,1,1,1,1,1,3603.0,9999.99,8.0,1.0,7.0,15,8.0,1.0,9
29354,8.0,14,54,1,1,2,1,1,1.0,391.2,7.0,2.0,3.0,15,7.0,10.0,50
29355,8.0,16,54,1,1,2,1,1,1.0,9999.99,7.0,1.0,3.0,15,7.0,1.0,9
29356,8.0,21,73,1,1,1,1,1,1.0,293.2,7.0,2.0,2.0,15,4.0,1.0,9
29357,8.0,13,72,1,1,2,1,1,3011.0,10.0,7.0,1.0,3.0,15,8.0,1.0,59
29358,8.0,15,54,1,1,2,1,1,3603.0,9999.99,20.0,1.0,2.0,15,4.0,1.0,9
29360,8.0,22,54,1,1,1,1,1,1.0,387.1,8.0,1.0,3.0,15,6.0,1.0,9
29361,8.0,9,54,1,1,2,1,1,320.0,23.5,6.0,1.0,3.0,15,8.0,4.0,50
29364,8.0,6,74,1,1,2,1,1,6.0,14.0,70.0,1.0,1.0,18,1.0,4.0,32
29365,8.0,4,73,1,1,1,1,1,322.0,61.8,9.0,2.0,8.0,9,3.0,18.0,3
29366,8.0,18,74,1,1,2,1,1,4002.0,9999.99,5.0,1.0,8.0,15,1.0,16.0,9
29371,8.0,10,74,1,1,2,1,1,4002.0,9999.99,10.0,1.0,8.0,15,1.0,1.0,341
29372,8.0,20,74,1,1,1,1,1,4031.0,9999.99,10.0,1.0,8.0,15,1.0,4.0,3
29374,8.0,19,74,1,1,1,1,1,1.0,251.5,10.0,1.0,2.0,15,4.0,1.0,9
29377,8.0,18,73,1,1,2,1,1,4022.0,9999.99,5.0,1.0,8.0,15,1.0,16.0,9
29383,8.0,17,74,1,1,2,1,1,4033.0,9999.99,5.0,1.0,8.0,15,1.0,12.0,38
29384,8.0,21,74,1,1,1,1,1,1.0,250.0,10.0,1.0,8.0,15,1.0,11.0,3
29385,8.0,16,73,1,1,2,1,1,4022.0,9999.99,5.0,1.0,8.0,15,1.0,12.0,9
29387,8.0,17,74,1,1,2,1,1,4002.0,9999.99,5.0,1.0,8.0,15,3.0,10.0,9
29388,8.0,9,74,1,1,2,1,1,4002.0,9999.99,5.0,1.0,8.0,15,1.0,16.0,82
29389,8.0,20,74,1,1,1,1,1,4033.0,9999.99,5.0,1.0,8.0,15,1.0,4.0,9
29390,8.0,18,74,1,1,2,1,1,4002.0,9999.99,5.0,1.0,8.0,13,1.0,1.0,3
29396,8.0,15,74,1,1,2,1,1,1.0,251.5,10.0,1.0,3.0,15,4.0,1.0,21
29397,8.0,8,60,1,1,2,1,1,805.0,252.3,7.0,2.0,2.0,15,9.0,1.0,9
29398,8.0,13,60,1,1,2,1,1,805.0,254.4,7.0,2.0,8.0,13,9.0,1.0,9
29400,8.0,14,73,1,1,2,1,1,322.0,53.0,7.0,1.0,2.0,15,4.0,1.0,9
29404,8.0,16,73,1,1,2,1,1,4001.0,4.1,7.0,1.0,3.0,15,7.0,1.0,46
29405,8.0,12,73,1,1,2,1,1,322.0,59.2,9.0,2.0,2.0,15,4.0,1.0,31
29406,8.0,18,73,1,1,2,1,1,322.0,64.0,9.0,2.0,8.0,14,7.0,16.0,36
29410,8.0,12,73,1,1,2,1,1,1.0,298.9,14.0,1.0,3.0,15,8.0,12.0,3
29413,8.0,8,73,1,1,2,1,1,1.0,304.0,14.0,1.0,1.0,15,1.0,4.0,9
29416,8.0,3,74,1,1,1,1,1,6.0,12.0,7.0,2.0,3.0,15,7.0,1.0,9
29417,8.0,10,74,1,1,2,1,1,6.0,12.0,7.0,2.0,2.0,15,4.0,1.0,9
29418,8.0,14,60,1,1,2,1,1,805.0,255.8,7.0,2.0,8.0,13,9.0,1.0,53
29419,8.0,19,60,1,1,1,1,1,805.0,255.6,7.0,2.0,8.0,13,9.0,11.0,9
29420,8.0,1,60,1,1,1,1,1,805.0,264.5,9.0,2.0,8.0,13,9.0,1.0,31
29421,8.0,9,60,1,1,2,1,1,805.0,262.7,7.0,2.0,8.0,18,9.0,13.0,31
29422,8.0,1,60,1,1,1,1,1,805.0,264.4,9.0,2.0,8.0,13,9.0,1.0,9
29425,8.0,2,73,1,1,1,1,1,1.0,295.3,8.0,1.0,2.0,15,4.0,18.0,38
29426,8.0,22,73,1,1,1,1,1,1.0,297.8,15.0,1.0,2.0,15,4.0,1.0,21
29427,8.0,14,73,1,1,2,1,1,1.0,296.5,15.0,1.0,7.0,15,7.0,18.0,9
29428,8.0,21,73,1,1,1,1,1,1.0,296.5,15.0,1.0,2.0,15,4.0,18.0,38
29430,8.0,13,73,1,1,2,1,1,1.0,295.8,8.0,1.0,7.0,15,7.0,18.0,9
29434,8.0,20,73,1,1,1,1,1,1.0,295.1,8.0,1.0,2.0,15,4.0,1.0,9
29435,8.0,19,73,1,1,1,1,1,1.0,295.0,8.0,1.0,3.0,15,7.0,4.0,9
29438,8.0,0,73,1,1,1,1,1,1.0,296.0,8.0,1.0,1.0,15,1.0,4.0,21
29439,8.0,9,73,1,1,2,1,1,1.0,297.0,15.0,1.0,7.0,15,7.0,18.0,9
29440,8.0,18,73,1,1,2,1,1,4001.0,9999.99,12.0,1.0,3.0,14,8.0,8.0,9
29441,8.0,11,73,1,1,2,1,1,1.0,298.7,14.0,1.0,3.0,15,7.0,1.0,32
29442,8.0,18,73,1,1,2,1,1,4001.0,9999.99,12.0,1.0,3.0,15,7.0,9.0,21
29445,8.0,22,60,1,1,1,1,1,805.0,273.0,20.0,2.0,8.0,14,7.0,1.0,9
29446,8.0,19,74,1,1,1,1,1,6.0,14.5,7.0,2.0,8.0,13,9.0,1.0,9
29447,8.0,21,74,1,1,1,1,1,6.0,13.0,7.0,2.0,3.0,15,3.0,1.0,9
29448,8.0,22,74,1,1,1,1,1,6.0,12.1,7.0,2.0,8.0,13,9.0,1.0,32
29449,8.0,21,74,1,1,1,1,1,4041.0,1.3,6.0,1.0,3.0,18,7.0,1.0,9
29450,8.0,17,74,1,1,2,1,1,4039.0,1.8,6.0,1.0,3.0,15,7.0,1.0,3
29451,8.0,13,74,1,1,2,1,1,6.0,10.6,7.0,2.0,4.0,15,4.0,1.0,36
29452,8.0,1,73,1,1,1,1,1,322.0,72.6,11.0,1.0,8.0,15,7.0,11.0,31
29454,8.0,16,73,1,1,2,1,1,322.0,68.0,11.0,1.0,8.0,15,7.0,11.0,9
29455,8.0,0,73,1,1,1,1,1,403.0,5.1,6.0,2.0,8.0,13,9.0,1.0,36
29460,8.0,16,73,1,1,2,1,1,403.0,5.1,7.0,1.0,2.0,15,4.0,1.0,21
29465,8.0,16,60,1,1,2,1,1,801.0,14.2,16.0,1.0,3.0,15,7.0,1.0,42
29469,8.0,22,73,1,1,1,1,1,4016.0,9999.99,6.0,1.0,3.0,15,8.0,4.0,9
29470,8.0,23,73,1,1,1,1,1,401.0,10.1,16.0,1.0,8.0,14,1.0,16.0,9
29471,8.0,15,73,1,1,2,1,1,401.0,12.3,16.0,1.0,8.0,14,1.0,16.0,9
29473,8.0,1,60,1,1,1,1,1,801.0,13.5,11.0,2.0,8.0,14,9.0,1.0,9
29474,8.0,16,73,1,1,2,1,1,1.0,300.0,14.0,1.0,2.0,15,4.0,1.0,9
29485,8.0,2,73,1,1,1,1,1,322.0,70.9,11.0,1.0,8.0,15,7.0,1.0,9
29486,8.0,22,73,1,1,1,1,1,322.0,70.6,9.0,1.0,8.0,15,7.0,1.0,33
29487,8.0,8,73,1,1,2,1,1,322.0,69.7,12.0,1.0,8.0,14,7.0,16.0,82
29488,8.0,16,73,1,1,2,1,1,322.0,69.2,11.0,1.0,8.0,15,7.0,1.0,38
29489,8.0,23,73,1,1,1,1,1,322.0,71.7,11.0,1.0,8.0,14,7.0,16.0,36
29493,8.0,14,60,1,1,2,1,1,801.0,17.2,11.0,2.0,8.0,15,7.0,1.0,21
29494,8.0,19,60,1,1,1,1,1,801.0,12.2,11.0,2.0,2.0,15,4.0,1.0,36
29495,8.0,11,60,1,1,2,1,1,801.0,24.3,11.0,2.0,8.0,15,9.0,1.0,43
29496,8.0,9,60,1,1,2,1,1,801.0,23.0,11.0,2.0,2.0,15,4.0,1.0,21
29497,8.0,17,60,1,1,2,1,1,801.0,0.6,11.0,2.0,8.0,18,7.0,1.0,9
29498,8.0,19,73,1,1,1,1,1,322.0,72.1,11.0,1.0,8.0,15,7.0,1.0,21
29499,8.0,20,73,1,1,1,1,1,322.0,71.6,12.0,1.0,8.0,14,5.0,16.0,9
29500,8.0,14,73,1,1,2,1,1,322.0,71.0,11.0,1.0,8.0,14,7.0,16.0,3
29501,8.0,16,73,1,1,2,1,1,322.0,71.1,9.0,1.0,8.0,15,8.0,1.0,2009-04-30 00:00:00
29517,8.0,5,60,1,1,1,1,1,805.0,302.8,7.0,1.0,2.0,15,4.0,1.0,32
29518,8.0,7,60,1,1,2,1,1,805.0,280.2,7.0,1.0,2.0,15,6.0,1.0,9
29519,8.0,12,60,1,1,2,1,1,805.0,258.2,7.0,1.0,8.0,15,6.0,1.0,9
29520,8.0,15,60,1,1,2,1,1,805.0,297.5,7.0,1.0,8.0,10,7.0,11.0,9
29521,8.0,8,60,1,1,2,1,1,805.0,298.1,7.0,1.0,7.0,14,1.0,16.0,406
29522,8.0,6,60,1,1,2,1,1,805.0,288.8,7.0,1.0,2.0,15,4.0,1.0,9
29524,8.0,15,73,1,1,2,1,1,401.0,29.1,8.0,1.0,3.0,15,7.0,1.0,9
29529,8.0,19,74,1,1,1,1,1,1.0,250.5,5.0,1.0,8.0,15,1.0,1.0,31
29530,8.0,5,74,1,1,1,1,1,1.0,251.0,5.0,1.0,8.0,18,1.0,16.0,31
29531,8.0,13,73,1,1,2,1,1,401.0,22.4,8.0,1.0,8.0,11,3.0,1.0,31
29534,8.0,2,73,1,1,1,1,1,401.0,25.5,8.0,1.0,8.0,13,1.0,12.0,59
29535,8.0,22,73,1,1,1,1,1,4032.0,9999.99,7.0,1.0,3.0,15,6.0,1.0,21
29542,8.0,2,73,1,1,1,1,1,4036.0,2.3,6.0,1.0,3.0,15,8.0,1.0,9
29546,8.0,20,73,1,1,1,1,1,401.0,16.3,16.0,1.0,8.0,14,1.0,4.0,9
29547,8.0,7,73,1,1,2,1,1,4026.0,9999.99,6.0,1.0,8.0,14,1.0,4.0,9
29548,8.0,19,73,1,1,1,1,1,401.0,10.0,16.0,1.0,3.0,15,8.0,4.0,59
29561,8.0,20,73,1,1,1,1,1,401.0,26.2,8.0,1.0,3.0,15,7.0,1.0,9
29563,8.0,20,73,1,1,1,1,1,401.0,28.9,8.0,1.0,1.0,15,1.0,1.0,9
29565,8.0,7,73,1,1,2,1,1,4034.0,9999.99,6.0,1.0,8.0,13,7.0,1.0,3
29568,8.0,22,73,1,1,1,1,1,4022.0,9999.99,5.0,1.0,8.0,14,1.0,16.0,9
29569,8.0,10,73,1,1,2,1,1,401.0,12.3,16.0,1.0,2.0,15,4.0,1.0,32
29571,8.0,0,47,1,1,1,1,1,6010.0,10.3,7.0,1.0,1.0,15,1.0,4.0,9
29572,8.0,6,47,1,1,2,1,1,6000.0,18.3,7.0,1.0,1.0,15,1.0,4.0,9
29573,8.0,2,49,1,1,1,1,1,6.0,409.4,7.0,1.0,1.0,15,1.0,4.0,21
29574,8.0,21,47,1,1,1,1,1,6002.0,18.4,6.0,1.0,8.0,14,1.0,16.0,9
29575,8.0,7,47,1,1,2,1,1,6000.0,8.0,7.0,2.0,2.0,15,4.0,1.0,3
29576,8.0,23,49,1,1,1,1,1,6052.0,0.4,7.0,1.0,1.0,15,1.0,4.0,31
29577,8.0,18,56,1,1,2,1,1,802.0,351.0,7.0,1.0,8.0,3,3.0,10.0,33
29578,8.0,5,26,1,1,1,1,1,2.0,551.0,9.0,2.0,7.0,12,1.0,6.0,9
29579,8.0,9,47,1,1,2,1,1,6000.0,8.25,7.0,2.0,7.0,15,4.0,1.0,9
29580,8.0,18,47,1,1,2,1,1,6000.0,15.0,7.0,2.0,7.0,15,9.0,1.0,9
29581,8.0,23,26,1,1,1,1,1,6021.0,59.5,6.0,1.0,8.0,16,1.0,16.0,32
29582,8.0,18,26,1,1,2,1,1,17.0,8.0,7.0,2.0,8.0,13,8.0,10.0,9
29583,8.0,8,47,1,1,2,1,1,6000.0,18.3,7.0,1.0,1.0,15,1.0,4.0,42
29584,8.0,21,47,1,1,1,1,1,6000.0,18.0,7.0,1.0,2.0,15,4.0,1.0,31
29585,8.0,2,47,1,1,1,1,1,6011.0,12.5,7.0,2.0,8.0,13,8.0,11.0,9
29586,8.0,18,47,1,1,2,1,1,6011.0,5.0,7.0,1.0,7.0,15,8.0,6.0,31
29588,8.0,19,47,1,1,1,1,1,2.0,533.0,7.0,2.0,7.0,15,7.0,13.0,9
29593,8.0,18,47,1,1,2,1,1,6008.0,9999.99,6.0,1.0,8.0,15,1.0,4.0,5
29594,8.0,12,24,1,1,2,1,1,612.0,10.0,6.0,1.0,8.0,18,9.0,1.0,9
29596,8.0,8,47,1,1,2,1,1,2.0,500.3,7.0,2.0,2.0,15,4.0,1.0,9