NUM_ACC,MOIS_ACC,HEU_ACC,COD_PRV,COD_ETA_CHA,COD_ETA_SUR,COD_LUM,COD_INT,TYP_LIE_ACC,NUM_ROU,PKM,LAR_CHA,COD_TYP_CHA,COD_TYP_COL,COD_OBS_HRT,COD_POI_CHO,COD_MAN,CIR_ACC
29925,8.0,14,72,1,1,2,1,1,315.0,4.5,8.0,1.0,1.0,14,1.0,16.0,3
29940,8.0,22,50,1,1,1,1,1,3015.0,9999.99,8.0,2.0,3.0,15,2.0,6.0,9
29942,8.0,18,71,1,1,2,1,1,3016.0,9999.99,7.0,1.0,3.0,18,2.0,1.0,40
29943,8.0,9,71,1,1,2,1,1,3016.0,9999.99,7.0,1.0,8.0,7,1.0,11.0,99
29944,8.0,22,50,1,1,1,1,1,3015.0,9999.99,7.0,1.0,8.0,7,1.0,5.0,430
29945,8.0,21,50,1,1,1,1,1,3015.0,9999.99,7.0,1.0,3.0,15,2.0,6.0,3
29946,8.0,19,71,1,1,1,1,1,3016.0,9999.99,6.0,1.0,2.0,15,4.0,1.0,9
29949,8.0,16,71,1,1,2,1,1,3016.0,9999.99,5.0,2.0,2.0,15,4.0,1.0,21
29950,8.0,18,71,1,1,2,1,1,3016.0,9999.99,7.0,1.0,1.0,15,1.0,4.0,21
29952,8.0,18,71,1,1,2,1,1,3016.0,9999.99,6.0,1.0,2.0,14,4.0,1.0,82
29953,8.0,13,51,1,1,2,1,1,9.0,5.0,8.0,1.0,3.0,15,3.0,14.0,71
29954,8.0,19,51,1,1,1,1,1,3006.0,9999.99,6.0,1.0,8.0,14,1.0,16.0,31
29958,8.0,20,51,1,1,1,1,1,3006.0,9999.99,6.0,1.0,7.0,15,6.0,1.0,9
29960,8.0,22,51,1,1,1,1,1,1.0,344.0,12.0,2.0,8.0,5,1.0,10.0,9
29962,8.0,18,51,1,1,2,1,1,3019.0,9999.99,6.0,1.0,2.0,1,4.0,11.0,33
29963,8.0,20,51,1,1,1,1,1,3002.0,9999.99,8.0,1.0,3.0,15,1.0,6.0,9
29964,8.0,15,51,1,1,2,1,1,3006.0,9999.99,6.0,1.0,3.0,15,4.0,6.0,21
29966,8.0,13,51,1,1,2,1,1,3006.0,9999.99,6.0,1.0,8.0,13,1.0,10.0,9
29968,8.0,9,51,1,1,2,1,1,3002.0,9999.99,6.0,1.0,8.0,13,1.0,10.0,32
29969,8.0,17,51,1,1,2,1,1,3019.0,9999.99,8.0,1.0,3.0,15,7.0,6.0,38
29970,8.0,19,51,1,1,1,1,1,3301.0,9999.99,6.0,1.0,2.0,15,4.0,1.0,32
29971,8.0,22,51,1,1,1,1,1,3006.0,9999.99,8.0,1.0,2.0,15,4.0,1.0,33
29973,8.0,14,51,1,1,2,1,1,1.0,345.0,6.0,1.0,1.0,15,1.0,14.0,9
29976,8.0,11,51,1,1,2,1,1,1.0,338.0,8.0,2.0,3.0,15,8.0,1.0,9
29977,8.0,18,51,1,1,2,1,1,1.0,336.0,8.0,2.0,1.0,15,2.0,4.0,9
29982,8.0,21,51,1,1,1,1,1,1.0,339.5,8.0,2.0,2.0,15,4.0,1.0,9
29985,8.0,14,51,1,1,2,1,1,1.0,337.0,8.0,2.0,3.0,15,7.0,4.0,21
29986,8.0,15,51,1,1,2,1,1,3313.0,9999.99,8.0,1.0,8.0,15,1.0,3.0,82
29987,8.0,20,51,1,1,1,1,1,3313.0,9999.99,6.0,1.0,2.0,15,4.0,1.0,21
29989,8.0,17,51,1,1,2,1,1,1.0,335.0,8.0,2.0,3.0,15,2.0,8.0,9
29991,8.0,18,51,1,1,2,1,1,3313.0,9999.99,8.0,1.0,3.0,15,2.0,12.0,33
29992,8.0,18,51,1,1,2,1,1,3307.0,9999.99,7.0,1.0,7.0,15,9.0,1.0,82
29993,8.0,1,51,1,1,1,1,1,3307.0,9999.99,6.0,1.0,1.0,15,2.0,4.0,21
29996,8.0,13,51,1,1,2,1,1,1.0,333.0,8.0,2.0,1.0,14,1.0,16.0,9
29998,8.0,20,51,1,1,1,1,1,1.0,334.0,8.0,2.0,3.0,15,8.0,12.0,82
30001,8.0,14,51,1,1,2,1,1,313.0,9999.99,8.0,1.0,7.0,15,9.0,1.0,42
30002,8.0,18,51,1,1,2,1,1,3000.0,9999.99,7.0,1.0,3.0,15,1.0,6.0,5
30003,8.0,8,51,1,1,2,1,1,3000.0,9999.99,7.0,1.0,3.0,15,2.0,2.0,36
30008,8.0,19,51,1,1,1,1,1,3000.0,9999.99,6.0,1.0,3.0,15,8.0,1.0,38
30011,8.0,21,51,1,1,1,1,1,9.0,4.0,6.0,2.0,3.0,15,1.0,8.0,3
30012,8.0,1,51,1,1,1,1,1,1.0,337.2,7.0,2.0,7.0,9,1.0,10.0,9
30013,8.0,9,51,1,1,2,1,1,9.0,3.1,7.0,2.0,3.0,15,2.0,1.0,9
30015,8.0,23,51,1,1,1,1,1,3004.0,9999.99,7.0,2.0,2.0,1,4.0,21.0,9
30016,8.0,17,51,1,1,2,1,1,9999.0,9999.99,6.0,1.0,3.0,15,3.0,4.0,9
30017,8.0,16,51,1,1,2,1,1,3000.0,9999.99,6.0,1.0,7.0,14,1.0,16.0,9
30019,8.0,9,51,1,1,2,1,1,9.0,4.0,7.0,2.0,3.0,15,1.0,6.0,5
30020,8.0,6,51,1,1,2,1,1,9.0,5.1,7.0,1.0,8.0,13,9.0,11.0,21
30021,8.0,16,51,1,1,2,1,1,9.0,2.2,7.0,2.0,2.0,15,5.0,2.0,21
30022,8.0,21,51,1,1,1,1,1,3000.0,9999.99,6.0,1.0,3.0,15,5.0,2.0,9
30023,8.0,13,51,1,1,2,1,1,9.0,4.0,7.0,2.0,2.0,15,4.0,1.0,71
30027,8.0,22,51,1,1,1,1,1,9.0,4.0,7.0,2.0,2.0,15,4.0,1.0,82
30028,8.0,20,51,1,1,1,1,1,801.0,58.8,11.0,1.0,7.0,2,1.0,11.0,32
30029,8.0,2,51,1,1,1,1,1,8101.0,1.8,11.0,2.0,7.0,2,1.0,10.0,82
30030,8.0,21,51,1,1,1,1,1,801.0,57.4,11.0,2.0,2.0,15,1.0,1.0,21
30032,8.0,22,51,1,1,1,1,1,801.0,51.3,11.0,2.0,2.0,15,1.0,1.0,21
30033,8.0,18,51,1,1,2,1,1,801.0,57.8,11.0,2.0,4.0,15,4.0,1.0,71
30034,8.0,10,51,1,1,2,1,1,8101.0,3.2,11.0,2.0,3.0,15,2.0,1.0,430
30035,8.0,3,51,1,1,1,1,1,801.0,50.1,11.0,2.0,8.0,2,1.0,11.0,21
30036,8.0,12,51,1,1,2,1,1,8101.0,0.7,11.0,2.0,2.0,15,4.0,1.0,21
30037,8.0,21,51,1,1,1,1,1,3000.0,9999.99,10.0,1.0,8.0,14,1.0,20.0,9
30038,8.0,5,51,1,1,1,1,1,801.0,54.6,11.0,2.0,7.0,2,1.0,11.0,9
30039,8.0,23,51,1,1,1,1,1,801.0,53.9,11.0,2.0,4.0,15,1.0,1.0,82
30040,8.0,21,51,1,1,1,1,1,801.0,51.0,11.0,2.0,4.0,15,1.0,1.0,9
30041,8.0,15,51,1,1,2,1,1,322.0,14.0,7.0,2.0,8.0,13,2.0,9.0,46
30042,8.0,13,51,1,1,2,1,1,322.0,12.8,7.0,2.0,8.0,9,1.0,10.0,38
30044,8.0,9,16,1,1,2,1,1,1.0,190.2,9.0,1.0,3.0,15,8.0,2.0,9
30045,8.0,3,16,1,1,1,1,1,1.0,178.0,9.0,1.0,7.0,10,1.0,1.0,9
30046,8.0,14,16,1,1,2,1,1,1.0,190.8,9.0,1.0,1.0,15,1.0,2.0,9
30047,8.0,21,16,1,1,1,1,1,805.0,208.6,7.0,1.0,8.0,13,7.0,11.0,9
30048,8.0,21,16,1,1,1,1,1,4.0,14.7,6.0,1.0,2.0,15,4.0,1.0,439
30049,8.0,22,16,1,1,1,1,1,1.0,215.0,7.0,1.0,8.0,14,7.0,16.0,9
30050,8.0,23,16,1,1,1,1,1,805.0,233.2,7.0,1.0,8.0,14,7.0,16.0,31
30051,8.0,1,16,1,1,1,1,1,406.0,34.4,7.0,1.0,2.0,15,4.0,1.0,82
30052,8.0,2,16,1,1,1,1,1,805.0,151.1,7.0,2.0,8.0,14,1.0,16.0,82
30053,8.0,21,16,1,1,1,1,1,411.0,9999.99,6.0,1.0,1.0,15,1.0,4.0,21
30054,8.0,22,16,1,1,1,1,1,1.0,241.8,10.0,1.0,8.0,14,8.0,16.0,31
30055,8.0,22,16,1,1,1,1,1,4234.0,9999.99,5.0,1.0,8.0,14,7.0,16.0,82
30056,8.0,1,16,1,1,1,1,1,1.0,189.8,9.0,1.0,7.0,18,8.0,10.0,32
30057,8.0,21,16,1,1,1,1,1,1.0,196.0,9.0,1.0,7.0,15,1.0,1.0,9
30058,8.0,19,16,1,1,1,1,1,1.0,195.0,9.0,1.0,7.0,15,1.0,1.0,3
30059,8.0,12,16,1,2,2,1,1,1.0,199.0,9.0,1.0,7.0,18,8.0,1.0,21
30060,8.0,20,16,1,1,1,1,1,4248.0,9999.99,6.0,1.0,7.0,18,1.0,1.0,9
30061,8.0,12,16,1,1,2,1,1,1.0,200.8,9.0,1.0,7.0,18,1.0,1.0,21
30062,8.0,19,16,1,1,1,1,1,1.0,177.2,9.0,1.0,3.0,15,8.0,1.0,9
30063,8.0,11,16,1,1,2,1,1,1.0,176.1,9.0,1.0,2.0,15,6.0,1.0,3
30064,8.0,21,16,1,1,1,1,1,1.0,187.8,9.0,1.0,7.0,18,9.0,1.0,9
30065,8.0,20,16,1,1,1,1,1,1.0,205.2,9.0,1.0,3.0,15,8.0,1.0,9
30068,8.0,12,16,1,1,2,1,1,4248.0,9999.99,6.0,1.0,2.0,15,4.0,1.0,9
30070,8.0,8,16,1,1,2,1,1,4201.0,9999.99,6.0,1.0,3.0,15,8.0,4.0,82
30072,8.0,13,16,1,1,2,1,1,4268.0,9999.99,6.0,1.0,3.0,15,7.0,4.0,21
30073,8.0,15,16,1,1,2,1,1,4201.0,7.0,6.0,1.0,8.0,14,7.0,16.0,21
30074,8.0,20,16,1,1,1,1,1,4201.0,9999.99,6.0,1.0,8.0,14,8.0,16.0,32
30075,8.0,11,16,1,1,2,1,1,805.0,211.6,7.0,1.0,8.0,13,8.0,10.0,9
30076,8.0,5,16,1,1,1,1,1,805.0,210.4,7.0,1.0,8.0,13,7.0,11.0,9
30078,8.0,7,16,1,1,2,1,1,805.0,217.45,7.0,1.0,8.0,13,7.0,11.0,9
30080,8.0,13,16,1,1,2,1,1,805.0,185.5,7.0,1.0,3.0,15,8.0,1.0,9
30082,8.0,7,16,1,1,2,1,1,805.0,192.8,7.0,1.0,8.0,13,8.0,10.0,31
30083,8.0,9,16,1,1,2,1,1,1.0,222.3,7.0,1.0,2.0,15,4.0,1.0,3
30084,8.0,19,16,1,1,1,1,1,1.0,209.8,7.0,1.0,8.0,13,7.0,11.0,9
30085,8.0,12,16,1,1,2,1,1,4.0,11.8,6.0,1.0,2.0,15,4.0,1.0,9
30086,8.0,7,16,1,1,2,1,1,405.0,12.6,6.0,1.0,8.0,13,8.0,10.0,9
30087,8.0,19,16,1,1,1,1,1,1.0,221.9,7.0,1.0,2.0,18,4.0,1.0,21
30088,8.0,0,16,1,1,1,1,1,1.0,208.5,7.0,1.0,2.0,15,4.0,1.0,21
30089,8.0,0,16,1,1,1,1,1,1.0,218.8,7.0,1.0,2.0,15,3.0,7.0,9
30090,8.0,16,16,1,1,2,1,1,405.0,5.3,6.0,1.0,3.0,15,8.0,4.0,32
30091,8.0,6,16,1,1,2,1,1,405.0,12.6,6.0,1.0,8.0,16,7.0,16.0,21
30092,8.0,19,16,1,1,1,1,1,1.0,216.6,7.0,1.0,3.0,15,8.0,4.0,31
30093,8.0,13,16,1,1,2,1,1,1.0,215.0,7.0,1.0,8.0,13,9.0,11.0,21
30094,8.0,12,16,1,1,2,1,1,805.0,243.6,7.0,2.0,3.0,15,7.0,1.0,9
30095,8.0,9,16,1,1,2,1,1,805.0,244.1,7.0,1.0,8.0,13,9.0,10.0,82
30096,8.0,12,16,1,1,2,1,1,805.0,246.7,7.0,1.0,8.0,13,9.0,11.0,9
30097,8.0,8,16,1,1,2,1,1,805.0,244.95,7.0,1.0,8.0,13,9.0,10.0,9
30098,8.0,14,16,1,1,2,1,1,805.0,232.7,7.0,1.0,2.0,15,6.0,1.0,40
30099,8.0,1,16,1,1,1,1,1,805.0,242.9,7.0,1.0,2.0,15,4.0,1.0,9
30100,8.0,18,16,1,1,2,1,1,805.0,231.3,7.0,1.0,3.0,15,3.0,1.0,21
30102,8.0,23,16,1,1,1,1,1,4266.0,7.0,6.0,1.0,3.0,15,7.0,16.0,21
30103,8.0,12,16,1,1,2,1,1,1.0,242.6,10.0,1.0,8.0,14,7.0,16.0,9
30104,8.0,21,16,1,1,1,1,1,4266.0,9999.99,6.0,1.0,3.0,14,7.0,16.0,409
30105,8.0,22,16,1,1,1,1,1,4266.0,8.25,6.0,1.0,8.0,14,7.0,16.0,9
30107,8.0,16,16,1,1,2,1,1,1.0,240.2,10.0,1.0,3.0,15,8.0,4.0,38
30109,8.0,17,16,1,1,2,1,1,4266.0,9999.99,6.0,1.0,8.0,14,7.0,16.0,9
30110,8.0,11,16,2,1,2,1,1,4234.0,9999.99,5.0,1.0,3.0,15,8.0,1.0,21
30111,8.0,11,16,1,1,2,1,1,4201.0,9999.99,6.0,1.0,8.0,13,8.0,10.0,82
30112,8.0,23,16,1,1,1,1,1,4214.0,9999.99,5.0,1.0,8.0,14,7.0,16.0,9
30113,8.0,12,16,1,1,2,1,1,4234.0,9999.99,5.0,1.0,3.0,13,7.0,11.0,21
30114,8.0,7,16,1,1,2,1,1,406.0,33.8,7.0,1.0,3.0,15,2.0,4.0,9
30115,8.0,19,16,1,1,1,1,1,406.0,34.8,7.0,1.0,2.0,15,4.0,1.0,21
30117,8.0,21,16,1,1,1,1,1,406.0,31.4,7.0,1.0,2.0,15,4.0,1.0,21
30118,8.0,19,16,1,1,1,1,1,406.0,41.2,7.0,1.0,8.0,14,1.0,16.0,40
30119,8.0,10,16,2,1,2,1,1,4206.0,9999.99,6.0,1.0,8.0,18,2.0,11.0,82
30120,8.0,16,16,1,1,2,1,1,406.0,36.0,7.0,1.0,8.0,18,3.0,10.0,9
30122,8.0,13,16,1,1,2,1,1,4214.0,9999.99,7.0,1.0,8.0,14,1.0,16.0,9
30123,8.0,21,16,1,1,1,1,1,406.0,34.8,7.0,1.0,8.0,18,2.0,11.0,9
30124,8.0,7,16,1,1,2,1,1,805.0,145.4,7.0,2.0,2.0,15,4.0,1.0,21
30125,8.0,11,16,1,1,2,1,1,805.0,142.9,7.0,2.0,8.0,18,2.0,11.0,9
30126,8.0,11,16,1,1,2,1,1,805.0,163.15,7.0,2.0,8.0,18,3.0,10.0,36
30127,8.0,18,16,1,1,2,1,1,805.0,165.4,7.0,2.0,8.0,18,2.0,11.0,21
30128,8.0,9,16,1,1,2,1,1,805.0,169.7,7.0,2.0,8.0,18,3.0,10.0,3
30129,8.0,15,16,1,1,2,1,1,805.0,177.3,8.0,2.0,8.0,18,2.0,11.0,9
30130,8.0,11,16,1,1,2,1,1,805.0,148.5,7.0,2.0,8.0,18,2.0,11.0,9
30131,8.0,20,16,1,1,1,1,1,406.0,23.8,7.0,1.0,8.0,14,4.0,16.0,9
30134,8.0,6,16,2,1,2,1,1,4206.0,9999.99,6.0,1.0,8.0,18,3.0,10.0,21
30136,8.0,13,16,2,1,2,1,1,4201.0,9999.99,7.0,1.0,3.0,15,6.0,8.0,409
30137,8.0,13,16,2,1,2,1,1,4201.0,9999.99,7.0,1.0,8.0,18,2.0,11.0,21
30139,8.0,13,16,1,1,2,1,1,4220.0,9999.99,7.0,1.0,2.0,15,4.0,1.0,33
30140,8.0,23,16,2,1,1,1,1,4201.0,9999.99,7.0,1.0,2.0,15,4.0,1.0,9
30141,8.0,23,16,2,1,1,1,1,4214.0,9999.99,7.0,1.0,8.0,14,4.0,16.0,38
30142,8.0,23,16,2,1,1,1,1,4201.0,9999.99,7.0,1.0,2.0,15,4.0,1.0,21
30143,8.0,15,16,2,1,2,1,1,4201.0,9999.99,7.0,1.0,3.0,15,2.0,4.0,21
30144,8.0,23,16,2,1,1,1,1,4220.0,9999.99,6.0,1.0,8.0,18,2.0,11.0,9
30145,8.0,20,16,2,1,1,1,1,4214.0,9999.99,6.0,1.0,1.0,15,1.0,4.0,21
30146,8.0,20,16,2,1,1,1,1,4220.0,9999.99,6.0,1.0,8.0,14,1.0,16.0,3
30148,8.0,22,16,1,1,1,1,1,1.0,171.3,7.0,1.0,3.0,15,3.0,6.0,21
30149,8.0,18,16,1,1,2,1,1,1.0,168.7,7.0,1.0,3.0,15,2.0,9.0,9
30150,8.0,11,16,2,1,2,1,1,4201.0,9999.99,6.0,1.0,8.0,14,1.0,16.0,3
30151,8.0,14,16,2,1,2,1,1,4220.0,9999.99,6.0,1.0,1.0,15,1.0,7.0,50
30152,8.0,20,16,2,1,1,1,1,4228.0,9999.99,6.0,1.0,3.0,15,6.0,1.0,33
30153,8.0,10,16,1,1,2,1,1,406.0,15.0,7.0,1.0,3.0,15,3.0,4.0,9
30154,8.0,18,16,1,1,2,1,1,406.0,6.8,7.0,1.0,2.0,15,4.0,1.0,9
30155,8.0,16,16,2,1,2,1,1,4220.0,9999.99,6.0,1.0,1.0,15,1.0,4.0,100
30156,8.0,8,16,1,1,2,1,1,413.0,4.0,7.0,1.0,1.0,15,1.0,4.0,31
30157,8.0,10,17,1,1,2,1,1,413.0,6.0,7.0,1.0,1.0,15,1.0,4.0,9
30160,8.0,6,12,1,1,2,1,1,1.0,9999.99,1.0,1.0,3.0,15,8.0,4.0,3
30161,8.0,19,12,1,1,1,1,1,1.0,701.1,6.0,1.0,8.0,13,8.0,1.0,36
30162,8.0,11,12,2,1,2,1,1,2208.0,21.8,4.0,1.0,3.0,15,3.0,2.0,341
30163,8.0,9,12,1,1,2,1,1,1.0,706.7,31.0,1.0,7.0,18,8.0,1.0,31
30164,8.0,16,12,1,1,2,1,1,1.0,718.7,71.0,1.0,3.0,15,8.0,4.0,50
30173,8.0,22,12,1,1,1,1,1,1.0,644.6,6.0,1.0,1.0,15,1.0,2.0,3
30176,8.0,14,12,1,1,2,1,1,1.0,666.5,6.0,1.0,1.0,15,1.0,2.0,9
30178,8.0,22,12,1,1,1,1,1,1.0,671.3,8.0,2.0,8.0,9,1.0,5.0,9
30180,8.0,18,12,1,1,2,1,1,301.0,238.2,6.0,1.0,1.0,15,1.0,2.0,53
30183,8.0,8,62,1,1,2,1,1,1.0,1400.0,8.0,1.0,8.0,18,9.0,1.0,400
30184,8.0,19,21,1,1,1,1,1,1.0,1600.7,9.0,1.0,8.0,18,9.0,1.0,21
30185,8.0,12,21,1,1,2,1,1,1.0,1583.0,9.0,1.0,8.0,18,1.0,1.0,38
30193,8.0,17,8,1,1,2,1,1,1.0,1658.0,6.0,1.0,8.0,18,9.0,1.0,42
30194,8.0,23,8,1,1,1,1,1,1.0,1877.0,6.0,1.0,2.0,15,9.0,1.0,3
30195,8.0,9,62,1,1,2,1,1,9999.0,20.0,7.0,1.0,8.0,13,9.0,1.0,31
30202,8.0,18,38,1,1,2,1,1,1100.0,6.0,9.0,1.0,2.0,15,4.0,1.0,3
30203,8.0,21,19,1,1,1,1,1,712.0,58.1,6.0,1.0,8.0,14,1.0,16.0,9
30206,8.0,7,19,1,1,2,1,1,8.0,536.1,8.0,1.0,1.0,12,1.0,11.0,31
30207,8.0,12,19,1,1,2,1,1,3214.0,9999.99,6.0,1.0,1.0,15,1.0,2.0,40
30208,8.0,20,19,1,1,1,1,1,7308.0,9999.99,6.0,1.0,7.0,14,2.0,16.0,31
30211,8.0,17,19,1,1,2,1,1,8.0,530.2,8.0,1.0,8.0,13,2.0,1.0,9
30212,8.0,0,5,1,1,1,1,1,8.0,516.2,8.0,1.0,1.0,15,9.0,1.0,21
30213,8.0,18,19,1,1,2,1,1,8.0,9999.99,8.0,1.0,7.0,15,7.0,4.0,9
30215,8.0,13,19,1,1,2,1,1,8.0,550.9,8.0,1.0,1.0,15,1.0,4.0,21
30217,8.0,22,19,1,1,1,1,1,712.0,49.25,6.0,1.0,2.0,15,8.0,4.0,3
30218,8.0,20,19,1,1,1,1,1,712.0,57.8,6.0,1.0,8.0,14,1.0,16.0,9
30219,8.0,11,19,1,1,2,1,1,7311.0,9999.99,6.0,1.0,3.0,15,3.0,12.0,9
30221,8.0,18,19,1,1,2,1,1,7306.0,13.9,5.0,1.0,8.0,14,1.0,1.0,9
30225,8.0,13,19,1,1,2,1,1,7300.0,9999.99,7.0,1.0,8.0,14,1.0,1.0,21
30226,8.0,10,19,1,1,2,1,1,8.0,561.1,6.0,1.0,2.0,15,4.0,1.0,3
30227,8.0,0,19,1,1,1,1,1,8.0,562.7,6.0,1.0,1.0,15,3.0,4.0,9
30228,8.0,17,19,1,1,2,1,1,8.0,575.7,6.0,1.0,7.0,15,2.0,10.0,9
30229,8.0,20,19,1,1,1,1,1,8.0,578.1,6.0,1.0,3.0,15,3.0,4.0,21
30230,8.0,21,19,1,1,1,1,1,710.0,34.2,6.0,1.0,8.0,18,7.0,15.0,21
30237,8.0,17,19,1,1,2,1,1,712.0,9999.99,5.0,1.0,1.0,15,1.0,4.0,55
30238,8.0,6,48,1,1,2,1,1,8.0,213.4,8.0,1.0,2.0,15,1.0,1.0,31
30239,8.0,6,48,1,1,2,1,1,8.0,196.0,8.0,1.0,8.0,14,1.0,16.0,9
30240,8.0,0,48,1,1,1,1,1,8.0,205.0,8.0,1.0,8.0,14,1.0,16.0,9
30241,8.0,20,43,1,1,1,1,1,9.0,272.2,7.0,1.0,8.0,14,1.0,16.0,3
30242,8.0,15,43,1,1,2,1,1,9.0,272.2,7.0,1.0,8.0,14,1.0,16.0,9
30243,8.0,0,43,1,1,1,1,1,9.0,286.3,7.0,1.0,2.0,15,4.0,1.0,42
30244,8.0,23,43,1,1,1,1,1,9.0,272.4,7.0,1.0,8.0,13,2.0,18.0,31
30245,8.0,15,22,1,1,2,1,1,9.0,256.4,7.0,1.0,2.0,15,4.0,1.0,9
30246,8.0,15,43,1,1,2,1,1,9.0,275.8,7.0,1.0,2.0,15,4.0,1.0,46
30250,8.0,18,43,1,1,2,1,1,2010.0,23.4,7.0,1.0,2.0,15,5.0,1.0,3
30251,8.0,14,43,1,1,2,1,1,2012.0,22.0,7.0,1.0,2.0,15,4.0,1.0,9
30252,8.0,22,22,1,1,1,1,1,9.0,262.2,7.0,1.0,8.0,13,1.0,18.0,42
30253,8.0,20,22,1,1,1,1,1,9.0,259.0,7.0,1.0,2.0,15,4.0,1.0,9
30256,8.0,23,22,1,1,1,1,1,9.0,253.2,7.0,1.0,2.0,15,4.0,1.0,31
30257,8.0,22,48,1,1,1,1,1,8.0,196.6,8.0,1.0,8.0,14,1.0,16.0,400
30258,8.0,8,48,1,1,2,1,1,803.0,346.7,12.0,2.0,2.0,15,1.0,1.0,55
30259,8.0,17,48,1,1,2,1,1,803.0,335.6,12.0,2.0,2.0,15,1.0,1.0,36
30260,8.0,15,48,1,1,2,1,1,803.0,333.4,12.0,2.0,8.0,18,9.0,11.0,9
30261,8.0,12,22,1,1,2,1,1,2004.0,22.0,7.0,1.0,8.0,14,7.0,16.0,9
30262,8.0,12,48,1,1,2,1,1,2022.0,10.0,7.0,1.0,8.0,18,8.0,18.0,31
30263,8.0,16,43,1,1,2,1,1,2009.0,34.0,7.0,1.0,1.0,15,1.0,18.0,9
30264,8.0,6,11,1,1,2,1,1,206.0,69.0,6.0,1.0,1.0,15,1.0,1.0,21
30267,8.0,9,11,1,1,2,1,1,206.0,48.6,6.0,1.0,1.0,15,1.0,4.0,21
30269,8.0,2,11,1,1,1,1,1,2108.0,50.4,7.0,1.0,1.0,15,1.0,4.0,21
30271,8.0,22,22,1,1,1,1,1,8.0,239.0,10.0,1.0,3.0,15,1.0,6.0,9
30272,8.0,1,22,1,1,1,1,1,2007.0,9999.99,9.0,1.0,2.0,15,4.0,17.0,439
30273,8.0,5,22,1,1,1,1,1,8.0,223.8,7.0,1.0,8.0,18,8.0,10.0,9
30274,8.0,12,11,1,1,2,1,1,9.0,230.8,8.0,1.0,2.0,15,4.0,1.0,9
30275,8.0,20,43,1,1,1,1,1,2017.0,41.0,8.0,1.0,1.0,15,2.0,18.0,9
30276,8.0,5,11,1,1,1,1,1,8.0,310.0,9.0,1.0,8.0,15,1.0,16.0,9
30278,8.0,19,57,1,1,1,1,1,7.0,83.6,7.0,1.0,3.0,15,1.0,4.0,31
30279,8.0,21,57,1,1,1,1,1,803.0,140.5,7.0,2.0,2.0,15,1.0,1.0,9
30280,8.0,19,48,1,1,1,1,1,212.0,72.5,6.0,1.0,8.0,18,9.0,5.0,9
30282,8.0,20,11,1,1,1,1,1,9.0,188.7,5.0,1.0,8.0,14,1.0,1.0,9
30283,8.0,12,57,1,1,2,1,1,8.0,275.6,9.0,1.0,2.0,18,4.0,1.0,341
30284,8.0,18,57,1,1,2,1,1,8.0,276.0,11.0,1.0,1.0,15,1.0,8.0,9
30285,8.0,11,57,1,1,2,1,1,8.0,289.0,14.0,1.0,3.0,15,1.0,8.0,33
30286,8.0,14,11,2,1,2,1,1,2135.0,12.2,6.0,1.0,3.0,15,1.0,8.0,42
30287,8.0,12,11,2,1,2,1,1,2135.0,7.2,5.0,1.0,8.0,15,8.0,1.0,38
30288,8.0,16,11,2,1,2,1,1,2116.0,11.0,5.0,1.0,8.0,18,1.0,9.0,53
30289,8.0,12,11,1,1,2,1,1,208.0,32.0,10.0,1.0,8.0,14,1.0,16.0,53
30290,8.0,12,43,1,1,2,1,1,9999.0,167.0,10.0,1.0,7.0,15,3.0,6.0,21
30291,8.0,4,43,1,1,1,1,1,9999.0,157.8,10.0,1.0,8.0,18,9.0,1.0,9
30292,8.0,13,43,1,1,2,1,1,9999.0,178.3,10.0,1.0,8.0,14,8.0,16.0,9
30293,8.0,19,43,1,1,1,1,1,9999.0,165.3,10.0,1.0,3.0,15,2.0,12.0,9
30294,8.0,14,43,1,1,2,1,1,9999.0,173.0,10.0,1.0,3.0,15,3.0,1.0,36
30295,8.0,9,43,1,1,2,1,1,9999.0,160.15,10.0,1.0,2.0,15,4.0,1.0,9
30296,8.0,11,43,1,1,2,1,1,9999.0,176.4,10.0,1.0,3.0,15,2.0,6.0,430
30297,8.0,21,43,1,1,1,1,1,9999.0,160.15,10.0,1.0,3.0,15,6.0,6.0,9
30298,8.0,21,43,1,1,1,1,1,2010.0,53.0,5.0,1.0,1.0,15,1.0,6.0,9
30299,8.0,16,11,1,1,2,1,1,206.0,95.8,7.0,1.0,2.0,15,4.0,1.0,9
30301,8.0,19,11,1,1,1,1,1,2108.0,36.5,7.0,1.0,3.0,15,5.0,6.0,9
30303,8.0,21,43,1,1,1,1,1,2012.0,17.2,7.0,1.0,2.0,15,4.0,1.0,46
30304,8.0,19,22,1,1,1,1,1,8.0,264.5,9.0,2.0,2.0,15,4.0,1.0,21
30307,8.0,16,22,1,1,2,1,1,8.0,261.0,9.0,1.0,2.0,15,4.0,17.0,9
30309,8.0,18,22,1,1,2,1,1,2017.0,15.8,7.0,1.0,2.0,15,4.0,18.0,9
30310,8.0,10,43,1,1,2,1,1,2017.0,45.2,8.0,1.0,8.0,18,7.0,18.0,38
30311,8.0,14,43,1,1,2,1,1,2017.0,59.2,8.0,1.0,8.0,14,8.0,16.0,9
30312,8.0,13,43,1,1,2,1,1,2017.0,52.2,7.0,1.0,8.0,14,8.0,16.0,71