NUM_ACC,MOIS_ACC,HEU_ACC,COD_PRV,COD_ETA_CHA,COD_ETA_SUR,COD_LUM,COD_INT,TYP_LIE_ACC,NUM_ROU,PKM,LAR_CHA,COD_TYP_CHA,COD_TYP_COL,COD_OBS_HRT,COD_POI_CHO,COD_MAN,CIR_ACC
31129,8.0,19,23,1,1,1,1,1,802.0,124.3,9.0,2.0,8.0,14,1.0,18.0,33
31130,8.0,17,23,1,1,2,1,1,802.0,115.4,9.0,2.0,7.0,6,1.0,11.0,9
31131,8.0,1,23,1,1,1,1,1,802.0,126.0,9.0,2.0,2.0,15,6.0,1.0,46
31132,8.0,16,23,1,1,2,1,1,802.0,100.2,9.0,2.0,7.0,2,2.0,11.0,9
31133,8.0,12,23,1,1,2,1,1,802.0,160.3,10.0,2.0,8.0,18,9.0,11.0,9
31134,8.0,14,23,1,1,2,1,1,802.0,146.9,9.0,2.0,7.0,2,9.0,11.0,9
31135,8.0,7,23,1,1,2,1,1,802.0,164.6,10.0,2.0,8.0,18,9.0,11.0,3
31136,8.0,19,23,1,1,1,1,1,802.0,138.7,9.0,2.0,8.0,18,9.0,11.0,42
31137,8.0,20,23,1,1,1,1,1,802.0,149.2,9.0,2.0,2.0,15,8.0,1.0,9
31138,8.0,19,23,1,1,1,1,1,802.0,157.7,9.0,2.0,8.0,15,9.0,1.0,9
31139,8.0,21,23,1,1,1,1,1,802.0,151.5,10.0,2.0,8.0,15,9.0,11.0,9
31143,8.0,13,39,1,1,2,1,1,8.0,642.2,8.0,1.0,1.0,15,1.0,4.0,3
31144,8.0,14,39,1,1,2,1,1,13.0,285.5,7.0,1.0,8.0,18,8.0,18.0,9
31146,8.0,8,18,1,1,2,1,1,802.0,95.5,8.0,1.0,8.0,2,9.0,1.0,21
31147,8.0,22,18,1,1,1,1,1,4306.0,9999.99,5.0,1.0,2.0,15,1.0,1.0,38
31148,8.0,18,18,1,1,2,1,1,802.0,25.15,7.0,2.0,8.0,13,1.0,11.0,9
31149,8.0,13,18,1,1,2,1,1,6.0,37.5,6.0,1.0,3.0,15,1.0,2.0,21
31150,8.0,10,18,1,1,2,1,1,802.0,85.6,7.0,1.0,8.0,13,9.0,1.0,3
31151,8.0,21,18,1,1,1,1,1,4321.0,14.0,6.0,1.0,8.0,14,1.0,16.0,31
31152,8.0,13,18,1,1,2,1,1,411.0,130.0,6.0,1.0,3.0,15,8.0,1.0,55
31153,8.0,17,18,1,1,2,1,1,6.0,61.5,6.0,1.0,2.0,15,1.0,1.0,9
31154,8.0,11,18,1,1,2,1,1,411.0,123.1,6.0,1.0,8.0,13,1.0,11.0,9
31155,8.0,15,18,1,1,2,1,1,4301.0,63.0,6.0,1.0,8.0,13,1.0,11.0,9
31156,8.0,12,18,1,1,2,1,1,409.0,72.33,6.0,1.0,3.0,15,1.0,8.0,341
31158,8.0,21,18,1,1,1,1,1,409.0,72.0,6.0,1.0,2.0,15,1.0,1.0,9
31159,8.0,9,18,1,1,2,1,1,4304.0,9999.99,6.0,1.0,8.0,13,1.0,11.0,40
31160,8.0,17,18,1,1,2,1,1,402.0,7.4,6.0,1.0,8.0,13,1.0,11.0,21
31161,8.0,18,18,1,1,2,1,1,4304.0,9999.99,6.0,1.0,8.0,15,1.0,16.0,21
31162,8.0,7,18,1,1,2,1,1,6.0,81.3,6.0,1.0,8.0,2,9.0,11.0,9
31163,8.0,0,18,1,1,1,1,1,6.0,71.0,6.0,1.0,8.0,13,9.0,11.0,36
31164,8.0,21,18,1,1,1,1,1,6.0,79.5,6.0,1.0,2.0,15,1.0,1.0,36
31165,8.0,21,18,1,1,1,1,1,6.0,80.9,6.0,1.0,8.0,13,1.0,11.0,9
31166,8.0,10,74,1,1,2,1,1,6.0,4.5,6.0,1.0,8.0,14,1.0,16.0,59
31167,8.0,2,18,1,1,1,1,1,802.0,23.2,7.0,2.0,8.0,13,1.0,11.0,9
31168,8.0,21,18,1,1,1,1,1,802.0,25.1,7.0,2.0,8.0,13,1.0,5.0,38
31169,8.0,7,18,1,1,2,1,1,802.0,28.1,7.0,2.0,8.0,2,1.0,5.0,21
31170,8.0,15,74,1,1,2,1,1,6.0,18.3,7.0,2.0,2.0,15,1.0,1.0,9
31171,8.0,7,18,1,1,2,1,1,802.0,23.6,7.0,2.0,8.0,13,1.0,5.0,32
31172,8.0,3,18,1,1,1,1,1,802.0,28.5,7.0,2.0,2.0,15,1.0,1.0,9
31174,8.0,20,18,1,1,1,1,1,404.0,5.7,6.0,1.0,3.0,15,1.0,9.0,409
31176,8.0,23,18,1,1,1,1,1,4316.0,9999.99,4.0,1.0,8.0,13,1.0,11.0,31
31177,8.0,19,18,1,1,1,1,1,404.0,2.2,6.0,1.0,8.0,14,1.0,16.0,32
31178,8.0,23,18,1,1,1,1,1,4325.0,1.0,6.0,1.0,3.0,15,1.0,2.0,9
31181,8.0,19,18,1,1,1,1,1,701.0,66.0,7.0,1.0,3.0,15,7.0,1.0,32
31185,8.0,23,18,1,1,1,1,1,411.0,106.3,6.0,1.0,8.0,14,1.0,16.0,9
31186,8.0,9,18,1,1,2,1,1,411.0,113.0,6.0,1.0,3.0,15,1.0,2.0,42
31190,8.0,4,18,1,1,1,1,1,402.0,11.8,6.0,1.0,8.0,13,1.0,11.0,21
31192,8.0,15,18,1,1,2,1,1,402.0,11.0,6.0,1.0,8.0,14,1.0,16.0,400
31193,8.0,20,18,1,1,1,1,1,405.0,23.5,6.0,1.0,2.0,15,1.0,1.0,21
31194,8.0,13,18,1,1,2,1,1,6.0,43.8,6.0,1.0,2.0,15,1.0,1.0,3
31196,8.0,22,18,1,1,1,1,1,6.0,28.0,6.0,1.0,1.0,15,1.0,2.0,3
31197,8.0,23,18,1,1,1,1,1,6.0,27.5,6.0,1.0,3.0,15,1.0,1.0,9
31199,8.0,8,18,1,1,2,1,1,6.0,27.6,6.0,1.0,3.0,15,1.0,1.0,9
31201,8.0,21,18,1,1,1,1,1,4317.0,9999.99,6.0,1.0,8.0,13,1.0,10.0,32
31202,8.0,11,18,1,1,2,1,1,6.0,37.0,6.0,1.0,1.0,15,1.0,2.0,31
31204,8.0,12,18,1,1,2,1,1,6.0,26.1,6.0,1.0,3.0,18,1.0,1.0,9
31205,8.0,13,18,1,1,2,1,1,6.0,27.1,6.0,1.0,3.0,15,1.0,1.0,9
31206,8.0,16,18,1,1,2,1,1,6.0,46.1,6.0,1.0,3.0,15,1.0,9.0,42
31207,8.0,16,73,1,1,2,1,1,403.0,18.9,6.0,1.0,2.0,15,1.0,1.0,9
31208,8.0,18,18,1,1,2,1,1,6.0,29.0,6.0,1.0,2.0,15,1.0,1.0,9
31209,8.0,19,18,1,1,1,1,1,6.0,26.1,6.0,1.0,2.0,15,1.0,1.0,9
31210,8.0,21,18,1,1,1,1,1,6.0,33.0,6.0,1.0,8.0,13,1.0,11.0,9
31211,8.0,20,18,1,1,1,1,1,404.0,65.1,6.0,1.0,1.0,15,1.0,21.0,21
31212,8.0,13,18,1,1,2,1,1,7300.0,32.1,6.0,1.0,8.0,13,1.0,11.0,9
31214,8.0,19,18,1,1,1,1,1,9999.0,104.52,6.0,1.0,8.0,13,1.0,10.0,409
31215,8.0,17,18,1,1,2,1,1,4301.0,5.5,6.0,1.0,1.0,15,1.0,2.0,9
31216,8.0,22,18,1,1,1,1,1,7301.0,37.0,6.0,1.0,8.0,13,1.0,11.0,9
31218,8.0,22,18,1,1,1,1,1,4301.0,26.0,6.0,1.0,8.0,13,1.0,10.0,5
31220,8.0,20,18,1,1,1,1,1,4301.0,28.0,6.0,1.0,8.0,16,1.0,16.0,33
31221,8.0,15,18,1,1,2,1,1,4301.0,30.0,6.0,1.0,8.0,13,1.0,10.0,9
31222,8.0,18,18,1,1,2,1,1,4316.0,9999.99,5.0,1.0,8.0,13,1.0,10.0,32
31224,8.0,19,18,1,1,1,1,1,404.0,46.0,6.0,1.0,3.0,15,1.0,1.0,31
31226,8.0,13,18,1,1,2,1,1,409.0,53.2,6.0,1.0,8.0,14,1.0,16.0,38
31227,8.0,21,18,1,1,1,1,1,409.0,46.2,6.0,1.0,8.0,13,1.0,11.0,9
31228,8.0,13,18,1,1,2,1,1,4303.0,9999.99,5.0,1.0,8.0,14,1.0,16.0,400
31229,8.0,15,18,1,1,2,1,1,409.0,49.0,6.0,1.0,8.0,14,1.0,16.0,38
31230,8.0,12,18,1,1,2,1,1,802.0,97.5,7.0,1.0,8.0,13,1.0,1.0,9
31231,8.0,2,18,1,1,1,1,1,802.0,65.5,7.0,1.0,8.0,2,2.0,1.0,341
31232,8.0,2,18,1,1,1,1,1,802.0,71.2,7.0,1.0,8.0,15,1.0,4.0,82
31233,8.0,8,18,1,1,2,1,1,802.0,87.5,7.0,1.0,8.0,2,9.0,1.0,9
31234,8.0,16,18,1,1,2,1,1,802.0,95.7,7.0,1.0,8.0,2,3.0,1.0,33
31235,8.0,21,18,1,1,1,1,1,802.0,88.5,7.0,1.0,8.0,2,9.0,1.0,9
31236,8.0,7,18,1,1,2,1,1,802.0,91.5,7.0,1.0,2.0,15,1.0,1.0,32
31237,8.0,0,54,1,1,1,1,1,803.0,34.3,8.0,1.0,2.0,15,4.0,1.0,21
32006,9.0,23,2,1,1,1,1,1,10.0,161.2,10.0,1.0,8.0,15,8.0,4.0,9
32008,9.0,19,2,1,1,1,1,1,10.0,9999.99,9.0,1.0,8.0,14,1.0,16.0,53
32009,9.0,21,2,1,1,1,1,1,9999.0,35.0,15.0,1.0,8.0,18,9.0,1.0,9
32010,9.0,9,64,1,1,2,1,1,10.0,8.0,9.0,1.0,3.0,15,1.0,16.0,9
32013,9.0,21,45,1,1,1,1,1,1.0,906.0,12.0,1.0,8.0,14,1.0,18.0,31
32014,9.0,22,2,1,1,1,1,1,1702.0,18.4,8.0,1.0,1.0,15,1.0,4.0,9
32018,9.0,21,45,1,1,1,1,1,1.0,926.1,12.0,1.0,8.0,15,4.0,1.0,36
32019,9.0,21,45,1,1,1,1,1,1.0,926.5,12.0,1.0,2.0,15,4.0,1.0,400
32020,9.0,12,33,1,2,2,2,1,1807.0,16.7,6.0,1.0,8.0,18,7.0,1.0,36
32021,9.0,14,33,1,1,2,1,1,9999.0,18.9,9.0,1.0,8.0,18,1.0,1.0,38
32022,9.0,12,37,1,1,2,1,1,107.0,30.2,9.0,1.0,8.0,18,1.0,1.0,40
32023,9.0,19,45,1,1,1,1,1,105.0,23.3,8.0,1.0,3.0,15,2.0,4.0,21
32029,9.0,14,64,1,1,2,1,1,9999.0,19.25,14.0,1.0,3.0,15,7.0,1.0,31
32030,9.0,12,64,1,1,2,1,1,9999.0,20.0,14.0,1.0,3.0,14,7.0,16.0,9
32031,9.0,14,64,1,1,2,1,1,9999.0,30.4,14.0,1.0,3.0,15,8.0,6.0,9
32034,9.0,14,64,1,1,2,1,1,9999.0,21.2,12.0,1.0,3.0,14,3.0,16.0,40
32035,9.0,17,64,1,1,2,1,1,9999.0,18.2,14.0,1.0,4.0,15,4.0,1.0,3
32037,9.0,21,64,1,1,1,1,1,9999.0,21.5,14.0,1.0,3.0,15,7.0,1.0,9
32039,9.0,2,2,1,1,1,1,1,803.0,393.9,7.0,2.0,2.0,15,1.0,1.0,33
32040,9.0,21,41,1,1,1,1,1,803.0,412.6,7.0,2.0,2.0,15,1.0,1.0,31
32041,9.0,20,64,1,1,1,1,1,105.0,3.6,7.0,1.0,8.0,15,5.0,1.0,43
32043,9.0,19,45,1,1,1,1,1,1.0,898.0,7.0,2.0,3.0,15,7.0,9.0,9
32044,9.0,13,64,1,1,2,1,1,105.0,9.0,7.0,1.0,8.0,14,1.0,16.0,9
32045,9.0,21,45,1,1,1,1,1,1.0,900.2,7.0,2.0,5.0,12,9.0,1.0,9
32046,9.0,14,2,1,1,2,1,1,10.0,63.5,7.0,2.0,2.0,15,5.0,1.0,9
32047,9.0,16,64,1,1,2,1,1,105.0,5.0,12.0,1.0,3.0,15,8.0,1.0,48
32049,9.0,21,64,1,1,1,1,1,105.0,7.0,12.0,1.0,3.0,15,7.0,4.0,53
32051,9.0,9,64,1,1,2,1,1,105.0,4.0,12.0,1.0,3.0,18,7.0,11.0,50
32055,9.0,19,64,1,1,1,1,1,105.0,6.8,12.0,1.0,3.0,15,7.0,4.0,36
32056,9.0,23,45,1,1,1,1,1,1.0,904.5,12.0,1.0,1.0,15,1.0,4.0,36
32057,9.0,16,45,1,1,2,1,1,105.0,21.1,8.0,1.0,8.0,18,9.0,18.0,21
32058,9.0,18,45,1,1,2,1,1,105.0,17.2,8.0,1.0,3.0,15,2.0,4.0,31
32060,9.0,17,45,1,1,2,1,1,1009.0,9999.99,6.0,1.0,8.0,18,9.0,18.0,9
32061,9.0,10,37,1,1,2,1,1,1.0,949.5,6.0,1.0,3.0,15,2.0,1.0,32
32062,9.0,14,37,1,1,2,1,1,1.0,948.9,6.0,1.0,2.0,15,3.0,1.0,9
32063,9.0,12,37,1,1,2,1,1,1905.0,25.0,6.0,1.0,3.0,15,2.0,1.0,46
32066,9.0,19,59,1,1,1,1,1,104.0,24.5,6.0,1.0,8.0,18,9.0,1.0,9
32067,9.0,23,37,1,1,1,1,1,104.0,124.9,6.0,1.0,8.0,18,9.0,1.0,9
32069,9.0,11,37,1,1,2,1,1,104.0,161.8,6.0,1.0,8.0,18,9.0,1.0,31
32072,9.0,13,37,1,1,2,1,1,9999.0,70.8,6.0,1.0,8.0,18,9.0,1.0,46
32074,9.0,18,37,1,1,2,1,1,1903.0,19.2,6.0,1.0,3.0,15,2.0,1.0,9
32076,9.0,3,41,1,1,1,1,1,1.0,843.2,10.0,1.0,7.0,4,7.0,1.0,3
32082,9.0,1,41,1,1,1,1,1,1.0,842.0,10.0,1.0,7.0,4,7.0,1.0,36
32085,9.0,21,41,1,1,1,1,1,1.0,840.6,10.0,1.0,3.0,15,7.0,2.0,9
32086,9.0,12,41,1,1,2,1,1,1.0,831.1,10.0,1.0,7.0,4,7.0,1.0,32
32090,9.0,0,41,1,1,1,1,1,9999.0,9999.99,7.0,1.0,3.0,15,7.0,1.0,9
32091,9.0,0,41,1,1,1,1,1,9999.0,9999.99,7.0,1.0,3.0,15,7.0,1.0,31
32092,9.0,16,41,1,1,2,1,1,9999.0,9999.99,8.0,1.0,2.0,4,4.0,1.0,9
32094,9.0,16,33,1,1,2,1,1,9999.0,13.8,9.0,1.0,8.0,13,1.0,1.0,9
32095,9.0,17,45,1,1,2,1,1,1.0,926.0,12.0,1.0,2.0,15,4.0,1.0,31
32096,9.0,18,45,1,1,2,1,1,1.0,929.4,12.0,1.0,2.0,15,4.0,1.0,9
32099,9.0,21,45,1,1,1,1,1,1.0,921.5,12.0,1.0,3.0,15,3.0,9.0,9
32101,9.0,16,45,1,1,2,1,1,1.0,926.8,12.0,1.0,2.0,15,4.0,1.0,3
32102,9.0,19,45,1,1,1,1,1,1.0,920.2,12.0,1.0,8.0,14,1.0,16.0,9
32105,9.0,8,2,1,1,2,1,1,9999.0,9999.99,15.0,1.0,3.0,15,7.0,1.0,9
32106,9.0,22,2,1,1,1,1,1,9999.0,9999.99,15.0,1.0,2.0,15,4.0,1.0,9
32108,9.0,12,2,1,1,2,1,1,9999.0,92.4,15.0,1.0,3.0,15,7.0,1.0,33
32109,9.0,22,2,1,1,1,1,1,9999.0,91.1,15.0,1.0,8.0,18,9.0,1.0,46
32110,9.0,14,2,1,1,2,1,1,106.0,9999.99,8.0,1.0,8.0,18,9.0,1.0,9
32111,9.0,19,2,2,1,1,1,1,1739.0,1.2,4.0,1.0,1.0,15,1.0,2.0,9
32113,9.0,16,2,1,1,2,1,1,106.0,4.5,6.0,1.0,8.0,14,1.0,1.0,32
32115,9.0,10,2,1,1,2,1,1,1706.0,66.0,7.0,1.0,8.0,14,1.0,16.0,31
32116,9.0,17,2,1,1,2,1,1,1704.0,9999.99,7.0,1.0,8.0,18,9.0,1.0,9
32117,9.0,20,2,1,1,1,1,1,10.0,9999.99,9.0,1.0,8.0,14,1.0,16.0,31
32118,9.0,18,2,1,1,2,1,1,1702.0,9999.99,8.0,1.0,8.0,15,7.0,4.0,9
32119,9.0,4,2,1,1,1,1,1,9999.0,9999.99,15.0,1.0,1.0,15,1.0,4.0,9
32121,9.0,17,2,1,1,2,1,1,9999.0,9999.99,7.0,1.0,3.0,15,7.0,16.0,9
32122,9.0,6,2,1,1,2,1,1,10.0,9999.99,9.0,1.0,2.0,15,4.0,21.0,9
32123,9.0,21,2,1,1,1,1,1,9999.0,9999.99,7.0,1.0,3.0,15,7.0,1.0,36
32124,9.0,15,64,1,1,2,1,1,10.0,25.2,9.0,1.0,8.0,18,9.0,1.0,36
32125,9.0,15,64,1,1,2,1,1,10.0,26.0,9.0,1.0,8.0,18,9.0,1.0,9
32126,9.0,15,41,1,1,2,1,1,10.0,1.2,8.0,2.0,8.0,14,3.0,12.0,40
32127,9.0,19,41,1,1,1,1,1,10.0,2.0,9.0,1.0,2.0,15,4.0,1.0,9
32130,9.0,23,2,1,1,1,1,1,9999.0,9999.99,7.0,1.0,8.0,15,1.0,1.0,32
32131,9.0,10,2,1,1,2,1,1,9999.0,9999.99,7.0,1.0,3.0,15,7.0,16.0,48
32132,9.0,15,45,1,1,2,1,1,1014.0,11.5,6.0,1.0,2.0,15,4.0,1.0,33
32135,9.0,14,64,1,1,2,1,1,10.0,20.4,9.0,1.0,8.0,18,5.0,1.0,31
32136,9.0,20,2,1,1,1,1,1,9999.0,23.4,9.0,1.0,2.0,15,4.0,1.0,46
32137,9.0,11,2,1,1,2,1,1,9999.0,10.0,9.0,1.0,2.0,15,4.0,1.0,31
32138,9.0,6,2,1,1,2,1,1,9999.0,6.1,9.0,1.0,8.0,18,9.0,1.0,32
32139,9.0,19,2,1,1,1,1,1,9999.0,7.0,9.0,1.0,3.0,15,7.0,1.0,43
32141,9.0,8,45,1,1,2,1,1,1014.0,13.3,6.0,1.0,2.0,15,4.0,1.0,9
32144,9.0,14,45,1,1,2,1,1,1014.0,13.1,8.0,1.0,2.0,15,4.0,1.0,9
32145,9.0,16,45,1,1,2,1,1,1014.0,6.2,6.0,1.0,2.0,15,4.0,1.0,9
32152,9.0,22,45,1,1,1,1,1,1.0,902.0,12.0,1.0,3.0,15,6.0,13.0,9
32154,9.0,15,45,1,1,2,1,1,1.0,905.2,12.0,1.0,8.0,14,1.0,18.0,53
32157,9.0,11,45,1,1,2,1,1,1.0,910.4,12.0,1.0,1.0,15,1.0,4.0,9
32158,9.0,11,45,1,1,2,1,1,1.0,905.9,12.0,1.0,8.0,14,1.0,18.0,9
32159,9.0,17,3,1,1,2,1,1,5202.0,9999.99,6.0,1.0,3.0,15,2.0,18.0,9
32160,9.0,19,3,1,1,1,1,1,8.0,9999.99,7.0,1.0,8.0,18,9.0,1.0,9
32161,9.0,14,3,1,1,2,1,1,2.0,294.1,7.0,1.0,7.0,15,3.0,4.0,43
32163,9.0,15,3,1,1,2,1,1,509.0,25.3,7.0,1.0,7.0,15,1.0,2.0,31
32165,9.0,19,3,1,1,1,1,1,2.0,235.0,7.0,1.0,1.0,15,1.0,2.0,9
32166,9.0,14,3,1,1,2,1,1,2.0,345.0,9.0,2.0,8.0,9,1.0,18.0,9
32167,9.0,14,3,1,1,2,1,1,5211.0,2.6,8.0,2.0,2.0,15,1.0,18.0,9
32168,9.0,16,3,1,1,2,1,1,5211.0,0.1,15.0,1.0,2.0,15,4.0,18.0,31
32169,9.0,20,3,1,1,1,1,1,5211.0,0.2,17.0,1.0,8.0,14,1.0,18.0,31
32170,9.0,20,3,1,1,1,1,1,5202.0,9999.99,6.0,1.0,3.0,15,8.0,18.0,43
32171,9.0,10,3,1,1,2,1,1,5209.0,7.2,6.0,1.0,8.0,18,9.0,18.0,32
32172,9.0,21,3,1,1,1,1,1,2.0,286.9,6.0,1.0,8.0,16,1.0,18.0,59
32174,9.0,9,3,1,1,2,1,1,5209.0,10.8,6.0,1.0,8.0,18,9.0,18.0,33
32176,9.0,10,3,1,1,2,1,1,5202.0,9999.99,5.0,1.0,8.0,18,9.0,18.0,9
32177,9.0,13,3,1,1,2,1,1,2.0,320.0,15.0,1.0,8.0,14,1.0,18.0,9
32179,9.0,14,3,1,1,2,1,1,5202.0,9999.99,5.0,1.0,8.0,14,1.0,18.0,9
32180,9.0,12,55,1,1,2,1,1,16.0,299.5,9.0,1.0,3.0,15,8.0,18.0,9
32182,9.0,12,65,1,1,2,1,1,8.0,391.5,5.0,1.0,1.0,15,1.0,4.0,82
32183,9.0,17,4,2,1,2,1,1,304.0,93.5,5.0,1.0,8.0,13,9.0,11.0,33
32184,9.0,3,5,1,1,1,1,1,317.0,72.0,6.0,1.0,8.0,18,9.0,10.0,36
32185,9.0,23,65,1,1,1,1,1,309.0,53.0,5.0,1.0,7.0,14,1.0,16.0,42
32186,9.0,4,4,1,1,1,1,1,304.0,108.9,5.0,1.0,8.0,13,1.0,10.0,42
32189,9.0,11,65,2,1,2,1,1,3203.0,48.0,4.0,1.0,8.0,13,2.0,11.0,32
32191,9.0,23,5,1,1,1,1,1,3222.0,9999.99,6.0,1.0,8.0,18,9.0,10.0,48
32192,9.0,3,5,1,1,1,1,1,8.0,511.2,7.0,1.0,7.0,18,9.0,11.0,32
32195,9.0,18,4,1,1,2,1,1,3100.0,41.75,6.0,1.0,1.0,15,1.0,2.0,31
32197,9.0,22,65,1,1,1,1,1,308.0,114.0,4.0,1.0,8.0,13,2.0,11.0,9
32199,9.0,22,5,1,1,1,1,1,3215.0,9999.99,6.0,1.0,2.0,15,1.0,1.0,32
32200,9.0,20,5,1,1,1,1,1,11.0,185.2,7.0,1.0,2.0,15,1.0,1.0,9
32201,9.0,12,65,1,1,2,1,1,3224.0,23.0,6.0,1.0,8.0,13,1.0,10.0,21
32202,9.0,19,65,1,1,1,1,1,3224.0,21.0,6.0,1.0,8.0,13,1.0,10.0,32
32203,9.0,12,65,2,1,2,1,1,3228.0,9999.99,3.0,1.0,2.0,15,1.0,1.0,32
32204,9.0,12,65,2,1,2,1,1,3203.0,49.5,4.0,1.0,3.0,15,3.0,4.0,341
32205,9.0,10,4,1,1,2,1,1,304.0,96.0,6.0,1.0,3.0,15,7.0,6.0,9
32206,9.0,12,5,1,1,2,1,1,3210.0,9999.99,6.0,1.0,2.0,15,4.0,1.0,9
32210,9.0,20,5,1,1,1,1,1,3222.0,10.0,6.0,1.0,7.0,15,1.0,1.0,9
32211,9.0,20,5,1,1,1,1,1,3222.0,20.0,6.0,1.0,7.0,14,1.0,16.0,9
32212,9.0,12,65,1,1,2,1,1,3220.0,8.0,6.0,1.0,8.0,13,1.0,11.0,9
32213,9.0,1,65,1,1,1,1,1,3222.0,25.0,6.0,1.0,7.0,13,1.0,10.0,9
32215,9.0,11,65,1,1,2,1,1,309.0,63.0,6.0,1.0,7.0,14,1.0,16.0,3
32216,9.0,21,65,1,1,1,1,1,309.0,62.8,6.0,1.0,8.0,13,1.0,11.0,9
32218,9.0,12,65,1,1,2,1,1,3220.0,20.0,6.0,1.0,1.0,15,1.0,4.0,9
32221,9.0,11,65,1,1,2,1,1,3222.0,27.8,6.0,1.0,1.0,15,1.0,4.0,9
32223,9.0,6,65,1,1,2,1,1,309.0,56.0,4.0,1.0,8.0,13,2.0,11.0,21
32225,9.0,21,65,1,1,1,1,1,309.0,55.0,5.0,2.0,2.0,15,1.0,1.0,21
32226,9.0,12,65,1,1,2,1,1,11.0,162.0,5.0,1.0,2.0,15,1.0,1.0,9
32228,9.0,21,5,1,1,1,1,1,3208.0,35.0,6.0,1.0,3.0,15,6.0,1.0,43
32233,9.0,17,5,1,1,2,1,1,3206.0,9999.99,6.0,1.0,3.0,15,3.0,12.0,9
32238,9.0,20,5,1,1,1,1,1,3208.0,31.1,6.0,1.0,3.0,15,6.0,12.0,31
32240,9.0,19,5,1,1,1,1,1,3214.0,12.0,6.0,1.0,2.0,15,1.0,1.0,40
32242,9.0,18,5,1,1,2,1,1,317.0,100.6,6.0,1.0,7.0,18,9.0,11.0,9
32245,9.0,17,5,1,1,2,1,1,3208.0,6.65,6.0,1.0,7.0,14,1.0,16.0,82
32246,9.0,17,5,1,1,2,1,1,3208.0,6.3,6.0,1.0,7.0,15,1.0,4.0,9
32248,9.0,12,5,1,1,2,1,1,3208.0,18.0,6.0,1.0,7.0,14,1.0,16.0,38
32249,9.0,23,5,1,1,1,1,1,3208.0,9.15,6.0,1.0,7.0,14,1.0,16.0,3
32250,9.0,20,5,1,1,1,1,1,3208.0,22.5,6.0,1.0,7.0,15,1.0,1.0,9
32252,9.0,12,5,1,1,2,1,1,3208.0,27.0,6.0,1.0,7.0,14,1.0,16.0,439
32253,9.0,11,5,1,1,2,1,1,3208.0,26.5,6.0,1.0,7.0,14,1.0,16.0,40
32254,9.0,20,5,1,1,1,1,1,3208.0,18.2,6.0,1.0,7.0,15,1.0,7.0,31
32255,9.0,12,5,1,1,2,1,1,8.0,511.6,7.0,1.0,1.0,15,3.0,4.0,9
32257,9.0,10,5,1,1,2,1,1,3222.0,8.2,6.0,1.0,2.0,15,2.0,12.0,46
32259,9.0,13,5,1,1,2,1,1,8.0,434.0,7.0,1.0,7.0,14,1.0,16.0,9
32260,9.0,23,5,1,1,1,1,1,3217.0,9999.99,6.0,1.0,8.0,18,9.0,10.0,31
32262,9.0,12,5,1,1,2,1,1,8.0,434.4,7.0,1.0,2.0,15,1.0,1.0,82
32264,9.0,22,5,1,1,1,1,1,3221.0,4.2,6.0,1.0,7.0,15,1.0,1.0,32
32265,9.0,23,5,1,1,1,1,1,3204.0,4.0,6.0,1.0,7.0,15,1.0,1.0,33
32266,9.0,20,5,1,1,1,1,1,8.0,455.95,7.0,1.0,2.0,15,1.0,1.0,9
32267,9.0,17,5,1,1,2,1,1,8.0,454.0,7.0,1.0,2.0,15,1.0,1.0,341
32268,9.0,17,5,1,1,2,1,1,8.0,455.0,7.0,1.0,7.0,15,9.0,1.0,9
32269,9.0,8,4,1,1,2,1,1,3109.0,4.0,4.0,1.0,2.0,15,4.0,1.0,42
32272,9.0,12,4,1,1,2,1,1,8.0,408.0,8.0,1.0,2.0,15,4.0,1.0,33
32273,9.0,12,4,1,1,2,1,1,3109.0,9999.99,4.0,1.0,8.0,14,7.0,16.0,9
32274,9.0,12,5,1,1,2,1,1,3221.0,9999.99,6.0,1.0,2.0,15,4.0,1.0,43
32275,9.0,21,5,1,1,1,1,1,3204.0,9999.99,6.0,1.0,2.0,14,1.0,1.0,9
32276,9.0,10,5,1,1,2,1,1,3223.0,9999.99,6.0,1.0,2.0,15,4.0,1.0,341
32277,9.0,23,5,1,1,1,1,1,3227.0,9999.99,6.0,1.0,8.0,18,9.0,1.0,9
32281,9.0,14,4,1,1,2,1,1,3100.0,40.8,6.0,1.0,2.0,14,8.0,1.0,43
32283,9.0,10,4,1,1,2,1,1,3105.0,34.0,5.0,1.0,3.0,15,6.0,1.0,82
32284,9.0,9,4,1,1,2,1,1,3103.0,9999.99,6.0,1.0,8.0,18,8.0,1.0,9
32290,9.0,20,4,2,1,1,1,1,304.0,24.0,5.0,1.0,2.0,15,4.0,1.0,9
32292,9.0,15,4,2,1,2,1,1,3108.0,9999.99,4.0,1.0,2.0,15,4.0,1.0,9
32293,9.0,13,4,2,1,2,1,1,210.0,69.6,4.0,1.0,3.0,15,7.0,6.0,33
32294,9.0,21,4,1,2,1,2,1,302.0,105.3,4.0,1.0,8.0,13,1.0,1.0,31
32303,9.0,18,4,2,1,2,1,1,307.0,28.2,5.0,1.0,8.0,13,9.0,5.0,9
32309,9.0,13,65,1,1,2,1,1,8.0,400.6,7.0,1.0,7.0,15,1.0,1.0,43
32314,9.0,14,65,1,1,2,1,1,8.0,399.0,7.0,1.0,8.0,13,1.0,11.0,43
32315,9.0,9,65,1,1,2,1,1,3105.0,12.0,6.0,1.0,7.0,15,1.0,1.0,40
32316,9.0,11,65,1,1,2,1,1,3105.0,13.0,6.0,1.0,7.0,15,1.0,1.0,43