NUM_ACC,MOIS_ACC,HEU_ACC,COD_PRV,COD_ETA_CHA,COD_ETA_SUR,COD_LUM,COD_INT,TYP_LIE_ACC,NUM_ROU,PKM,LAR_CHA,COD_TYP_CHA,COD_TYP_COL,COD_OBS_HRT,COD_POI_CHO,COD_MAN,CIR_ACC
34322,9.0,7,17,1,1,2,1,1,4.0,71.0,5.0,1.0,7.0,14,1.0,16.0,38
34323,9.0,18,17,1,1,2,1,1,4.0,71.0,5.0,1.0,2.0,15,6.0,7.0,50
34324,9.0,16,17,1,1,2,1,1,4.0,70.2,5.0,1.0,8.0,12,9.0,1.0,50
34325,9.0,16,17,1,1,2,1,1,411.0,16.75,5.0,1.0,8.0,18,9.0,1.0,9
34328,9.0,16,61,1,1,2,1,1,409.0,21.2,6.0,1.0,2.0,15,4.0,1.0,21
34329,9.0,12,30,1,1,2,1,1,9999.0,9999.99,7.0,1.0,3.0,15,8.0,4.0,406
34332,9.0,17,30,1,1,2,1,1,805.0,60.4,7.0,2.0,8.0,14,1.0,16.0,21
34333,9.0,10,30,1,1,2,1,1,4600.0,9999.99,12.0,1.0,8.0,14,1.0,16.0,31
34334,9.0,22,69,1,1,1,1,1,16.0,27.2,7.0,1.0,4.0,15,9.0,4.0,9
34336,9.0,20,40,1,1,1,1,1,415.0,9.2,6.0,1.0,8.0,13,9.0,1.0,21
34337,9.0,18,40,1,1,2,1,1,805.0,114.8,7.0,2.0,2.0,15,1.0,1.0,9
34338,9.0,9,40,1,1,2,1,1,805.0,133.9,7.0,2.0,7.0,14,1.0,1.0,21
34339,9.0,6,40,1,1,2,1,1,415.0,31.5,5.0,1.0,8.0,13,8.0,10.0,21
34340,9.0,17,40,1,1,2,1,1,1.0,68.5,8.0,1.0,8.0,13,1.0,10.0,21
34341,9.0,18,40,1,1,2,1,1,415.0,26.0,5.0,1.0,8.0,15,1.0,10.0,21
34342,9.0,19,30,1,1,1,1,1,415.0,41.7,4.0,1.0,8.0,13,9.0,11.0,9
34344,9.0,17,40,1,1,2,1,1,417.0,23.6,4.0,1.0,2.0,15,2.0,1.0,9
34345,9.0,22,40,1,1,1,1,1,805.0,128.7,7.0,2.0,8.0,13,9.0,11.0,409
34348,9.0,11,40,1,1,2,1,1,805.0,112.35,7.0,2.0,8.0,2,2.0,11.0,406
34349,9.0,19,40,1,1,1,1,1,805.0,93.4,7.0,2.0,8.0,3,2.0,11.0,32
34351,9.0,18,30,1,1,2,1,1,4603.0,9999.99,7.0,1.0,1.0,15,1.0,4.0,38
34352,9.0,6,30,1,1,2,1,1,805.0,55.0,5.0,2.0,7.0,5,1.0,17.0,31
34353,9.0,21,30,1,1,1,1,1,1.0,13.3,11.0,2.0,3.0,15,7.0,3.0,50
34354,9.0,2,30,1,1,1,1,1,1.0,12.1,11.0,2.0,3.0,15,7.0,1.0,9
34355,9.0,15,30,1,1,2,1,1,1.0,13.6,8.0,1.0,3.0,15,7.0,4.0,9
34357,9.0,9,40,1,1,2,1,1,415.0,10.8,6.0,1.0,3.0,15,8.0,4.0,9
34358,9.0,18,40,1,1,2,1,1,415.0,11.0,6.0,1.0,8.0,13,9.0,10.0,36
34359,9.0,14,40,1,1,2,1,1,4404.0,0.0,6.0,1.0,8.0,13,9.0,11.0,31
34363,9.0,1,40,1,1,1,1,1,1.0,121.6,7.0,1.0,8.0,13,9.0,10.0,9
34366,9.0,20,40,1,1,1,1,1,4405.0,9999.99,6.0,1.0,1.0,15,1.0,4.0,31
34367,9.0,17,40,1,1,2,1,1,1.0,71.0,7.0,1.0,7.0,15,8.0,10.0,21
34368,9.0,16,40,1,1,2,1,1,417.0,15.0,5.0,1.0,2.0,15,8.0,10.0,409
34372,9.0,4,30,1,1,1,1,1,1.0,56.2,7.0,1.0,7.0,18,9.0,10.0,9
34373,9.0,9,30,1,1,2,1,1,2.0,12.2,7.0,1.0,3.0,15,7.0,6.0,40
34374,9.0,19,30,1,1,1,1,1,2.0,13.8,7.0,2.0,8.0,14,1.0,16.0,31
34375,9.0,18,30,1,1,2,1,1,805.0,22.9,7.0,2.0,7.0,2,2.0,11.0,31
34376,9.0,12,30,1,1,2,1,1,2.0,13.8,8.0,2.0,8.0,14,1.0,16.0,38
34377,9.0,9,30,1,1,2,1,1,805.0,91.3,7.0,2.0,7.0,2,8.0,10.0,32
34378,9.0,20,30,1,1,1,1,1,805.0,88.8,7.0,2.0,8.0,13,8.0,11.0,9
34380,9.0,20,69,1,1,1,1,1,4611.0,9999.99,14.0,1.0,3.0,15,7.0,6.0,9
34381,9.0,16,30,1,1,2,1,1,2.0,21.5,7.0,2.0,8.0,13,9.0,11.0,3
34382,9.0,10,69,1,1,2,1,1,16.0,38.1,7.0,2.0,4.0,15,9.0,1.0,9
34383,9.0,19,30,1,1,1,1,1,805.0,77.2,7.0,2.0,2.0,15,6.0,1.0,9
34386,9.0,12,30,1,1,2,1,1,4603.0,9999.99,7.0,1.0,8.0,13,9.0,11.0,21
34388,9.0,20,30,1,1,1,1,1,4601.0,9999.99,1.0,1.0,3.0,15,5.0,1.0,38
34389,9.0,20,30,1,1,1,1,1,4602.0,9999.99,14.0,1.0,1.0,15,1.0,4.0,38
34390,9.0,13,30,1,1,2,1,1,9999.0,9999.99,7.0,1.0,3.0,15,8.0,4.0,21
34392,9.0,15,30,1,1,2,1,1,4603.0,9999.99,5.0,1.0,8.0,13,9.0,9.0,21
34395,9.0,8,30,1,1,2,1,1,4601.0,9999.99,16.0,1.0,7.0,7,2.0,11.0,46
34396,9.0,18,30,1,1,2,1,1,2.0,10.7,7.0,2.0,2.0,15,4.0,1.0,21
34398,9.0,2,34,1,1,1,1,1,802.0,239.9,7.0,2.0,2.0,15,1.0,1.0,21
34399,9.0,13,34,1,1,2,1,1,5413.0,10.0,5.0,1.0,8.0,14,1.0,16.0,341
34405,9.0,3,34,1,1,1,1,1,5407.0,11.4,6.0,1.0,8.0,13,9.0,5.0,9
34416,9.0,13,34,1,1,2,1,1,5428.0,2.0,5.0,1.0,3.0,15,8.0,4.0,21
34418,9.0,12,34,1,1,2,1,1,508.0,50.0,5.0,1.0,8.0,18,3.0,10.0,21
34419,9.0,12,34,1,1,2,1,1,9999.0,38.0,7.0,2.0,8.0,14,1.0,16.0,9
34421,9.0,9,34,1,1,2,1,1,6.0,303.5,7.0,1.0,2.0,15,1.0,1.0,21
34422,9.0,10,34,1,1,2,1,1,6.0,311.15,7.0,1.0,8.0,18,2.0,10.0,9
34423,9.0,18,34,1,1,2,1,1,6.0,310.5,7.0,1.0,3.0,15,7.0,1.0,9
34424,9.0,10,34,1,2,2,2,1,802.0,265.2,7.0,2.0,8.0,13,7.0,10.0,9
34426,9.0,12,34,1,1,2,1,1,802.0,244.6,7.0,2.0,2.0,15,1.0,1.0,9
34427,9.0,13,34,1,1,2,1,1,802.0,276.3,7.0,2.0,2.0,15,1.0,1.0,9
34428,9.0,21,36,1,1,1,1,1,807.0,25.3,10.0,2.0,8.0,15,4.0,1.0,38
34431,9.0,6,52,1,1,2,1,1,4103.0,43.5,4.0,1.0,8.0,13,9.0,1.0,9
34433,9.0,17,36,1,1,2,1,1,2.0,39.0,9.0,2.0,7.0,12,1.0,11.0,71
34434,9.0,19,36,1,1,1,1,1,16.0,102.3,8.0,1.0,8.0,13,9.0,1.0,9
34435,9.0,15,36,1,1,2,1,1,16.0,109.0,8.0,1.0,7.0,15,2.0,4.0,9
34437,9.0,21,36,1,1,1,1,1,16.0,9999.99,8.0,1.0,8.0,13,9.0,1.0,46
34438,9.0,17,36,1,1,2,1,1,2.0,78.2,6.0,1.0,1.0,15,1.0,4.0,3
34439,9.0,21,36,1,1,1,1,1,2.0,80.5,6.0,1.0,8.0,18,8.0,10.0,21
34440,9.0,18,36,1,1,2,1,1,2.0,82.0,6.0,1.0,1.0,15,1.0,4.0,31
34441,9.0,11,36,1,1,2,1,1,2.0,78.0,6.0,1.0,8.0,18,7.0,11.0,9
34442,9.0,16,36,1,1,2,1,1,2.0,83.9,6.0,1.0,8.0,18,8.0,10.0,31
34443,9.0,6,36,1,1,2,1,1,2.0,83.4,6.0,1.0,8.0,18,7.0,11.0,36
34444,9.0,11,36,1,1,2,1,1,2.0,73.1,6.0,1.0,7.0,14,8.0,1.0,21
34445,9.0,12,36,1,1,2,1,1,2.0,86.0,6.0,1.0,3.0,15,8.0,12.0,9
34446,9.0,23,36,1,1,1,1,1,2.0,76.0,6.0,1.0,8.0,18,8.0,10.0,50
34447,9.0,16,36,1,1,2,1,1,807.0,16.6,12.0,2.0,3.0,15,6.0,1.0,53
34448,9.0,22,36,1,1,1,1,1,807.0,25.0,10.0,2.0,2.0,15,6.0,1.0,82
34449,9.0,11,36,1,1,2,1,1,2.0,55.7,8.0,1.0,7.0,15,3.0,1.0,9
34450,9.0,20,36,1,1,1,1,1,2.0,58.1,8.0,1.0,2.0,15,4.0,1.0,33
34452,9.0,23,36,1,1,1,1,1,2.0,66.3,8.0,1.0,8.0,13,9.0,1.0,82
34456,9.0,19,36,1,1,1,1,1,16.0,90.4,8.0,1.0,3.0,15,7.0,1.0,9
34463,9.0,19,9,1,1,1,1,1,2.0,99.9,8.0,1.0,8.0,13,9.0,1.0,9
34465,9.0,16,9,1,1,2,1,1,16.0,128.0,8.0,1.0,7.0,15,8.0,4.0,9
34466,9.0,17,9,1,1,2,1,1,16.0,182.0,8.0,1.0,8.0,13,9.0,1.0,81
34468,9.0,17,9,1,1,2,1,1,13.0,9999.99,8.0,1.0,3.0,15,7.0,4.0,9
34471,9.0,3,9,1,1,1,1,1,2.0,179.0,8.0,1.0,8.0,13,9.0,1.0,53
34473,9.0,9,9,1,1,2,1,1,2.0,167.8,8.0,1.0,3.0,15,8.0,4.0,31
34475,9.0,18,36,1,1,2,1,1,2.0,46.0,8.0,2.0,3.0,15,6.0,1.0,9
34476,9.0,16,36,1,1,2,1,1,2.0,37.5,8.0,2.0,8.0,14,1.0,16.0,9
34477,9.0,16,36,1,1,2,1,1,4704.0,15.0,4.0,1.0,1.0,15,2.0,4.0,9
34479,9.0,10,52,1,1,2,1,1,408.0,88.2,6.0,1.0,1.0,15,1.0,4.0,31
34481,9.0,21,52,1,1,1,1,1,408.0,87.0,5.0,1.0,2.0,15,4.0,1.0,82
34482,9.0,6,52,1,1,2,1,1,13.0,108.3,8.0,1.0,3.0,15,7.0,4.0,9
34483,9.0,11,52,1,1,2,1,1,13.0,107.2,8.0,1.0,2.0,15,4.0,1.0,9
34485,9.0,18,52,1,1,2,1,1,4506.0,9999.99,3.0,1.0,7.0,15,3.0,4.0,82
34486,9.0,20,52,1,1,1,1,1,4506.0,9999.99,4.0,1.0,8.0,13,9.0,1.0,9
34488,9.0,1,9,1,1,1,1,1,2.0,138.7,8.0,1.0,7.0,15,6.0,4.0,9
36002,10.0,23,2,1,1,1,1,1,803.0,371.8,7.0,2.0,2.0,15,1.0,11.0,9
36003,10.0,2,64,1,1,1,1,1,9999.0,19.1,12.0,1.0,3.0,15,7.0,7.0,46
36006,10.0,8,2,1,1,2,1,1,10.0,190.0,8.0,1.0,8.0,18,9.0,1.0,32
36007,10.0,11,2,1,1,2,1,1,10.0,114.8,9.0,1.0,2.0,15,1.0,1.0,9
36008,10.0,18,45,1,1,1,1,1,1014.0,11.0,6.0,1.0,2.0,15,4.0,1.0,33
36009,10.0,18,2,1,1,1,1,1,9999.0,108.0,15.0,1.0,2.0,15,4.0,1.0,50
36010,10.0,13,45,1,1,2,1,1,1009.0,20.2,6.0,1.0,3.0,15,2.0,4.0,50
36014,10.0,15,12,1,1,2,1,1,1.0,779.0,6.0,1.0,7.0,18,1.0,1.0,21
36015,10.0,21,2,1,1,1,1,1,10.0,58.5,12.0,1.0,3.0,14,7.0,16.0,3
36018,10.0,19,2,1,1,1,1,1,9999.0,9999.99,7.0,1.0,3.0,15,7.0,1.0,9
36019,10.0,18,41,2,1,1,1,1,1001.0,21.0,4.0,1.0,1.0,15,3.0,4.0,9
36023,10.0,21,64,1,1,1,1,1,9999.0,20.2,12.0,1.0,3.0,15,7.0,1.0,21
36024,10.0,22,2,1,1,1,1,1,10.0,9999.99,9.0,1.0,8.0,14,1.0,16.0,9
36027,10.0,11,41,1,1,2,1,1,1.0,798.1,6.0,1.0,3.0,15,1.0,4.0,21
36028,10.0,17,33,1,1,2,1,1,9999.0,9999.99,6.0,1.0,8.0,18,9.0,18.0,53
36031,10.0,18,37,1,1,1,1,1,1011.0,9999.99,6.0,1.0,8.0,14,1.0,16.0,9
36032,10.0,9,45,1,1,2,1,1,105.0,79.4,6.0,1.0,1.0,15,1.0,4.0,32
36033,10.0,11,45,1,1,2,1,1,1018.0,9999.99,6.0,1.0,8.0,14,1.0,16.0,9
36036,10.0,21,45,1,1,1,1,1,1014.0,9.0,6.0,1.0,8.0,14,1.0,16.0,9
36037,10.0,14,2,1,1,2,1,1,9999.0,69.3,7.0,1.0,8.0,18,9.0,1.0,9
36040,10.0,21,45,1,1,1,1,1,1.0,905.2,12.0,1.0,1.0,15,1.0,4.0,9
36041,10.0,21,45,1,1,1,1,1,1.0,906.0,12.0,1.0,8.0,14,1.0,16.0,9
36045,10.0,21,45,1,1,1,1,1,1.0,911.2,12.0,1.0,1.0,15,1.0,6.0,53
36046,10.0,13,45,1,1,2,1,1,1014.0,12.0,6.0,1.0,3.0,15,2.0,9.0,71
36048,10.0,7,45,1,1,2,1,1,1.0,914.0,12.0,1.0,8.0,14,1.0,16.0,9
36049,10.0,21,45,1,1,1,1,1,1014.0,11.2,6.0,1.0,2.0,15,4.0,1.0,36
36052,10.0,8,45,1,1,2,1,1,1014.0,13.2,6.0,1.0,2.0,15,4.0,1.0,32
36056,10.0,18,45,1,1,1,1,1,1.0,904.7,12.0,1.0,8.0,18,9.0,18.0,9
36057,10.0,18,2,1,1,1,1,1,9999.0,119.1,15.0,1.0,2.0,15,4.0,1.0,9
36058,10.0,12,2,1,1,2,1,1,9999.0,105.9,15.0,1.0,8.0,15,7.0,4.0,9
36060,10.0,20,2,1,1,1,1,1,1737.0,9999.99,7.0,1.0,3.0,15,7.0,4.0,21
36061,10.0,10,2,1,1,2,1,1,106.0,9999.99,9.0,1.0,3.0,15,7.0,4.0,9
36062,10.0,10,2,1,1,2,1,1,10.0,196.6,12.0,2.0,3.0,15,5.0,7.0,9
36063,10.0,6,2,1,1,1,1,1,10.0,186.1,7.0,1.0,8.0,18,1.0,10.0,21
36064,10.0,16,2,1,1,2,1,1,1739.0,50.0,4.0,1.0,3.0,15,7.0,1.0,31
36065,10.0,11,2,1,1,2,1,1,9999.0,9999.99,9.0,1.0,8.0,18,9.0,1.0,3
36066,10.0,11,2,1,1,2,1,1,1723.0,9999.99,9.0,1.0,8.0,18,9.0,1.0,3
36068,10.0,13,2,1,1,2,1,1,9999.0,82.9,7.0,1.0,8.0,18,9.0,1.0,9
36069,10.0,19,2,1,1,1,1,1,9999.0,72.35,7.0,1.0,8.0,14,1.0,16.0,38
36070,10.0,18,2,1,1,1,1,1,9999.0,84.0,7.0,1.0,3.0,15,6.0,1.0,42
36071,10.0,13,2,1,1,2,1,1,9999.0,100.2,15.0,1.0,8.0,18,9.0,1.0,31
36072,10.0,20,45,1,1,1,1,1,1014.0,11.2,6.0,1.0,3.0,15,2.0,8.0,21
36073,10.0,19,45,1,1,1,1,1,1.0,919.0,12.0,1.0,2.0,15,4.0,1.0,3
36075,10.0,11,45,1,1,2,1,1,1.0,924.1,12.0,1.0,1.0,15,1.0,4.0,38
36076,10.0,13,45,1,1,2,1,1,1.0,923.0,12.0,1.0,3.0,15,2.0,4.0,21
36079,10.0,19,45,1,1,1,1,1,1014.0,11.6,6.0,1.0,3.0,15,2.0,9.0,9
36081,10.0,16,45,1,1,2,1,1,1014.0,13.0,6.0,1.0,2.0,15,4.0,1.0,82
36085,10.0,8,2,1,1,2,1,1,9999.0,116.0,15.0,1.0,3.0,15,4.0,4.0,31
36088,10.0,7,45,1,1,2,1,1,1014.0,13.1,6.0,1.0,3.0,15,2.0,4.0,31
36089,10.0,12,45,1,1,2,1,1,1.0,924.2,12.0,1.0,8.0,14,1.0,16.0,42
36090,10.0,17,45,1,1,2,1,1,1.0,926.3,12.0,1.0,8.0,14,1.0,16.0,32
36091,10.0,21,45,1,1,1,1,1,1.0,916.8,12.0,1.0,2.0,15,4.0,1.0,9
36096,10.0,20,45,1,1,1,1,1,1.0,933.0,12.0,1.0,8.0,14,1.0,16.0,50
36100,10.0,18,45,1,1,1,1,1,1018.0,9999.99,6.0,1.0,1.0,15,1.0,4.0,21
36101,10.0,13,45,1,1,2,1,1,1016.0,9999.99,6.0,1.0,3.0,15,2.0,4.0,50
36103,10.0,16,45,1,1,2,1,1,1016.0,30.0,6.0,1.0,3.0,15,2.0,4.0,9
36104,10.0,10,64,1,1,2,1,1,105.0,3.0,6.0,1.0,2.0,15,4.0,1.0,9
36105,10.0,19,45,1,1,1,1,1,105.0,17.0,6.0,1.0,8.0,15,2.0,4.0,31
36106,10.0,9,45,1,1,2,1,1,105.0,41.3,6.0,1.0,8.0,18,9.0,18.0,9
36107,10.0,9,45,1,1,2,1,1,1.0,921.2,12.0,1.0,8.0,14,1.0,16.0,21
36110,10.0,9,45,1,1,2,1,1,1009.0,20.9,6.0,1.0,3.0,15,2.0,4.0,3
36117,10.0,9,33,1,4,2,1,1,102.0,75.12,6.0,1.0,8.0,18,9.0,18.0,9
36119,10.0,8,2,1,1,2,1,1,803.0,396.0,8.0,2.0,3.0,15,2.0,11.0,9
36124,10.0,23,37,1,1,1,1,1,1.0,960.0,6.0,1.0,8.0,18,9.0,1.0,9
36125,10.0,3,37,1,1,1,1,1,1.0,960.0,6.0,1.0,8.0,18,9.0,1.0,9
36128,10.0,5,12,1,1,1,1,1,1.0,778.0,6.0,1.0,7.0,18,9.0,1.0,9
36131,10.0,6,33,1,1,1,1,1,9999.0,20.0,16.0,1.0,3.0,15,6.0,21.0,9
36132,10.0,17,2,1,1,2,1,1,10.0,9999.99,9.0,1.0,3.0,15,6.0,1.0,9
36135,10.0,16,2,1,1,2,1,1,9999.0,9999.99,15.0,1.0,3.0,15,7.0,1.0,9
36136,10.0,8,2,1,1,2,1,1,9999.0,86.0,7.0,1.0,8.0,15,6.0,1.0,32
36137,10.0,8,64,1,1,2,1,1,105.0,2.7,12.0,1.0,3.0,15,7.0,1.0,9
36138,10.0,11,45,1,1,2,1,1,1.0,897.3,7.0,2.0,8.0,13,7.0,12.0,9
36139,10.0,15,45,1,1,2,1,1,1.0,898.95,12.0,1.0,1.0,15,1.0,4.0,31
36140,10.0,17,37,1,1,2,1,1,1.0,985.6,6.0,1.0,8.0,18,9.0,1.0,9
36141,10.0,21,37,1,1,1,1,1,1.0,982.2,6.0,1.0,8.0,18,9.0,1.0,9
36142,10.0,13,2,1,1,2,1,1,9999.0,20.0,9.0,1.0,8.0,14,1.0,16.0,9
36143,10.0,18,2,1,1,1,1,1,1729.0,9999.99,7.0,1.0,8.0,18,9.0,1.0,82
36144,10.0,10,64,1,1,2,1,1,10.0,29.0,9.0,1.0,8.0,18,9.0,1.0,21
36145,10.0,14,2,1,1,2,1,1,9999.0,23.0,9.0,1.0,2.0,15,4.0,1.0,9
36146,10.0,13,2,1,1,2,1,1,9999.0,3.0,9.0,1.0,2.0,15,4.0,1.0,9
36150,10.0,7,64,1,1,2,1,1,9999.0,19.2,12.0,1.0,3.0,14,8.0,16.0,3
36151,10.0,13,64,1,1,2,1,1,105.0,6.3,12.0,1.0,3.0,15,7.0,7.0,9
36152,10.0,7,64,1,1,2,1,1,1005.0,9999.99,8.0,1.0,2.0,15,4.0,1.0,9
36153,10.0,19,64,1,1,1,1,1,105.0,3.2,12.0,1.0,3.0,15,8.0,7.0,38
36154,10.0,14,64,1,1,2,1,1,1005.0,9999.99,9.0,1.0,3.0,15,7.0,4.0,42
36155,10.0,17,64,1,1,2,1,1,105.0,7.0,12.0,1.0,3.0,15,8.0,7.0,31
36156,10.0,20,64,1,1,1,1,1,105.0,3.0,12.0,1.0,3.0,15,7.0,1.0,21
36159,10.0,17,2,1,1,2,1,1,10.0,9999.99,9.0,1.0,3.0,15,7.0,16.0,38
36160,10.0,15,2,1,1,2,1,1,9999.0,9999.99,7.0,1.0,2.0,15,1.0,1.0,21
36161,10.0,12,2,1,1,2,1,1,9999.0,9999.99,7.0,1.0,2.0,15,4.0,1.0,21
36162,10.0,18,2,1,1,1,1,1,9999.0,9999.99,9.0,1.0,3.0,15,7.0,4.0,21
36163,10.0,19,2,1,1,1,1,1,1010.0,9999.99,8.0,1.0,8.0,15,7.0,4.0,9
36165,10.0,13,2,1,1,2,1,1,1707.0,9999.99,7.0,1.0,2.0,15,4.0,1.0,38
36168,10.0,11,41,1,1,2,1,1,803.0,416.7,7.0,2.0,8.0,18,1.0,13.0,9
36171,10.0,12,64,1,1,2,1,1,105.0,8.0,12.0,1.0,3.0,15,7.0,1.0,32
36172,10.0,10,64,1,1,2,1,1,105.0,6.0,12.0,1.0,2.0,15,4.0,1.0,9
36175,10.0,21,64,1,1,1,1,1,105.0,2.5,12.0,1.0,3.0,15,7.0,1.0,21
36177,10.0,12,64,1,1,2,1,1,105.0,7.0,12.0,1.0,3.0,14,8.0,16.0,9
36178,10.0,23,64,1,1,1,1,1,105.0,9999.99,9.0,1.0,3.0,15,7.0,1.0,53
36179,10.0,12,64,1,1,2,1,1,105.0,5.0,12.0,1.0,3.0,15,8.0,4.0,9
36181,10.0,21,64,1,1,1,1,1,105.0,9999.99,9.0,1.0,3.0,15,7.0,4.0,36
36182,10.0,15,64,1,1,2,1,1,105.0,3.6,12.0,1.0,3.0,15,8.0,6.0,50
36185,10.0,13,41,1,1,2,1,1,9999.0,9999.99,8.0,1.0,8.0,14,1.0,16.0,21
36186,10.0,19,41,1,1,1,1,1,9999.0,9999.99,51.0,1.0,8.0,14,1.0,16.0,31
36187,10.0,19,41,1,1,1,1,1,9999.0,9999.99,8.0,1.0,7.0,15,8.0,10.0,3
36188,10.0,18,41,2,4,1,1,1,9999.0,9999.99,8.0,1.0,1.0,15,1.0,2.0,42
36191,10.0,22,41,1,1,1,1,1,9999.0,363.8,7.0,1.0,1.0,15,2.0,4.0,42
36194,10.0,12,41,1,1,2,1,1,1.0,843.2,10.0,1.0,7.0,6,1.0,1.0,46
36195,10.0,17,2,1,1,2,1,1,803.0,399.0,8.0,2.0,3.0,15,1.0,1.0,38
36197,10.0,16,41,1,1,2,1,1,1.0,841.0,10.0,1.0,3.0,15,8.0,7.0,31
36200,10.0,11,35,1,1,2,1,1,509.0,10.4,7.0,1.0,8.0,18,9.0,1.0,38
36203,10.0,15,3,1,1,2,1,1,2.0,214.8,7.0,1.0,8.0,18,9.0,1.0,31
36204,10.0,18,3,1,1,1,1,1,2.0,305.6,8.0,1.0,3.0,15,1.0,18.0,31
36205,10.0,10,3,1,1,2,1,1,16.0,292.5,6.0,1.0,8.0,14,4.0,18.0,53
36206,10.0,13,3,1,1,2,1,1,2.0,305.2,8.0,1.0,8.0,14,1.0,18.0,31
36207,10.0,9,3,1,1,2,1,1,5209.0,7.2,6.0,1.0,8.0,18,8.0,10.0,31
36210,10.0,18,3,1,1,1,1,1,2.0,317.5,8.0,2.0,8.0,18,9.0,18.0,3
36211,10.0,18,3,1,1,1,1,1,2.0,319.5,17.0,1.0,8.0,14,4.0,18.0,21
36212,10.0,10,3,1,1,2,1,1,2.0,318.0,8.0,2.0,8.0,14,1.0,18.0,31
36214,10.0,20,3,1,1,1,1,1,5204.0,9999.99,7.0,1.0,7.0,15,7.0,2.0,31
36215,10.0,16,3,1,1,2,1,1,509.0,49.0,7.0,1.0,8.0,14,1.0,1.0,46
36218,10.0,18,3,1,1,1,1,1,509.0,28.6,7.0,1.0,8.0,18,9.0,1.0,31
36221,10.0,20,65,1,1,1,1,1,3224.0,9999.99,5.0,1.0,7.0,15,1.0,1.0,9
36223,10.0,22,4,1,1,1,1,1,8.0,415.0,7.0,1.0,1.0,15,1.0,4.0,9
36224,10.0,1,65,1,1,1,1,1,308.0,127.0,5.0,1.0,3.0,14,1.0,4.0,9
36226,10.0,18,65,1,1,1,1,1,3224.0,24.0,6.0,1.0,7.0,7,1.0,1.0,46
36227,10.0,6,5,1,1,1,1,1,3215.0,9999.99,5.0,1.0,7.0,14,1.0,16.0,9
36228,10.0,13,5,1,1,2,1,1,3213.0,9999.99,6.0,1.0,3.0,15,1.0,8.0,48
36230,10.0,17,65,1,1,2,1,1,3216.0,12.0,6.0,1.0,7.0,14,1.0,16.0,21
36233,10.0,0,5,1,1,1,1,1,3206.0,9999.99,6.0,1.0,7.0,14,1.0,16.0,9
36235,10.0,20,65,1,1,1,1,1,308.0,96.0,5.0,1.0,3.0,15,3.0,4.0,31
36237,10.0,19,65,2,1,1,1,1,3222.0,28.2,4.0,1.0,1.0,15,1.0,4.0,9
36238,10.0,19,65,1,1,1,1,1,308.0,124.0,5.0,1.0,8.0,13,2.0,11.0,9
36239,10.0,8,65,1,1,2,1,1,8.0,422.0,7.0,1.0,2.0,15,4.0,1.0,459
36240,10.0,21,65,2,1,1,1,1,3224.0,37.0,3.0,1.0,3.0,14,1.0,4.0,21
36241,10.0,12,65,1,1,2,1,1,309.0,79.0,6.0,1.0,7.0,15,1.0,1.0,82
36242,10.0,6,65,1,1,1,1,1,8.0,418.0,7.0,1.0,8.0,13,2.0,11.0,9
36251,10.0,14,4,1,1,2,1,1,3109.0,9999.99,4.0,1.0,8.0,14,7.0,16.0,31
36252,10.0,12,4,1,1,2,1,1,3109.0,3.2,4.0,1.0,7.0,15,5.0,8.0,9
36271,10.0,12,4,1,1,2,1,1,3100.0,39.5,2.0,1.0,7.0,15,7.0,2.0,9
36273,10.0,12,4,1,1,2,1,1,304.0,125.5,6.0,1.0,3.0,15,3.0,8.0,9
36274,10.0,12,4,1,1,2,1,1,304.0,124.1,6.0,1.0,1.0,15,1.0,4.0,38
36275,10.0,10,65,1,1,2,1,1,3105.0,12.0,6.0,1.0,7.0,15,1.0,4.0,9
36277,10.0,19,65,2,1,1,1,1,3211.0,28.0,3.0,1.0,3.0,15,3.0,4.0,21
36278,10.0,18,65,2,1,1,1,1,3211.0,3.4,4.0,1.0,8.0,13,2.0,11.0,31
36280,10.0,12,5,2,1,2,1,1,3215.0,9999.99,3.0,1.0,3.0,15,3.0,4.0,9
36282,10.0,12,65,1,1,2,1,1,11.0,174.0,7.0,1.0,3.0,15,3.0,4.0,3
36283,10.0,19,65,1,1,1,1,1,11.0,176.0,7.0,1.0,3.0,15,3.0,4.0,21
36285,10.0,18,65,1,1,1,1,1,11.0,179.0,7.0,1.0,3.0,15,2.0,4.0,21
36291,10.0,16,65,1,1,2,1,1,8.0,423.0,7.0,1.0,3.0,15,3.0,4.0,46
36292,10.0,14,65,2,1,2,1,1,3211.0,1.6,3.0,1.0,2.0,15,4.0,1.0,38
36293,10.0,19,65,1,1,1,1,1,309.0,64.4,5.0,1.0,2.0,15,4.0,1.0,9
36294,10.0,11,65,1,1,2,1,1,3224.0,7.0,6.0,1.0,7.0,15,1.0,15.0,31
36296,10.0,10,65,1,1,2,1,1,8.0,401.1,6.0,1.0,7.0,15,1.0,1.0,9
36300,10.0,12,65,1,1,2,1,1,8.0,400.0,7.0,1.0,7.0,15,1.0,1.0,48
36302,10.0,23,65,1,1,1,1,1,309.0,70.0,6.0,1.0,7.0,15,1.0,1.0,21
36303,10.0,21,65,2,1,1,1,1,3203.0,47.2,3.0,1.0,2.0,15,4.0,1.0,9