NUM_ACC,MOIS_ACC,HEU_ACC,COD_PRV,COD_ETA_CHA,COD_ETA_SUR,COD_LUM,COD_INT,TYP_LIE_ACC,NUM_ROU,PKM,LAR_CHA,COD_TYP_CHA,COD_TYP_COL,COD_OBS_HRT,COD_POI_CHO,COD_MAN,CIR_ACC
36304,10.0,17,65,1,1,2,1,1,309.0,63.5,5.0,1.0,1.0,15,1.0,4.0,32
36305,10.0,16,5,2,1,2,1,1,3211.0,9999.99,3.0,1.0,2.0,15,1.0,1.0,9
36306,10.0,19,5,1,1,1,1,1,11.0,184.6,7.0,1.0,2.0,15,1.0,1.0,9
36308,10.0,12,65,1,1,2,1,1,309.0,58.0,5.0,1.0,7.0,15,7.0,4.0,46
36309,10.0,14,65,1,1,2,1,1,309.0,33.0,5.0,1.0,7.0,15,4.0,4.0,9
36310,10.0,19,65,1,1,1,1,1,309.0,57.0,4.0,1.0,2.0,15,4.0,1.0,9
36311,10.0,7,65,1,1,2,1,1,308.0,98.0,5.0,1.0,2.0,15,4.0,1.0,459
36313,10.0,10,65,1,1,2,1,1,308.0,120.0,13.0,1.0,2.0,15,4.0,1.0,82
36314,10.0,23,65,1,1,1,1,1,3203.0,43.0,6.0,1.0,8.0,13,1.0,10.0,9
36317,10.0,9,65,1,1,2,1,1,3224.0,16.0,6.0,1.0,1.0,15,1.0,4.0,9
36318,10.0,19,65,1,1,1,1,1,8.0,385.0,6.0,1.0,3.0,14,1.0,4.0,9
36319,10.0,12,65,2,1,2,1,1,3228.0,9999.99,3.0,1.0,1.0,15,1.0,4.0,9
36320,10.0,20,65,1,1,1,1,1,8.0,387.5,7.0,1.0,3.0,15,3.0,1.0,86
36321,10.0,12,65,2,1,2,1,1,3224.0,9999.99,3.0,1.0,3.0,15,3.0,4.0,9
36323,10.0,19,65,1,1,1,1,1,8.0,392.0,7.0,1.0,3.0,15,3.0,4.0,31
36324,10.0,11,65,2,1,2,1,1,3228.0,9999.99,3.0,1.0,2.0,15,4.0,1.0,9
36325,10.0,21,5,1,1,1,1,1,8.0,510.3,7.0,1.0,1.0,15,1.0,4.0,9
36326,10.0,23,5,1,1,1,1,1,8.0,509.0,7.0,1.0,7.0,7,1.0,11.0,432
36328,10.0,15,5,1,1,2,1,1,8.0,519.2,7.0,1.0,8.0,13,9.0,13.0,9
36329,10.0,17,5,1,1,2,1,1,8.0,510.5,7.0,1.0,7.0,14,1.0,16.0,9
36331,10.0,18,5,1,1,1,1,1,8.0,510.0,7.0,1.0,3.0,15,8.0,12.0,9
36332,10.0,12,5,1,1,2,1,1,8.0,512.0,7.0,1.0,1.0,15,1.0,4.0,9
36333,10.0,20,5,1,1,1,1,1,11.0,185.9,7.0,1.0,7.0,15,1.0,1.0,9
36334,10.0,12,5,1,1,2,1,1,3208.0,9.15,6.0,1.0,3.0,15,8.0,1.0,9
36335,10.0,14,5,1,1,2,1,1,3208.0,26.6,6.0,1.0,2.0,15,1.0,1.0,32
36336,10.0,20,5,1,1,1,1,1,3208.0,19.1,6.0,1.0,1.0,15,1.0,4.0,3
36337,10.0,10,5,1,1,2,1,1,3208.0,9.15,6.0,1.0,3.0,15,8.0,7.0,33
36338,10.0,22,5,1,1,1,1,1,3208.0,23.5,6.0,1.0,2.0,15,1.0,1.0,9
36339,10.0,12,5,1,1,2,1,1,3208.0,26.6,6.0,1.0,2.0,15,1.0,1.0,9
36340,10.0,9,5,1,1,2,1,1,3206.0,9999.99,9.0,1.0,5.0,15,2.0,8.0,32
36342,10.0,12,65,1,1,2,1,1,3222.0,25.1,6.0,1.0,7.0,15,1.0,1.0,40
36343,10.0,13,65,1,1,2,1,1,309.0,63.2,6.0,1.0,7.0,15,1.0,1.0,9
36344,10.0,13,65,1,1,2,1,1,309.0,63.0,6.0,1.0,7.0,14,1.0,1.0,32
36345,10.0,12,65,1,1,2,1,1,309.0,62.2,6.0,1.0,8.0,13,1.0,11.0,9
36347,10.0,12,5,1,1,2,1,1,9999.0,9999.99,6.0,1.0,1.0,15,1.0,4.0,9
36350,10.0,12,65,1,1,2,1,1,3222.0,29.0,6.0,1.0,7.0,15,1.0,1.0,48
36351,10.0,12,65,1,1,2,1,1,3222.0,28.0,6.0,1.0,7.0,15,1.0,1.0,9
36352,10.0,10,65,1,1,2,1,1,3222.0,28.2,6.0,1.0,7.0,15,1.0,1.0,9
36353,10.0,19,65,2,1,1,1,1,3222.0,30.0,4.0,1.0,3.0,15,3.0,4.0,21
36354,10.0,12,5,1,1,2,1,1,3217.0,9999.99,6.0,1.0,3.0,15,8.0,1.0,21
36355,10.0,12,5,1,1,2,1,1,3222.0,8.0,6.0,1.0,2.0,1,1.0,1.0,38
36357,10.0,11,5,1,1,2,1,1,8.0,434.1,7.0,1.0,7.0,14,1.0,16.0,86
36358,10.0,15,4,1,1,2,1,1,3111.0,4.3,6.0,1.0,8.0,13,9.0,11.0,38
36361,10.0,17,5,1,1,2,1,1,8.0,431.6,7.0,1.0,7.0,14,1.0,16.0,53
36362,10.0,18,5,1,1,1,1,1,3222.0,7.5,6.0,1.0,2.0,15,1.0,1.0,9
36363,10.0,23,5,1,1,1,1,1,8.0,433.3,7.0,1.0,7.0,1,1.0,1.0,9
36364,10.0,19,5,1,1,1,1,1,3206.0,9999.99,6.0,1.0,7.0,14,1.0,16.0,21
36365,10.0,12,5,1,1,2,1,1,308.0,9999.99,6.0,1.0,2.0,15,1.0,1.0,9
36368,10.0,17,5,1,1,2,1,1,8.0,467.0,7.0,1.0,7.0,14,1.0,16.0,9
36369,10.0,12,5,1,1,2,1,1,3210.0,9999.99,6.0,1.0,2.0,15,1.0,1.0,38
36370,10.0,17,5,1,1,2,1,1,8.0,483.8,7.0,1.0,8.0,13,9.0,11.0,9
36372,10.0,13,5,1,1,2,1,1,308.0,156.0,6.0,1.0,3.0,15,8.0,10.0,21
36374,10.0,1,5,1,1,1,1,1,804.0,162.0,7.0,1.0,7.0,12,9.0,11.0,9
36378,10.0,23,15,1,1,1,1,1,10.0,788.5,7.0,1.0,7.0,18,9.0,9.0,38
36379,10.0,10,15,1,1,2,1,1,17.0,174.0,6.0,1.0,8.0,13,9.0,1.0,36
36380,10.0,16,15,1,1,2,1,1,17.0,133.3,6.0,1.0,8.0,13,9.0,1.0,86
36386,10.0,22,15,1,1,1,1,1,10.0,812.0,7.0,1.0,7.0,18,1.0,16.0,9
36387,10.0,11,72,1,1,2,1,1,3032.0,9999.99,15.0,1.0,7.0,18,9.0,18.0,21
36390,10.0,6,50,1,1,1,1,1,801.0,78.0,8.0,2.0,2.0,15,4.0,1.0,92
36391,10.0,22,72,1,1,1,1,1,3011.0,9999.99,6.0,1.0,7.0,14,9.0,18.0,9
36392,10.0,20,54,1,1,1,1,1,1.0,9999.99,7.0,2.0,1.0,15,2.0,1.0,9
36393,10.0,13,54,1,1,2,1,1,3014.0,9999.99,8.0,1.0,1.0,15,3.0,2.0,42
36394,10.0,23,72,1,1,1,1,1,320.0,18.5,7.0,1.0,8.0,9,1.0,8.0,3
36396,10.0,21,72,1,1,1,1,1,320.0,21.7,7.0,1.0,1.0,15,1.0,4.0,31
36397,10.0,20,72,1,1,1,1,1,3011.0,9999.99,13.0,1.0,3.0,15,9.0,18.0,36
36403,10.0,2,72,1,1,1,1,1,320.0,15.3,7.0,1.0,8.0,7,9.0,9.0,21
36404,10.0,17,72,1,1,2,1,1,320.0,15.5,7.0,1.0,3.0,15,3.0,1.0,9
36405,10.0,19,71,1,1,1,1,1,9.0,17.1,10.0,2.0,4.0,15,4.0,1.0,50
36406,10.0,8,51,1,1,2,1,1,3019.0,9999.99,6.0,1.0,3.0,15,7.0,6.0,21
36408,10.0,10,72,1,1,2,1,1,3011.0,9999.99,13.0,1.0,7.0,14,9.0,18.0,21
36409,10.0,14,72,1,1,2,1,1,3007.0,9999.99,15.0,1.0,2.0,15,9.0,1.0,9
36410,10.0,9,54,1,1,2,1,1,3011.0,9999.99,7.0,1.0,8.0,13,1.0,11.0,55
36416,10.0,18,54,1,1,1,1,1,3011.0,9999.99,7.0,1.0,3.0,15,5.0,1.0,31
36419,10.0,17,72,1,1,2,1,1,3042.0,10.0,10.0,1.0,7.0,18,1.0,1.0,71
36422,10.0,16,54,1,1,2,1,1,3011.0,9999.99,13.0,1.0,3.0,15,5.0,1.0,9
36425,10.0,21,72,1,1,1,1,1,3038.0,6.8,7.0,2.0,8.0,18,1.0,18.0,341
36433,10.0,17,50,1,1,2,1,1,801.0,83.7,7.0,1.0,4.0,15,4.0,1.0,9
36435,10.0,16,51,1,1,2,1,1,801.0,56.3,11.0,1.0,2.0,15,4.0,1.0,9
36436,10.0,7,51,1,1,2,1,1,8101.0,3.3,11.0,2.0,7.0,14,8.0,16.0,9
36437,10.0,18,51,1,1,1,1,1,8101.0,0.8,11.0,2.0,2.0,15,4.0,1.0,31
36438,10.0,9,51,1,1,2,1,1,8101.0,3.5,11.0,2.0,3.0,15,7.0,2.0,48
36440,10.0,13,51,1,1,2,1,1,3000.0,9999.99,7.0,1.0,3.0,15,8.0,6.0,9
36441,10.0,20,51,1,1,1,1,1,9.0,3.1,7.0,2.0,3.0,15,6.0,21.0,9
36442,10.0,13,51,1,1,2,1,1,1.0,337.2,7.0,2.0,8.0,14,1.0,16.0,31
36443,10.0,19,51,1,1,1,1,1,3000.0,9999.99,6.0,1.0,3.0,15,8.0,8.0,3
36444,10.0,12,51,1,1,2,1,1,3004.0,9999.99,7.0,2.0,3.0,15,1.0,6.0,53
36445,10.0,19,51,1,1,1,1,1,9.0,2.3,7.0,2.0,2.0,15,4.0,6.0,9
36446,10.0,5,51,1,1,1,1,1,9.0,3.5,7.0,2.0,7.0,6,1.0,10.0,9
36450,10.0,8,51,1,1,2,1,1,9.0,2.1,7.0,2.0,2.0,15,4.0,1.0,9
36451,10.0,20,51,1,1,1,1,1,3000.0,9999.99,6.0,1.0,2.0,15,4.0,1.0,9
36452,10.0,16,51,1,1,2,1,1,9.0,1.7,7.0,1.0,2.0,15,4.0,1.0,9
36454,10.0,15,51,1,1,2,1,1,3000.0,9999.99,6.0,1.0,2.0,15,4.0,3.0,9
36455,10.0,0,51,1,1,1,1,1,3000.0,9999.99,6.0,1.0,8.0,14,1.0,16.0,9
36456,10.0,14,51,1,1,2,1,1,9999.0,9999.99,5.0,1.0,8.0,14,1.0,16.0,9
36457,10.0,22,51,1,1,1,1,1,3004.0,9999.99,7.0,2.0,2.0,15,4.0,21.0,9
36459,10.0,20,51,1,1,1,1,1,9.0,5.0,7.0,1.0,2.0,15,6.0,2.0,3
36460,10.0,18,51,1,1,1,1,1,9999.0,9999.99,6.0,1.0,1.0,14,1.0,4.0,21
36461,10.0,19,51,1,1,1,1,1,9999.0,9999.99,5.0,1.0,8.0,14,1.0,16.0,9
36462,10.0,17,51,1,1,2,1,1,3004.0,9999.99,7.0,2.0,8.0,14,1.0,16.0,9
36463,10.0,15,51,1,1,2,1,1,9.0,4.0,7.0,2.0,2.0,15,4.0,1.0,9
36464,10.0,13,51,1,1,2,1,1,9.0,3.0,7.0,2.0,2.0,15,4.0,1.0,9
36465,10.0,11,72,1,1,2,1,1,3011.0,9999.99,14.0,1.0,3.0,15,9.0,15.0,9
36467,10.0,11,72,1,1,2,1,1,3011.0,9999.99,9.0,1.0,3.0,14,9.0,18.0,9
36468,10.0,16,72,1,1,2,1,1,3011.0,9999.99,14.0,1.0,2.0,15,9.0,1.0,31
36472,10.0,20,72,1,1,1,1,1,3011.0,9999.99,17.0,1.0,2.0,15,9.0,18.0,9
36473,10.0,19,72,1,1,1,1,1,3009.0,9999.99,10.0,1.0,1.0,15,9.0,18.0,31
36474,10.0,13,72,1,1,2,1,1,3011.0,9999.99,9.0,1.0,2.0,15,9.0,18.0,3
36475,10.0,19,72,1,1,1,1,1,3011.0,9999.99,7.0,1.0,3.0,15,2.0,1.0,53
36476,10.0,15,72,1,1,2,1,1,3007.0,9999.99,9.0,1.0,7.0,14,9.0,18.0,9
36477,10.0,23,72,1,1,1,1,1,3011.0,9999.99,12.0,1.0,7.0,18,9.0,18.0,9
36478,10.0,18,72,1,1,1,1,1,3011.0,9999.99,14.0,1.0,3.0,15,9.0,18.0,9
36481,10.0,12,72,1,1,2,1,1,3011.0,9999.99,7.0,1.0,3.0,15,8.0,1.0,9
36482,10.0,21,72,1,1,1,1,1,3009.0,9999.99,10.0,1.0,3.0,15,9.0,18.0,9
36483,10.0,10,72,1,1,2,1,1,3011.0,9999.99,10.0,1.0,7.0,18,9.0,18.0,9
36484,10.0,10,72,1,1,2,1,1,3007.0,9999.99,14.0,1.0,2.0,15,9.0,18.0,9
36485,10.0,21,72,1,1,1,1,1,3011.0,9999.99,8.0,1.0,3.0,15,9.0,18.0,9
36486,10.0,19,72,1,1,1,1,1,3013.0,9999.99,12.0,1.0,3.0,15,9.0,18.0,9
36487,10.0,18,72,1,1,1,1,1,3013.0,9999.99,13.0,1.0,2.0,15,9.0,1.0,9
36488,10.0,11,72,1,1,2,1,1,3011.0,9999.99,14.0,1.0,2.0,15,9.0,1.0,9
36489,10.0,14,72,1,1,2,1,1,3011.0,9999.99,18.0,1.0,2.0,15,9.0,18.0,9
36490,10.0,19,72,1,1,1,1,1,3013.0,9999.99,12.0,1.0,2.0,15,9.0,18.0,3
36491,10.0,20,72,1,1,1,1,1,3011.0,9999.99,15.0,1.0,3.0,15,9.0,18.0,21
36492,10.0,20,72,1,1,1,1,1,3011.0,9999.99,13.0,1.0,1.0,15,9.0,4.0,9
36493,10.0,10,72,1,1,2,1,1,3009.0,9999.99,17.0,1.0,3.0,15,9.0,1.0,9
36494,10.0,20,72,1,1,1,1,1,3009.0,9999.99,14.0,1.0,7.0,14,9.0,16.0,9
36495,10.0,18,72,1,1,1,1,1,3011.0,9999.99,13.0,1.0,7.0,14,9.0,16.0,9
36496,10.0,9,72,1,1,2,1,1,3009.0,9999.99,14.0,1.0,2.0,15,9.0,1.0,9
36497,10.0,20,72,1,1,1,1,1,3011.0,9999.99,6.0,1.0,3.0,15,9.0,18.0,9
36498,10.0,20,72,1,1,1,1,1,3009.0,9999.99,10.0,1.0,3.0,15,9.0,18.0,9
36499,10.0,20,72,1,1,1,1,1,3032.0,9999.99,8.0,1.0,3.0,15,2.0,1.0,9
36500,10.0,23,72,1,1,1,1,1,3009.0,9999.99,8.0,1.0,3.0,15,9.0,15.0,9
36501,10.0,16,72,1,1,2,1,1,3011.0,9999.99,14.0,1.0,3.0,15,9.0,18.0,9
36502,10.0,22,72,1,1,1,1,1,3011.0,9999.99,7.0,1.0,3.0,15,7.0,1.0,9
36503,10.0,16,72,1,1,2,1,1,3011.0,9999.99,8.0,1.0,2.0,15,4.0,1.0,9
36504,10.0,23,72,1,1,1,1,1,3007.0,9999.99,7.0,1.0,3.0,15,3.0,1.0,9
36505,10.0,18,72,1,1,1,1,1,3011.0,9999.99,18.0,1.0,3.0,15,9.0,18.0,9
36506,10.0,15,72,1,1,2,1,1,3011.0,9999.99,17.0,1.0,2.0,15,9.0,18.0,9
36507,10.0,15,72,1,1,2,1,1,3013.0,9999.99,17.0,1.0,3.0,15,9.0,18.0,9
36508,10.0,9,72,1,1,2,1,1,3011.0,9999.99,13.0,1.0,3.0,15,9.0,18.0,9
36509,10.0,15,72,1,1,2,1,1,3011.0,9999.99,9.0,1.0,3.0,15,9.0,1.0,9
36510,10.0,13,72,1,1,2,1,1,3011.0,9999.99,11.0,1.0,3.0,15,9.0,18.0,9
36511,10.0,20,72,1,1,1,1,1,3011.0,9999.99,70.0,1.0,2.0,15,4.0,1.0,3
36512,10.0,18,72,1,1,1,1,1,3011.0,9999.99,7.0,1.0,3.0,15,9.0,10.0,9
36513,10.0,20,72,1,1,1,1,1,3011.0,9999.99,13.0,1.0,1.0,15,9.0,18.0,9
36514,10.0,13,72,1,1,2,1,1,3011.0,9999.99,19.0,1.0,3.0,15,9.0,18.0,9
36515,10.0,15,72,1,1,2,1,1,3011.0,9999.99,17.0,1.0,7.0,14,9.0,18.0,9
36516,10.0,7,72,1,1,2,1,1,3011.0,9999.99,12.0,1.0,1.0,15,9.0,1.0,9
36517,10.0,15,72,1,1,2,1,1,3011.0,9999.99,15.0,1.0,3.0,15,9.0,18.0,9
36518,10.0,12,72,1,1,2,1,1,3009.0,9999.99,12.0,1.0,3.0,15,9.0,18.0,9
36519,10.0,22,72,1,1,1,1,1,3011.0,9999.99,13.0,1.0,3.0,15,9.0,18.0,9
36520,10.0,22,72,1,1,1,1,1,3013.0,9999.99,18.0,1.0,2.0,14,9.0,18.0,9
36521,10.0,14,72,1,1,2,1,1,3011.0,9999.99,7.0,1.0,7.0,15,9.0,1.0,9
36522,10.0,22,50,1,1,1,1,1,3011.0,9999.99,7.0,2.0,3.0,15,7.0,1.0,31
36533,10.0,19,51,1,1,1,1,1,3006.0,9999.99,6.0,1.0,2.0,15,4.0,1.0,43
36534,10.0,9,51,1,1,2,1,1,3019.0,9999.99,6.0,1.0,2.0,15,4.0,1.0,38
36535,10.0,18,51,1,1,1,1,1,3002.0,9999.99,6.0,1.0,3.0,15,8.0,6.0,9
36536,10.0,20,51,1,1,1,1,1,1.0,342.3,12.0,2.0,8.0,9,1.0,10.0,21
36538,10.0,17,51,1,1,2,1,1,3019.0,9999.99,6.0,1.0,3.0,15,5.0,6.0,9
36539,10.0,1,51,1,1,1,1,1,3019.0,9999.99,6.0,1.0,3.0,15,7.0,6.0,31
36540,10.0,22,51,1,1,1,1,1,3002.0,9999.99,8.0,1.0,3.0,15,2.0,16.0,31
36541,10.0,10,51,1,1,2,1,1,3301.0,9999.99,8.0,1.0,8.0,14,1.0,16.0,9
36543,10.0,18,51,1,1,1,1,1,3301.0,9999.99,6.0,1.0,8.0,13,1.0,11.0,9
36545,10.0,11,51,1,1,2,1,1,3006.0,9999.99,6.0,1.0,8.0,13,1.0,10.0,9
36546,10.0,13,51,1,1,2,1,1,1.0,344.0,8.0,1.0,3.0,13,1.0,18.0,31
36547,10.0,17,51,1,1,2,1,1,3002.0,9999.99,6.0,1.0,3.0,15,6.0,7.0,9
36548,10.0,0,51,1,1,1,1,1,3301.0,9999.99,6.0,1.0,8.0,9,1.0,5.0,43
36549,10.0,18,51,1,1,1,1,1,3326.0,11.0,6.0,1.0,8.0,11,1.0,16.0,9
36550,10.0,23,51,1,1,1,1,1,3326.0,11.0,6.0,1.0,3.0,15,7.0,18.0,38
36551,10.0,11,51,1,1,2,1,1,3326.0,11.0,6.0,1.0,8.0,14,2.0,1.0,9
36553,10.0,18,72,1,1,1,1,1,3012.0,11.5,14.0,1.0,7.0,15,4.0,17.0,9
36554,10.0,18,72,1,1,1,1,1,3012.0,10.5,14.0,1.0,7.0,15,1.0,7.0,9
36555,10.0,11,72,1,1,2,1,1,3012.0,6.0,14.0,1.0,7.0,15,2.0,6.0,9
36556,10.0,18,72,1,1,1,1,1,3012.0,5.5,14.0,1.0,8.0,15,1.0,7.0,9
36557,10.0,20,72,1,1,1,1,1,3012.0,12.2,14.0,1.0,2.0,15,4.0,1.0,36
36558,10.0,18,72,1,1,1,1,1,3012.0,5.0,14.0,1.0,8.0,15,2.0,6.0,9
36561,10.0,14,71,1,1,2,1,1,3016.0,9999.99,8.0,1.0,1.0,15,2.0,4.0,33
36562,10.0,10,71,1,1,2,1,1,3016.0,9999.99,7.0,1.0,7.0,15,8.0,4.0,3
36567,10.0,15,71,1,1,2,1,1,3016.0,9999.99,7.0,1.0,2.0,15,3.0,2.0,21
36570,10.0,20,71,1,1,1,1,1,3016.0,9999.99,7.0,1.0,3.0,15,3.0,6.0,9
36571,10.0,22,71,2,1,1,1,1,3016.0,9999.99,6.0,1.0,7.0,15,9.0,14.0,9
36572,10.0,19,50,1,1,1,1,1,3015.0,9999.99,7.0,2.0,8.0,9,1.0,10.0,9
36581,10.0,22,71,1,1,1,1,1,9.0,20.1,9.0,2.0,2.0,15,4.0,1.0,9
36582,10.0,0,71,1,1,1,1,1,9.0,17.1,12.0,2.0,8.0,10,1.0,18.0,31
36583,10.0,6,71,1,1,1,1,1,9.0,20.2,14.0,2.0,2.0,1,4.0,9.0,55
36588,10.0,16,50,1,1,2,1,1,3015.0,4.2,8.0,2.0,3.0,15,7.0,16.0,46
36590,10.0,11,54,1,1,2,1,1,3014.0,9999.99,7.0,1.0,7.0,15,2.0,15.0,9
36592,10.0,12,54,1,1,2,1,1,3014.0,9999.99,7.0,1.0,3.0,15,8.0,1.0,31
36593,10.0,13,54,1,1,2,1,1,3014.0,9999.99,8.0,1.0,7.0,15,5.0,7.0,21
36595,10.0,21,54,1,1,1,1,1,3014.0,9999.99,7.0,1.0,2.0,15,4.0,1.0,9
36598,10.0,19,54,1,1,1,1,1,3014.0,9999.99,7.0,1.0,8.0,14,3.0,8.0,5
36599,10.0,12,54,1,1,2,1,1,3014.0,9999.99,7.0,1.0,7.0,15,3.0,11.0,9
36600,10.0,16,72,1,1,2,1,1,1.0,380.0,9.0,1.0,7.0,14,8.0,16.0,9
36601,10.0,18,72,1,1,1,1,1,1.0,379.0,12.0,2.0,7.0,15,7.0,1.0,31
36602,10.0,13,72,1,1,2,1,1,3005.0,2.0,7.0,1.0,2.0,15,5.0,15.0,9
36604,10.0,14,72,1,1,2,1,1,1.0,381.2,8.0,1.0,3.0,15,7.0,1.0,9
36605,10.0,20,72,1,1,1,1,1,1.0,381.7,8.0,1.0,7.0,18,7.0,1.0,21
36606,10.0,11,72,1,1,2,1,1,1.0,376.1,8.0,1.0,2.0,15,4.0,1.0,9
36609,10.0,20,54,1,1,1,1,1,3014.0,9999.99,7.0,1.0,8.0,13,1.0,16.0,9
36612,10.0,10,54,1,1,2,1,1,3014.0,9999.99,7.0,1.0,3.0,15,7.0,2.0,21
36613,10.0,17,72,2,1,2,1,1,3001.0,9999.99,8.0,1.0,8.0,15,8.0,6.0,38
36616,10.0,16,72,1,1,2,1,1,320.0,18.5,7.0,1.0,2.0,15,4.0,1.0,36
36618,10.0,17,72,1,1,2,1,1,320.0,15.0,7.0,1.0,3.0,15,4.0,1.0,9
36620,10.0,9,72,1,1,2,1,1,320.0,15.4,0.0,1.0,3.0,15,2.0,1.0,31
36622,10.0,17,72,1,1,2,1,1,3001.0,1.0,9.0,1.0,1.0,15,2.0,1.0,46
36623,10.0,5,72,1,1,1,1,1,320.0,18.0,7.0,1.0,8.0,18,2.0,1.0,36
36625,10.0,5,72,1,1,1,1,1,320.0,15.0,7.0,1.0,7.0,11,1.0,8.0,9
36626,10.0,17,72,1,1,2,1,1,320.0,17.0,7.0,1.0,2.0,15,1.0,4.0,46
36627,10.0,16,72,1,1,2,1,1,320.0,16.6,7.0,1.0,2.0,15,4.0,1.0,59
36628,10.0,12,72,1,1,2,1,1,320.0,15.0,7.0,1.0,2.0,15,4.0,1.0,9
36629,10.0,3,72,1,1,1,1,1,320.0,15.0,7.0,1.0,8.0,11,1.0,8.0,48
36630,10.0,20,72,1,1,1,1,1,320.0,17.3,7.0,1.0,2.0,15,6.0,1.0,31
36634,10.0,15,72,1,1,2,1,1,315.0,5.8,9.0,2.0,2.0,15,1.0,1.0,9
36635,10.0,18,72,1,1,1,1,1,315.0,7.4,8.0,1.0,8.0,14,3.0,16.0,9
36636,10.0,12,72,1,1,2,1,1,315.0,6.5,8.0,2.0,2.0,15,4.0,1.0,5
36637,10.0,14,72,1,1,2,1,1,315.0,5.8,8.0,2.0,3.0,15,1.0,1.0,9
36642,10.0,10,72,1,1,2,1,1,315.0,6.8,1.0,2.0,3.0,15,5.0,1.0,9
36645,10.0,13,72,1,1,2,1,1,315.0,6.8,8.0,1.0,2.0,15,4.0,1.0,46
36649,10.0,18,71,1,1,1,1,1,9.0,20.0,7.0,1.0,3.0,15,5.0,12.0,9
36650,10.0,9,71,1,1,2,1,1,315.0,11.0,8.0,2.0,2.0,15,4.0,1.0,9
36652,10.0,19,71,1,1,1,1,1,315.0,9.1,8.0,2.0,5.0,15,9.0,1.0,9
36653,10.0,10,71,1,1,2,1,1,9.0,29.0,7.0,2.0,1.0,15,3.0,4.0,9
36658,10.0,18,71,1,1,1,1,1,9.0,18.0,9.0,2.0,2.0,15,4.0,1.0,9
36660,10.0,10,72,1,1,2,1,1,3028.0,1.0,7.0,1.0,3.0,15,7.0,1.0,9
36661,10.0,12,71,1,1,2,1,1,9.0,29.0,6.0,2.0,3.0,15,4.0,1.0,9
36663,10.0,17,71,1,1,2,1,1,315.0,9.6,8.0,2.0,7.0,14,1.0,16.0,82
36664,10.0,16,71,1,1,2,1,1,3024.0,9999.99,7.0,1.0,2.0,15,4.0,1.0,21
36665,10.0,11,71,1,1,2,1,1,3034.0,9999.99,8.0,1.0,2.0,15,4.0,1.0,38
36666,10.0,20,71,1,1,1,1,1,315.0,9.0,8.0,2.0,1.0,15,1.0,4.0,9
36667,10.0,20,71,1,1,1,1,1,3024.0,9999.99,6.0,1.0,2.0,14,1.0,1.0,9
36669,10.0,19,6,1,1,1,1,1,3313.0,9999.99,6.0,1.0,8.0,14,1.0,16.0,46
36673,10.0,7,51,1,1,2,1,1,3313.0,9999.99,6.0,1.0,3.0,15,1.0,1.0,82
36674,10.0,12,51,1,1,2,1,1,3307.0,9999.99,6.0,1.0,1.0,15,1.0,4.0,9
36675,10.0,16,51,2,1,2,1,1,3307.0,9999.99,7.0,1.0,2.0,15,4.0,1.0,32
36676,10.0,16,51,1,1,2,1,1,3307.0,9999.99,6.0,1.0,8.0,16,1.0,16.0,9
36677,10.0,17,51,1,1,2,1,1,3307.0,9999.99,6.0,1.0,8.0,18,7.0,11.0,21
36679,10.0,16,50,1,1,2,1,1,803.0,5.3,8.0,2.0,2.0,15,1.0,1.0,9
36680,10.0,19,50,1,1,1,1,1,803.0,3.9,8.0,2.0,2.0,15,4.0,15.0,3
36681,10.0,12,50,1,1,2,1,1,803.0,2.3,8.0,2.0,2.0,15,4.0,1.0,9
36682,10.0,13,50,1,1,2,1,1,803.0,3.0,8.0,2.0,2.0,15,4.0,1.0,9
36683,10.0,14,50,1,1,2,1,1,803.0,2.0,8.0,2.0,2.0,15,4.0,1.0,31
36684,10.0,7,50,1,1,2,1,1,803.0,5.6,8.0,2.0,2.0,15,4.0,1.0,406
36685,10.0,22,50,1,1,1,1,1,803.0,3.0,8.0,2.0,2.0,15,4.0,1.0,9
36686,10.0,12,50,1,1,2,1,1,803.0,4.3,1.0,2.0,2.0,15,4.0,1.0,9
36688,10.0,10,71,1,1,2,1,1,3010.0,13.0,8.0,1.0,8.0,14,1.0,16.0,3
36689,10.0,20,71,1,1,1,1,1,3010.0,12.0,8.0,1.0,2.0,15,4.0,1.0,31
36690,10.0,1,71,1,1,1,1,1,3019.0,9999.99,7.0,1.0,1.0,15,3.0,2.0,31
36694,10.0,18,51,1,1,1,1,1,322.0,10.0,7.0,2.0,2.0,15,4.0,21.0,9
36695,10.0,19,51,1,1,1,1,1,322.0,10.0,7.0,2.0,3.0,15,8.0,9.0,33
36696,10.0,22,51,1,1,1,1,1,322.0,12.0,7.0,2.0,3.0,15,1.0,16.0,9
36698,10.0,13,51,1,1,2,1,1,1.0,338.0,1.0,2.0,8.0,14,1.0,16.0,32