NUM_ACC,MOIS_ACC,HEU_ACC,COD_PRV,COD_ETA_CHA,COD_ETA_SUR,COD_LUM,COD_INT,TYP_LIE_ACC,NUM_ROU,PKM,LAR_CHA,COD_TYP_CHA,COD_TYP_COL,COD_OBS_HRT,COD_POI_CHO,COD_MAN,CIR_ACC
36705,10.0,2,10,1,1,1,1,1,3400.0,2.0,5.0,1.0,8.0,13,1.0,2.0,31
36706,10.0,20,10,1,1,1,1,1,318.0,13.2,7.0,1.0,7.0,15,3.0,10.0,46
36707,10.0,20,10,1,1,1,1,1,316.0,43.9,5.0,1.0,5.0,15,4.0,1.0,33
36708,10.0,2,10,1,1,1,1,1,320.0,58.2,7.0,1.0,8.0,13,9.0,10.0,9
36709,10.0,17,10,1,1,2,1,1,3403.0,44.0,5.0,1.0,1.0,15,1.0,14.0,9
36710,10.0,22,27,1,1,1,1,1,3403.0,9999.99,5.0,1.0,3.0,15,8.0,6.0,3
36711,10.0,5,10,1,1,1,1,1,3443.0,8.0,5.0,1.0,8.0,14,2.0,16.0,31
36712,10.0,12,10,1,1,2,1,1,1.0,450.8,6.0,2.0,8.0,13,9.0,11.0,31
36714,10.0,17,10,1,1,2,1,1,1.0,484.4,7.0,1.0,8.0,14,2.0,16.0,31
36715,10.0,20,10,1,1,1,1,1,303.0,67.4,7.0,1.0,2.0,15,4.0,1.0,9
36717,10.0,1,10,1,1,1,1,1,1.0,446.4,6.0,2.0,8.0,14,2.0,16.0,82
36720,10.0,10,58,1,1,2,1,1,9999.0,9999.99,5.0,1.0,2.0,15,4.0,1.0,31
36721,10.0,11,58,1,1,2,1,1,3447.0,7.0,5.0,1.0,8.0,13,9.0,10.0,3
36722,10.0,1,58,1,1,1,1,1,201.0,122.2,6.0,1.0,8.0,14,2.0,16.0,31
36723,10.0,12,10,1,1,2,1,1,1.0,500.2,7.0,1.0,1.0,15,1.0,14.0,9
36725,10.0,15,58,1,1,2,1,1,202.0,103.2,7.0,1.0,8.0,13,9.0,11.0,9
36726,10.0,13,58,1,1,2,1,1,3451.0,9999.99,6.0,1.0,2.0,15,4.0,1.0,31
36727,10.0,21,58,1,1,1,1,1,3426.0,2.0,5.0,1.0,2.0,15,4.0,1.0,82
36728,10.0,15,58,1,1,2,1,1,1.0,540.0,7.0,1.0,1.0,15,1.0,4.0,9
36729,10.0,23,58,1,1,1,1,1,7.0,13.2,8.0,1.0,8.0,3,9.0,11.0,31
36730,10.0,13,58,1,1,2,1,1,202.0,122.1,7.0,1.0,3.0,15,8.0,14.0,9
36731,10.0,20,10,1,1,1,1,1,3443.0,3.0,6.0,1.0,2.0,15,4.0,1.0,31
36732,10.0,3,10,1,1,1,1,1,316.0,36.0,5.0,1.0,1.0,13,9.0,10.0,3
36733,10.0,20,10,1,1,1,1,1,316.0,20.5,5.0,1.0,8.0,13,9.0,11.0,9
36734,10.0,12,10,1,1,2,1,1,1.0,472.6,7.0,1.0,3.0,15,8.0,6.0,32
36735,10.0,12,10,1,1,2,1,1,3403.0,9999.99,5.0,1.0,1.0,15,1.0,4.0,9
36736,10.0,20,10,1,1,1,1,1,1.0,470.1,7.0,1.0,8.0,14,3.0,16.0,21
36737,10.0,19,10,1,1,1,1,1,301.0,7.5,6.0,2.0,8.0,14,1.0,16.0,400
36738,10.0,5,10,1,1,1,1,1,3423.0,9.1,6.0,1.0,2.0,15,4.0,1.0,9
36739,10.0,6,10,1,1,1,1,1,3457.0,5.2,5.0,1.0,1.0,15,1.0,14.0,21
36741,10.0,21,10,1,1,1,1,1,316.0,49.1,6.0,1.0,8.0,14,1.0,16.0,82
36742,10.0,20,10,1,1,1,1,1,316.0,47.8,5.0,1.0,2.0,15,4.0,1.0,33
36743,10.0,19,10,1,1,1,1,1,316.0,44.9,5.0,1.0,1.0,15,1.0,14.0,32
36745,10.0,12,10,1,1,2,1,1,202.0,134.1,7.0,1.0,2.0,15,4.0,1.0,31
36747,10.0,15,10,1,1,2,1,1,3406.0,9999.99,5.0,1.0,8.0,14,1.0,16.0,32
36748,10.0,13,10,1,1,2,1,1,320.0,70.1,7.0,1.0,3.0,15,8.0,14.0,21
36749,10.0,12,10,1,1,2,1,1,1.0,439.3,7.0,1.0,2.0,15,4.0,1.0,59
36750,10.0,19,10,1,1,1,1,1,1.0,425.0,8.0,1.0,3.0,15,8.0,1.0,9
36751,10.0,18,10,1,1,1,1,1,1.0,439.3,7.0,1.0,3.0,15,8.0,12.0,9
36752,10.0,13,10,1,1,2,1,1,3404.0,2.9,5.0,1.0,3.0,15,8.0,14.0,21
36753,10.0,9,10,1,1,2,2,1,320.0,60.9,7.0,1.0,3.0,15,8.0,1.0,341
36754,10.0,19,10,1,1,1,1,1,3463.0,8.3,5.0,1.0,8.0,14,1.0,16.0,9
36755,10.0,21,10,1,1,1,1,1,3406.0,9999.99,5.0,1.0,2.0,15,4.0,1.0,9
36756,10.0,1,10,1,1,1,1,1,3404.0,1.0,5.0,1.0,2.0,15,4.0,1.0,31
36758,10.0,20,10,1,1,1,1,1,1.0,432.0,7.0,1.0,8.0,14,1.0,16.0,40
36760,10.0,14,10,1,1,2,1,1,320.0,59.0,7.0,1.0,3.0,15,8.0,12.0,9
36761,10.0,11,10,1,1,2,1,1,320.0,9999.99,7.0,1.0,3.0,15,8.0,12.0,21
36762,10.0,19,10,1,1,1,1,1,1.0,424.1,7.0,1.0,3.0,15,8.0,6.0,46
36763,10.0,19,10,1,1,1,1,1,1.0,427.3,7.0,1.0,3.0,15,7.0,6.0,32
36764,10.0,20,10,1,1,1,1,1,1.0,424.0,7.0,1.0,2.0,15,6.0,12.0,3
36765,10.0,18,10,1,1,1,1,1,3404.0,9999.99,5.0,1.0,8.0,14,1.0,16.0,9
36767,10.0,7,10,1,1,2,1,1,3463.0,9999.99,5.0,1.0,3.0,15,8.0,14.0,32
36768,10.0,3,10,1,1,1,1,1,3423.0,5.7,8.0,1.0,8.0,13,9.0,11.0,430
36772,10.0,18,10,1,1,1,1,1,316.0,5.7,6.0,1.0,3.0,15,7.0,12.0,9
36773,10.0,13,10,1,1,2,1,1,3410.0,2.0,5.0,1.0,8.0,13,9.0,11.0,9
36774,10.0,22,10,1,1,1,1,1,301.0,4.3,6.0,2.0,3.0,15,8.0,6.0,9
36776,10.0,9,10,1,1,2,1,1,301.0,8.4,6.0,2.0,2.0,15,4.0,1.0,31
36777,10.0,11,10,1,1,2,1,1,301.0,6.2,6.0,1.0,3.0,15,8.0,1.0,9
36778,10.0,17,10,1,1,2,1,1,301.0,4.9,6.0,2.0,2.0,15,4.0,1.0,31
36781,10.0,15,10,1,1,2,1,1,301.0,5.2,6.0,2.0,3.0,15,8.0,1.0,21
36782,10.0,20,10,1,1,1,1,1,3410.0,2.0,5.0,1.0,8.0,14,2.0,16.0,9
36783,10.0,20,10,1,1,1,1,1,301.0,6.8,6.0,2.0,2.0,15,4.0,1.0,38
36785,10.0,13,10,1,1,2,1,1,301.0,4.2,6.0,2.0,1.0,15,1.0,4.0,21
36787,10.0,13,10,1,1,2,1,1,301.0,25.2,7.0,1.0,4.0,15,4.0,1.0,341
36788,10.0,18,10,1,1,1,1,1,301.0,12.6,6.0,2.0,3.0,15,8.0,1.0,21
36789,10.0,18,10,1,1,1,1,1,301.0,38.1,7.0,1.0,8.0,13,9.0,11.0,31
36791,10.0,22,10,1,1,1,1,1,301.0,60.0,7.0,1.0,8.0,14,2.0,16.0,9
36793,10.0,15,10,1,1,2,1,1,3416.0,9999.99,5.0,1.0,3.0,15,8.0,12.0,9
36794,10.0,17,10,1,1,2,1,1,301.0,45.0,7.0,1.0,8.0,13,9.0,11.0,21
36795,10.0,21,10,1,1,1,1,1,3407.0,9999.99,5.0,1.0,8.0,16,2.0,16.0,33
36796,10.0,20,10,1,1,1,1,1,3403.0,56.0,5.0,1.0,2.0,15,6.0,1.0,3
36797,10.0,12,10,1,1,2,1,1,3427.0,9.0,7.0,1.0,8.0,14,2.0,16.0,9
36798,10.0,7,10,1,1,2,1,1,1.0,448.0,6.0,2.0,8.0,13,9.0,11.0,21
36799,10.0,13,10,1,1,2,1,1,3407.0,9999.99,5.0,1.0,8.0,14,2.0,16.0,430
36800,10.0,20,10,1,1,1,1,1,1.0,449.6,6.0,2.0,8.0,14,1.0,16.0,21
36801,10.0,14,10,1,1,2,1,1,1.0,446.0,6.0,2.0,8.0,14,2.0,16.0,9
36802,10.0,15,10,1,1,2,1,1,1.0,451.5,6.0,2.0,8.0,13,9.0,11.0,9
36803,10.0,10,58,1,1,2,1,1,3434.0,8.0,6.0,1.0,3.0,15,8.0,6.0,9
36804,10.0,21,10,1,1,1,1,1,1.0,448.3,6.0,2.0,3.0,15,8.0,1.0,21
36805,10.0,11,10,1,1,2,1,1,1.0,451.5,6.0,2.0,8.0,14,3.0,16.0,9
36806,10.0,6,10,1,1,1,1,1,1.0,9999.99,6.0,2.0,8.0,13,9.0,11.0,21
36807,10.0,12,10,1,1,2,1,1,3427.0,12.0,7.0,1.0,3.0,1,9.0,10.0,31
36808,10.0,23,58,1,1,1,1,1,1.0,541.5,6.0,2.0,2.0,15,4.0,1.0,3
36810,10.0,14,10,1,1,2,1,1,3449.0,2.0,5.0,1.0,3.0,15,8.0,14.0,9
36811,10.0,13,10,1,1,2,1,1,3449.0,3.0,5.0,1.0,8.0,13,9.0,11.0,9
36815,10.0,18,10,1,1,1,1,1,301.0,3.6,6.0,2.0,8.0,14,1.0,16.0,9
36816,10.0,7,10,1,1,2,1,1,301.0,7.3,6.0,2.0,2.0,15,4.0,1.0,9
36821,10.0,16,10,1,1,2,1,1,3410.0,9999.99,5.0,1.0,2.0,15,4.0,1.0,9
36822,10.0,18,10,1,1,1,1,1,3423.0,5.2,8.0,1.0,3.0,15,1.0,2.0,21
36825,10.0,22,10,1,1,1,1,1,301.0,4.2,6.0,2.0,8.0,13,9.0,11.0,40
36826,10.0,12,10,1,1,2,1,1,301.0,7.2,6.0,2.0,8.0,7,9.0,11.0,9
36827,10.0,10,10,1,1,2,1,1,801.0,134.2,7.0,2.0,3.0,1,8.0,1.0,9
36828,10.0,16,10,1,1,2,1,1,801.0,220.0,7.0,2.0,2.0,15,4.0,1.0,21
36829,10.0,11,10,1,1,2,1,1,801.0,204.0,7.0,2.0,8.0,13,9.0,11.0,46
36830,10.0,9,10,1,1,2,1,1,1.0,477.8,7.0,1.0,5.0,15,1.0,14.0,32
36832,10.0,23,10,1,1,1,1,1,1.0,470.2,7.0,1.0,8.0,14,2.0,16.0,9
36833,10.0,13,10,1,1,2,1,1,3403.0,9999.99,4.0,1.0,8.0,14,1.0,16.0,31
36834,10.0,15,10,1,1,2,1,1,1.0,460.9,7.0,1.0,3.0,15,8.0,1.0,32
36835,10.0,12,10,1,1,2,1,1,1.0,480.1,7.0,1.0,3.0,15,8.0,12.0,430
36836,10.0,12,10,1,1,2,1,1,1.0,465.6,7.0,1.0,8.0,14,2.0,16.0,32
36837,10.0,20,10,1,1,1,1,1,1.0,464.7,7.0,1.0,8.0,16,1.0,16.0,21
36838,10.0,18,10,1,1,1,1,1,1.0,461.4,7.0,1.0,8.0,14,2.0,16.0,3
36839,10.0,19,10,1,1,1,1,1,3459.0,9999.99,5.0,1.0,8.0,13,9.0,11.0,9
36840,10.0,21,10,1,1,1,1,1,3475.0,9999.99,5.0,1.0,8.0,13,9.0,11.0,9
36841,10.0,16,10,1,1,2,1,1,303.0,0.3,6.0,2.0,2.0,15,4.0,1.0,9
36842,10.0,19,10,1,2,1,1,1,320.0,41.5,7.0,1.0,3.0,15,8.0,1.0,9
36844,10.0,12,10,1,1,2,1,1,1.0,504.1,7.0,1.0,2.0,15,6.0,1.0,9
36845,10.0,12,10,1,1,2,1,1,7.0,1.0,8.0,1.0,2.0,15,4.0,1.0,31
36846,10.0,17,10,1,1,2,1,1,7.0,0.2,8.0,1.0,3.0,15,8.0,1.0,31
36847,10.0,10,10,1,1,2,1,1,7.0,1.0,8.0,1.0,3.0,15,8.0,14.0,32
36848,10.0,11,10,1,1,2,1,1,1.0,503.4,7.0,1.0,3.0,15,8.0,12.0,21
36849,10.0,19,10,1,1,1,1,1,3416.0,1.0,5.0,1.0,3.0,15,7.0,12.0,9
36850,10.0,11,10,1,1,2,1,1,3416.0,9999.99,5.0,1.0,8.0,14,2.0,16.0,38
36851,10.0,18,10,1,1,1,1,1,3422.0,9999.99,5.0,1.0,8.0,13,9.0,10.0,36
36852,10.0,16,10,1,1,2,1,1,1.0,488.8,7.0,1.0,2.0,15,4.0,1.0,21
36854,10.0,11,10,1,1,2,1,1,316.0,22.5,5.0,1.0,8.0,13,9.0,10.0,341
36855,10.0,10,10,1,1,2,1,1,3414.0,9999.99,5.0,1.0,3.0,15,8.0,1.0,21
36856,10.0,13,10,1,1,2,1,1,316.0,28.4,5.0,1.0,8.0,13,9.0,11.0,31
36858,10.0,12,10,1,1,2,1,1,316.0,41.0,6.0,1.0,8.0,14,1.0,16.0,9
36860,10.0,9,10,1,2,2,2,1,316.0,33.6,5.0,1.0,8.0,13,9.0,10.0,9
36862,10.0,0,10,1,1,1,1,1,316.0,40.0,5.0,1.0,1.0,15,1.0,6.0,33
36863,10.0,18,58,1,1,1,1,1,1.0,511.4,7.0,1.0,3.0,15,8.0,1.0,3
36864,10.0,21,58,1,1,1,1,1,1.0,537.3,7.0,1.0,8.0,14,1.0,16.0,9
36865,10.0,12,58,1,1,2,1,1,3459.0,9999.99,5.0,1.0,1.0,15,1.0,14.0,21
36867,10.0,10,58,1,1,2,1,1,202.0,124.0,7.0,1.0,8.0,14,8.0,16.0,21
36869,10.0,21,58,1,1,1,1,1,202.0,120.0,7.0,1.0,8.0,13,9.0,11.0,9
36871,10.0,18,58,1,1,1,1,1,3459.0,9999.99,5.0,1.0,2.0,15,6.0,1.0,21
36872,10.0,9,58,1,1,2,1,1,202.0,126.0,7.0,1.0,8.0,13,9.0,10.0,9
36874,10.0,20,58,1,1,1,1,1,202.0,128.2,7.0,1.0,8.0,16,1.0,16.0,31
36876,10.0,21,58,1,1,1,1,1,801.0,266.1,7.0,2.0,8.0,13,9.0,11.0,5
36877,10.0,20,58,1,1,1,1,1,7.0,23.6,8.0,1.0,2.0,15,4.0,1.0,9
36878,10.0,16,58,1,1,2,1,1,7.0,5.3,8.0,1.0,2.0,15,6.0,1.0,9
36879,10.0,10,58,1,1,2,1,1,202.0,103.0,7.0,1.0,2.0,15,4.0,1.0,9
36880,10.0,21,58,1,1,1,1,1,7.0,4.1,8.0,1.0,8.0,13,9.0,11.0,9
36881,10.0,10,58,1,1,2,1,1,7.0,32.3,8.0,1.0,2.0,15,6.0,1.0,3
36882,10.0,13,58,1,1,2,1,1,7.0,16.2,8.0,1.0,8.0,13,9.0,11.0,9
36883,10.0,12,58,1,1,2,1,1,7.0,4.9,8.0,1.0,3.0,15,7.0,12.0,9
36884,10.0,21,58,1,1,1,1,1,7.0,24.8,8.0,1.0,8.0,13,8.0,11.0,33
36885,10.0,20,10,3,1,1,1,1,318.0,11.9,7.0,1.0,8.0,14,2.0,16.0,82
36886,10.0,15,10,1,1,2,1,1,1.0,447.6,7.0,1.0,2.0,15,4.0,1.0,38
36887,10.0,23,10,1,1,1,1,1,1.0,435.2,7.0,1.0,1.0,15,1.0,14.0,9
36888,10.0,10,10,1,1,2,1,1,801.0,148.1,7.0,2.0,2.0,15,4.0,1.0,9
36889,10.0,19,10,1,1,1,1,1,801.0,126.4,7.0,2.0,2.0,15,4.0,1.0,21
36890,10.0,20,10,1,1,1,1,1,801.0,124.4,7.0,2.0,2.0,15,4.0,1.0,9
36891,10.0,11,58,1,1,2,1,1,201.0,107.4,5.0,1.0,3.0,15,8.0,14.0,430
36893,10.0,1,58,1,1,1,1,1,3426.0,9999.99,5.0,1.0,8.0,14,1.0,16.0,21
36894,10.0,18,10,1,1,1,1,1,303.0,94.0,7.0,1.0,8.0,14,2.0,16.0,46
36895,10.0,13,58,1,1,2,1,1,3426.0,9999.99,5.0,1.0,8.0,13,9.0,11.0,9
36896,10.0,14,58,1,1,2,1,1,3426.0,9999.99,5.0,1.0,2.0,15,4.0,1.0,9
36898,10.0,0,10,1,1,1,1,1,303.0,97.0,7.0,1.0,2.0,15,4.0,1.0,71
36900,10.0,19,10,1,1,1,1,1,303.0,102.3,7.0,1.0,8.0,13,9.0,10.0,9
36903,10.0,20,58,1,1,1,1,1,7.0,41.1,8.0,1.0,3.0,15,8.0,1.0,31
36904,10.0,16,58,1,1,2,1,1,1.0,536.1,7.0,1.0,8.0,16,1.0,16.0,3
36905,10.0,14,58,1,1,2,1,1,1.0,536.2,7.0,1.0,3.0,15,8.0,14.0,21
36906,10.0,18,58,1,1,1,1,1,1.0,511.1,7.0,1.0,8.0,13,9.0,10.0,32
36907,10.0,10,58,1,1,2,1,1,202.0,61.2,7.0,1.0,5.0,15,1.0,14.0,38
36910,10.0,18,58,1,1,1,1,1,1.0,528.2,7.0,1.0,3.0,15,8.0,1.0,38
36911,10.0,8,58,1,1,2,1,1,1.0,512.0,7.0,1.0,5.0,15,8.0,14.0,9
36914,10.0,0,58,1,1,1,1,1,1.0,514.0,7.0,1.0,3.0,15,8.0,1.0,9
36915,10.0,7,58,1,1,2,1,1,3430.0,22.0,5.0,1.0,8.0,13,9.0,10.0,99
36916,10.0,19,58,1,1,1,1,1,3430.0,11.0,6.0,1.0,8.0,14,2.0,16.0,9
36917,10.0,17,58,1,1,2,1,1,202.0,44.9,7.0,1.0,2.0,15,4.0,1.0,21
36918,10.0,22,58,1,1,1,1,1,3430.0,20.1,6.0,1.0,8.0,14,2.0,16.0,71
36920,10.0,19,58,1,1,1,1,1,3430.0,26.0,6.0,1.0,3.0,15,8.0,14.0,9
36921,10.0,14,58,1,1,2,1,1,3430.0,17.0,5.0,1.0,3.0,15,7.0,6.0,3
36923,10.0,17,58,1,1,2,1,1,301.0,77.5,7.0,1.0,8.0,14,1.0,16.0,430
36924,10.0,15,58,1,1,2,1,1,301.0,72.0,7.0,1.0,8.0,13,9.0,11.0,82
36926,10.0,13,58,1,1,2,1,1,3431.0,9999.99,5.0,1.0,8.0,14,1.0,16.0,21
36927,10.0,13,10,1,1,2,1,1,3401.0,9999.99,5.0,1.0,8.0,13,9.0,11.0,3
36928,10.0,18,63,1,1,1,1,1,10.0,545.3,8.0,1.0,1.0,15,3.0,18.0,9
36930,10.0,14,13,1,1,2,1,1,10.0,653.1,6.0,1.0,3.0,15,2.0,1.0,9
36934,10.0,17,53,1,1,2,1,1,13.0,405.0,7.0,1.0,1.0,15,1.0,4.0,21
36935,10.0,20,53,1,1,1,1,1,13.0,496.4,6.0,1.0,8.0,15,2.0,1.0,9
36937,10.0,19,53,1,1,1,1,1,13.0,400.2,7.0,1.0,5.0,15,9.0,4.0,9
36938,10.0,19,13,1,1,1,1,1,10.0,650.9,6.0,1.0,3.0,15,2.0,4.0,9
36939,10.0,1,13,1,1,1,1,1,7109.0,45.7,6.0,1.0,3.0,15,2.0,2.0,21
36940,10.0,9,13,1,1,2,1,1,10.0,707.0,6.0,1.0,1.0,15,1.0,4.0,341
36941,10.0,18,13,1,1,1,1,1,13.0,597.1,6.0,1.0,8.0,14,1.0,16.0,9
36942,10.0,7,13,1,1,2,1,1,702.0,124.4,6.0,1.0,8.0,13,9.0,10.0,3
36943,10.0,17,53,1,1,2,1,1,13.0,492.9,6.0,1.0,8.0,14,2.0,1.0,9
36944,10.0,19,53,1,1,1,1,1,13.0,485.6,6.0,1.0,8.0,15,1.0,1.0,9
36945,10.0,17,53,1,1,2,1,1,7323.0,9999.99,3.0,1.0,7.0,8,1.0,1.0,3
36946,10.0,21,53,1,1,1,1,1,7310.0,9999.99,0.0,1.0,1.0,15,1.0,2.0,400
36947,10.0,23,13,1,1,1,1,1,7107.0,0.8,6.0,1.0,7.0,16,1.0,5.0,21
36948,10.0,13,13,1,1,2,1,1,7107.0,1.4,6.0,1.0,2.0,14,3.0,16.0,9
36949,10.0,15,13,1,1,2,1,1,13.0,637.2,6.0,1.0,8.0,18,1.0,13.0,3
36950,10.0,4,13,1,1,1,1,1,702.0,126.6,6.0,1.0,8.0,13,9.0,11.0,3
36951,10.0,19,13,1,1,1,1,1,702.0,76.2,6.0,1.0,8.0,18,9.0,10.0,9
36954,10.0,20,13,1,1,1,1,1,702.0,16.0,7.0,1.0,7.0,15,1.0,4.0,9
36956,10.0,0,13,1,1,1,1,1,10.0,561.9,8.0,1.0,7.0,14,1.0,1.0,9
36957,10.0,20,13,1,1,1,1,1,10.0,575.2,8.0,1.0,7.0,15,1.0,13.0,32
36960,10.0,22,13,1,1,1,1,1,10.0,559.0,17.0,1.0,7.0,15,1.0,18.0,21
36961,10.0,12,13,1,4,2,1,1,10.0,605.6,6.0,2.0,8.0,16,9.0,16.0,430
36962,10.0,19,13,1,1,1,1,1,7101.0,17.7,7.0,1.0,7.0,14,7.0,1.0,9
36964,10.0,16,13,1,1,2,1,1,7101.0,2.2,7.0,1.0,3.0,15,6.0,1.0,82
36967,10.0,4,13,1,1,1,1,1,13.0,607.6,6.0,1.0,2.0,15,4.0,21.0,82
36968,10.0,19,13,1,1,1,1,1,13.0,610.2,12.0,1.0,2.0,15,4.0,1.0,9
36970,10.0,20,13,1,1,1,1,1,13.0,555.2,7.0,1.0,8.0,12,1.0,1.0,9
36972,10.0,6,13,1,1,1,1,1,10.0,718.6,6.0,1.0,2.0,15,4.0,1.0,32
36973,10.0,12,13,1,1,2,1,1,10.0,704.2,7.0,1.0,8.0,18,5.0,11.0,82
36975,10.0,22,13,1,1,1,1,1,13.0,545.5,6.0,1.0,3.0,15,7.0,9.0,32
36976,10.0,17,13,1,1,2,1,1,10.0,647.2,6.0,1.0,7.0,15,9.0,16.0,40
36977,10.0,22,13,2,1,1,1,1,13.0,543.2,6.0,1.0,7.0,11,9.0,11.0,40
36978,10.0,20,13,1,1,1,1,1,10.0,654.0,6.0,1.0,1.0,16,1.0,16.0,3
36979,10.0,15,53,1,1,2,1,1,708.0,29.8,6.0,1.0,8.0,18,9.0,11.0,38
36980,10.0,20,53,1,1,1,1,1,708.0,42.0,6.0,1.0,8.0,15,1.0,16.0,82
36981,10.0,23,53,1,1,1,1,1,7109.0,10.0,4.0,1.0,8.0,18,1.0,1.0,3
36982,10.0,18,53,1,1,1,1,1,7100.0,13.0,5.0,1.0,8.0,14,1.0,16.0,9
36983,10.0,20,53,1,1,1,1,1,703.0,9999.99,6.0,1.0,7.0,15,8.0,4.0,32
36986,10.0,20,53,1,1,1,1,1,13.0,348.4,8.0,1.0,7.0,18,9.0,1.0,3
36987,10.0,19,53,1,1,1,1,1,7306.0,9999.99,13.0,1.0,7.0,15,9.0,1.0,9
36988,10.0,8,53,1,1,2,1,1,13.0,343.0,8.0,1.0,7.0,18,9.0,1.0,50
36989,10.0,17,53,1,1,2,1,1,7310.0,9999.99,6.0,1.0,2.0,15,1.0,1.0,21
36990,10.0,12,53,1,1,2,1,1,9999.0,177.8,7.0,1.0,8.0,14,1.0,16.0,21
36991,10.0,8,53,1,1,2,1,1,13.0,482.1,6.0,1.0,8.0,15,5.0,1.0,9
36992,10.0,16,53,1,1,2,1,1,13.0,460.7,6.0,1.0,8.0,18,1.0,1.0,31
36996,10.0,23,12,1,1,1,1,1,1.0,750.0,6.0,1.0,7.0,18,1.0,1.0,9
36999,10.0,10,27,1,1,2,1,1,1.0,623.0,6.0,1.0,3.0,16,1.0,1.0,3
37001,10.0,21,12,1,1,1,1,1,1.0,749.8,18.0,1.0,1.0,15,1.0,4.0,33
37002,10.0,12,12,1,1,2,1,1,1.0,686.2,8.0,1.0,8.0,18,1.0,1.0,38
37003,10.0,11,12,1,1,2,1,1,2207.0,9999.99,6.0,1.0,8.0,14,1.0,16.0,9
37004,10.0,20,12,1,1,1,1,1,9999.0,21.4,7.0,2.0,3.0,15,7.0,4.0,21
37009,10.0,13,12,1,1,2,1,1,2221.0,9999.99,8.0,1.0,7.0,15,1.0,2.0,82
37011,10.0,11,12,1,1,2,1,1,1.0,634.8,14.0,1.0,8.0,14,1.0,16.0,3
37012,10.0,11,12,1,1,2,1,1,9999.0,28.9,8.0,1.0,7.0,15,1.0,2.0,9
37014,10.0,21,12,1,1,1,1,1,2208.0,9999.99,7.0,1.0,2.0,15,4.0,1.0,430
37016,10.0,22,12,1,1,1,1,1,9999.0,25.0,8.0,1.0,7.0,14,1.0,1.0,3
37017,10.0,12,12,1,1,2,1,1,9999.0,49.8,8.0,1.0,8.0,14,1.0,1.0,21
37018,10.0,15,12,1,1,2,1,1,1.0,693.45,6.0,1.0,8.0,10,1.0,1.0,3
37019,10.0,11,12,1,1,2,1,1,1.0,745.25,6.0,1.0,8.0,14,2.0,18.0,9
37020,10.0,19,12,1,1,1,1,1,1.0,760.85,6.0,1.0,8.0,10,9.0,18.0,9
37021,10.0,14,12,1,1,2,1,1,1.0,741.6,6.0,1.0,8.0,10,2.0,18.0,9
37025,10.0,12,12,1,1,2,1,1,1.0,721.7,41.0,1.0,8.0,14,3.0,16.0,9
37026,10.0,13,12,1,1,2,1,1,1.0,749.8,18.0,1.0,7.0,14,1.0,1.0,9
37028,10.0,20,66,1,1,1,1,1,5005.0,14.12,6.0,1.0,1.0,15,1.0,4.0,46
37030,10.0,12,7,1,1,2,1,1,15.0,261.5,6.0,1.0,8.0,13,9.0,11.0,3
37033,10.0,22,66,1,1,1,1,1,716.0,47.95,7.0,1.0,8.0,13,9.0,11.0,341
37034,10.0,10,35,1,1,2,1,1,8.0,795.2,6.0,1.0,7.0,15,1.0,6.0,36
37035,10.0,12,42,1,1,2,1,1,8.0,9999.99,11.0,1.0,8.0,13,9.0,11.0,33
37037,10.0,7,35,1,1,2,1,1,5313.0,9999.99,5.0,1.0,8.0,13,9.0,10.0,21
37039,10.0,1,35,1,1,1,1,1,5303.0,9999.99,5.0,1.0,8.0,13,9.0,7.0,9
37040,10.0,18,14,1,1,1,1,1,5039.0,5.0,4.0,1.0,7.0,15,8.0,4.0,9
37041,10.0,9,42,1,1,2,1,1,6.0,9999.99,7.0,1.0,7.0,15,9.0,6.0,9
37050,10.0,22,14,1,1,1,1,1,503.0,7.0,7.0,2.0,2.0,15,4.0,1.0,21
37052,10.0,18,14,1,1,1,1,1,8.0,720.0,8.0,2.0,2.0,15,4.0,1.0,32
37054,10.0,19,14,1,1,1,1,1,8.0,723.0,8.0,2.0,2.0,15,4.0,1.0,9
37057,10.0,8,66,1,1,2,1,1,5006.0,20.4,8.0,1.0,7.0,16,1.0,16.0,9
37058,10.0,17,14,1,1,2,1,1,6.0,210.9,9.0,1.0,3.0,15,8.0,1.0,82
37059,10.0,8,14,1,1,2,1,1,6.0,207.7,9.0,1.0,7.0,14,1.0,16.0,71
37061,10.0,19,14,1,1,1,1,1,6.0,203.0,10.0,1.0,1.0,15,1.0,1.0,21
37062,10.0,14,14,1,1,2,1,1,6.0,207.5,10.0,1.0,7.0,15,8.0,1.0,21
37063,10.0,12,66,1,1,2,1,1,506.0,9999.99,6.0,1.0,7.0,15,9.0,1.0,21
37069,10.0,15,66,1,1,2,1,1,4.0,156.0,8.0,1.0,7.0,15,9.0,1.0,9
37070,10.0,16,66,1,1,2,1,1,5007.0,8.0,6.0,1.0,8.0,13,9.0,11.0,21