NUM_ACC,MOIS_ACC,HEU_ACC,COD_PRV,COD_ETA_CHA,COD_ETA_SUR,COD_LUM,COD_INT,TYP_LIE_ACC,NUM_ROU,PKM,LAR_CHA,COD_TYP_CHA,COD_TYP_COL,COD_OBS_HRT,COD_POI_CHO,COD_MAN,CIR_ACC
37071,10.0,17,66,1,1,2,1,1,5007.0,18.0,6.0,1.0,3.0,15,4.0,1.0,9
37080,10.0,11,66,1,1,2,1,1,8.0,743.4,8.0,1.0,2.0,15,4.0,1.0,430
37081,10.0,19,66,1,1,1,1,1,5002.0,4.2,5.0,1.0,8.0,16,9.0,16.0,9
37082,10.0,13,35,1,1,2,1,1,5309.0,5.5,5.0,1.0,7.0,15,8.0,4.0,3
37084,10.0,7,66,1,1,2,1,1,5005.0,3.2,6.0,1.0,8.0,13,9.0,11.0,3
37085,10.0,13,66,1,1,2,1,1,5005.0,16.0,6.0,1.0,8.0,13,9.0,11.0,9
37088,10.0,22,14,1,1,1,1,1,802.0,178.6,8.0,2.0,2.0,15,4.0,1.0,3
37089,10.0,9,66,1,1,2,1,1,6.0,190.7,8.0,1.0,3.0,15,8.0,1.0,46
37090,10.0,18,66,1,1,1,1,1,6.0,179.2,8.0,1.0,7.0,15,9.0,4.0,9
37091,10.0,1,66,1,1,1,1,1,6.0,189.7,8.0,1.0,8.0,13,9.0,11.0,9
37092,10.0,19,66,1,1,1,1,1,6.0,187.25,8.0,1.0,3.0,15,8.0,1.0,9
37093,10.0,9,66,1,1,2,1,1,6.0,183.44,8.0,1.0,3.0,15,6.0,1.0,31
37094,10.0,18,66,1,1,1,1,1,6.0,186.15,8.0,1.0,7.0,15,7.0,4.0,46
37096,10.0,12,66,1,1,2,1,1,716.0,45.2,6.0,1.0,7.0,15,8.0,4.0,3
37097,10.0,9,66,1,1,2,1,1,716.0,48.1,7.0,1.0,7.0,15,9.0,6.0,9
37098,10.0,10,66,1,1,2,1,1,716.0,46.0,6.0,1.0,7.0,15,9.0,1.0,82
37102,10.0,14,66,1,1,2,1,1,5013.0,9999.99,5.0,1.0,8.0,13,9.0,11.0,82
37103,10.0,7,66,1,1,2,1,1,5013.0,9.0,5.0,1.0,8.0,13,9.0,18.0,21
37107,10.0,23,35,1,1,1,1,1,509.0,6.0,8.0,1.0,7.0,15,1.0,20.0,9
37110,10.0,13,42,1,1,2,1,1,8.0,700.1,8.0,1.0,8.0,13,9.0,10.0,9
37111,10.0,10,35,1,1,2,1,1,509.0,1.0,6.0,1.0,8.0,13,9.0,10.0,46
37112,10.0,17,35,1,1,2,1,1,8.0,816.2,8.0,1.0,7.0,15,8.0,1.0,33
37113,10.0,19,35,1,1,1,1,1,5314.0,18.0,5.0,1.0,1.0,15,1.0,20.0,33
37116,10.0,11,35,1,1,2,1,1,8.0,784.0,8.0,1.0,2.0,15,4.0,1.0,21
37117,10.0,11,35,1,1,2,1,1,408.0,9999.99,6.0,1.0,3.0,15,8.0,1.0,9
37118,10.0,22,35,1,1,1,1,1,8.0,757.0,7.0,1.0,7.0,15,8.0,4.0,32
37119,10.0,10,35,1,1,2,1,1,5329.0,9999.99,5.0,1.0,7.0,15,6.0,21.0,341
37120,10.0,13,35,1,1,2,1,1,8.0,768.0,7.0,1.0,3.0,15,8.0,1.0,9
37127,10.0,20,35,1,1,1,1,1,8.0,795.4,7.0,1.0,3.0,15,8.0,1.0,21
37129,10.0,20,35,1,1,1,1,1,8.0,797.5,7.0,1.0,8.0,13,9.0,10.0,21
37130,10.0,19,42,1,1,1,1,1,503.0,9999.99,6.0,1.0,2.0,15,4.0,1.0,21
37133,10.0,12,42,1,1,2,1,1,714.0,9999.99,6.0,1.0,3.0,15,6.0,1.0,82
37134,10.0,22,42,1,1,1,1,1,5035.0,9999.99,5.0,1.0,8.0,13,9.0,10.0,21
37135,10.0,15,14,1,1,2,1,1,5043.0,1.6,5.0,1.0,1.0,15,1.0,4.0,9
37136,10.0,18,42,1,1,1,1,1,6.0,223.0,7.0,1.0,1.0,15,1.0,4.0,21
37138,10.0,16,42,1,1,2,1,1,5016.0,9999.99,3.0,1.0,8.0,13,9.0,11.0,21
37139,10.0,12,42,1,1,2,1,1,9999.0,9999.99,5.0,1.0,8.0,18,9.0,1.0,21
37143,10.0,18,14,1,1,1,1,1,802.0,196.9,7.0,2.0,8.0,13,9.0,11.0,21
37144,10.0,10,42,1,1,2,1,1,802.0,226.2,8.0,2.0,8.0,13,9.0,11.0,9
37148,10.0,23,35,1,1,1,1,1,5328.0,9999.99,4.0,1.0,8.0,13,9.0,11.0,341
37149,10.0,9,35,1,1,2,1,1,501.0,59.0,6.0,1.0,7.0,15,9.0,6.0,38
37150,10.0,14,35,1,1,2,1,1,13.0,160.0,8.0,1.0,2.0,15,4.0,1.0,53
37153,10.0,10,7,1,1,2,1,1,502.0,11.9,6.0,1.0,8.0,13,9.0,10.0,46
37154,10.0,17,7,1,1,2,1,1,503.0,100.5,6.0,1.0,3.0,15,8.0,1.0,3
37155,10.0,1,7,1,1,1,1,1,503.0,77.9,6.0,1.0,8.0,13,9.0,11.0,21
37156,10.0,21,7,1,1,1,1,1,503.0,86.2,6.0,1.0,7.0,15,9.0,4.0,96
37160,10.0,18,7,1,1,1,1,1,15.0,234.4,6.0,1.0,8.0,13,9.0,10.0,32
37163,10.0,1,32,1,1,1,1,1,1300.0,31.7,7.0,1.0,8.0,18,9.0,18.0,82
37166,10.0,16,31,1,1,2,1,1,1.0,1245.7,7.0,1.0,2.0,15,4.0,1.0,3
37168,10.0,7,31,1,1,2,1,1,9999.0,8.2,6.0,1.0,8.0,18,9.0,1.0,9
37169,10.0,4,31,1,1,1,1,1,9999.0,46.45,7.0,1.0,8.0,18,9.0,1.0,71
37170,10.0,22,31,1,1,1,1,1,1.0,1253.9,7.0,1.0,2.0,15,4.0,1.0,9
37171,10.0,13,31,1,1,2,1,1,1.0,1201.5,7.0,1.0,8.0,18,9.0,1.0,21
37172,10.0,15,31,1,1,2,1,1,1.0,1200.1,7.0,1.0,8.0,18,9.0,1.0,9
37177,10.0,14,59,1,1,2,1,1,1918.0,9999.99,5.0,1.0,7.0,14,1.0,16.0,21
37178,10.0,12,32,1,1,2,1,1,1.0,1172.3,6.0,1.0,1.0,15,1.0,2.0,21
37179,10.0,10,32,1,1,2,1,1,1.0,1153.5,8.0,1.0,8.0,18,9.0,18.0,21
37182,10.0,2,32,1,1,1,1,1,1.0,1025.9,7.0,1.0,3.0,18,8.0,4.0,21
37183,10.0,17,59,1,1,2,1,1,1.0,1001.0,6.0,1.0,3.0,15,9.0,4.0,409
37184,10.0,20,16,1,1,1,1,1,805.0,248.9,7.0,1.0,8.0,13,9.0,10.0,9
37185,10.0,21,16,2,1,1,1,1,4201.0,9999.99,7.0,1.0,3.0,15,3.0,4.0,31
37186,10.0,21,16,1,1,1,1,1,4201.0,9999.99,6.0,1.0,8.0,14,7.0,16.0,9
37188,10.0,14,16,1,1,2,1,1,1.0,239.8,10.0,1.0,8.0,14,7.0,16.0,9
37189,10.0,5,16,1,1,1,1,1,405.0,17.7,6.0,1.0,3.0,15,4.0,4.0,32
37190,10.0,9,16,1,1,2,1,1,1.0,222.0,6.0,1.0,8.0,13,7.0,11.0,59
37191,10.0,19,16,2,1,1,1,1,4206.0,9999.99,6.0,1.0,8.0,14,1.0,16.0,341
37193,10.0,11,16,1,1,2,1,1,406.0,5.0,7.0,1.0,1.0,15,1.0,7.0,82
37194,10.0,11,16,2,1,2,1,1,4208.0,9999.99,6.0,1.0,8.0,14,1.0,16.0,38
37195,10.0,20,16,1,1,1,1,1,406.0,13.0,7.0,1.0,8.0,18,3.0,10.0,9
37196,10.0,1,16,1,1,1,1,1,1.0,123.9,7.0,1.0,8.0,18,2.0,11.0,82
37197,10.0,15,16,1,1,2,1,1,406.0,35.6,7.0,1.0,2.0,15,4.0,1.0,21
37198,10.0,16,16,1,1,2,1,1,4224.0,9999.99,6.0,1.0,3.0,18,7.0,1.0,71
37199,10.0,18,16,1,1,1,1,1,4201.0,26.0,6.0,1.0,3.0,15,8.0,4.0,21
37200,10.0,13,16,1,1,2,1,1,4201.0,9999.99,6.0,1.0,8.0,14,7.0,16.0,9
37201,10.0,10,16,1,1,2,1,1,4201.0,9999.99,6.0,1.0,1.0,15,1.0,4.0,46
37202,10.0,21,16,1,1,1,1,1,411.0,9999.99,6.0,1.0,8.0,14,7.0,16.0,9
37207,10.0,16,16,1,1,2,1,1,4234.0,9999.99,6.0,1.0,3.0,15,8.0,1.0,82
37208,10.0,10,16,1,1,2,1,1,4234.0,9999.99,6.0,1.0,3.0,15,8.0,1.0,9
37210,10.0,20,16,1,1,1,1,1,4201.0,9999.99,6.0,1.0,3.0,15,4.0,1.0,21
37211,10.0,19,16,1,1,1,1,1,805.0,243.6,7.0,1.0,8.0,13,9.0,10.0,46
37212,10.0,16,16,1,1,2,1,1,805.0,236.6,7.0,1.0,8.0,13,9.0,10.0,9
37213,10.0,8,16,1,1,2,1,1,805.0,229.25,7.0,1.0,8.0,13,9.0,11.0,55
37214,10.0,5,16,1,1,1,1,1,805.0,224.6,7.0,1.0,8.0,13,9.0,11.0,48
37216,10.0,19,16,1,1,1,1,1,1.0,202.2,9.0,1.0,3.0,18,7.0,1.0,31
37217,10.0,4,16,1,1,1,1,1,1.0,194.2,9.0,1.0,3.0,18,7.0,1.0,9
37218,10.0,20,16,1,1,1,1,1,4238.0,15.0,6.0,1.0,1.0,15,2.0,2.0,9
37219,10.0,4,16,1,1,1,1,1,1.0,198.2,9.0,1.0,3.0,15,8.0,2.0,21
37220,10.0,20,16,1,1,1,1,1,1.0,196.16,9.0,1.0,2.0,15,4.0,2.0,38
37222,10.0,14,16,1,1,2,1,1,1.0,246.3,10.0,1.0,2.0,15,4.0,1.0,3
37223,10.0,11,16,1,1,2,1,1,1.0,239.85,10.0,1.0,2.0,15,4.0,1.0,3
37224,10.0,23,16,1,1,1,1,1,1.0,243.0,10.0,1.0,8.0,14,7.0,16.0,21
37225,10.0,20,16,1,1,1,1,1,1.0,245.4,10.0,1.0,2.0,15,4.0,1.0,9
37227,10.0,11,16,1,1,2,1,1,4266.0,9999.99,6.0,1.0,8.0,14,7.0,16.0,9
37228,10.0,9,16,1,1,2,1,1,1.0,217.5,6.0,1.0,3.0,15,8.0,1.0,402
37229,10.0,12,16,1,1,2,1,1,4.0,5.2,6.0,1.0,8.0,14,8.0,16.0,21
37230,10.0,8,16,1,1,2,1,1,4.0,8.4,6.0,1.0,8.0,13,7.0,11.0,9
37231,10.0,13,16,1,1,2,1,1,1.0,218.7,6.0,1.0,2.0,15,4.0,1.0,9
37232,10.0,13,16,1,1,2,1,1,405.0,15.4,6.0,1.0,8.0,14,8.0,16.0,46
37233,10.0,14,16,1,1,2,1,1,805.0,203.8,7.0,1.0,8.0,13,8.0,10.0,42
37234,10.0,14,16,1,1,2,1,1,805.0,216.6,7.0,1.0,8.0,13,7.0,11.0,5
37235,10.0,13,16,1,1,2,1,1,805.0,159.9,7.0,1.0,8.0,18,3.0,10.0,3
37236,10.0,14,16,1,1,2,1,1,406.0,24.2,7.0,1.0,3.0,15,2.0,4.0,9
37237,10.0,22,16,1,1,1,1,1,406.0,9999.99,7.0,1.0,3.0,15,1.0,4.0,3
37238,10.0,18,16,1,1,1,1,1,406.0,29.6,7.0,1.0,2.0,15,4.0,1.0,9
37239,10.0,9,16,2,1,2,1,1,4208.0,9999.99,6.0,1.0,8.0,14,1.0,16.0,9
37240,10.0,18,16,2,1,1,1,1,4206.0,9999.99,6.0,1.0,3.0,15,2.0,4.0,341
37241,10.0,20,16,2,1,1,1,1,4233.0,9999.99,6.0,1.0,1.0,15,2.0,4.0,3
37242,10.0,19,16,2,1,1,1,1,4208.0,9999.99,7.0,1.0,3.0,15,2.0,4.0,33
37243,10.0,18,16,2,1,1,1,1,4201.0,9999.99,7.0,1.0,8.0,14,1.0,16.0,9
37244,10.0,11,16,2,1,2,1,1,4201.0,9999.99,7.0,1.0,2.0,15,4.0,1.0,21
37246,10.0,18,16,2,1,1,1,1,4214.0,9999.99,6.0,1.0,8.0,14,1.0,16.0,38
37247,10.0,22,16,2,1,1,1,1,4201.0,9999.99,7.0,1.0,8.0,18,2.0,11.0,9
37248,10.0,21,16,2,1,1,1,1,4201.0,9999.99,7.0,1.0,3.0,15,3.0,12.0,31
37249,10.0,17,16,2,1,2,1,1,4214.0,9999.99,6.0,1.0,4.0,15,4.0,1.0,9
37250,10.0,22,16,2,1,1,1,1,4220.0,9999.99,6.0,1.0,8.0,14,1.0,16.0,55
37252,10.0,21,16,1,1,1,1,1,413.0,4.6,7.0,1.0,1.0,15,1.0,4.0,9
37253,10.0,22,16,1,1,1,1,1,1.0,145.3,7.0,1.0,7.0,15,1.0,16.0,9
37254,10.0,14,16,1,1,2,1,1,1.0,168.9,7.0,1.0,3.0,15,3.0,8.0,9
37256,10.0,12,16,2,1,2,1,1,4217.0,9999.99,6.0,1.0,2.0,15,4.0,1.0,21
37257,10.0,16,16,2,1,2,1,1,4217.0,9999.99,6.0,1.0,3.0,15,3.0,8.0,3
37258,10.0,15,63,1,1,2,1,1,7103.0,72.0,4.0,1.0,8.0,13,9.0,1.0,430
37259,10.0,16,63,1,1,2,1,1,113.0,15.9,6.0,1.0,8.0,6,3.0,10.0,9
37260,10.0,10,25,1,1,2,1,1,1516.0,9999.99,8.0,1.0,8.0,13,8.0,1.0,53
37261,10.0,16,25,1,1,2,1,1,1507.0,9999.99,7.0,1.0,8.0,13,7.0,1.0,9
37262,10.0,5,25,2,1,1,1,1,1516.0,9999.99,8.0,1.0,8.0,13,8.0,1.0,9
37263,10.0,9,25,1,1,2,1,1,1507.0,9999.99,8.0,1.0,8.0,13,9.0,1.0,21
37264,10.0,7,25,1,1,2,1,1,10.0,390.2,9.0,1.0,7.0,15,7.0,1.0,9
37265,10.0,12,25,1,1,2,1,1,10.0,270.5,9.0,1.0,8.0,13,9.0,1.0,21
37266,10.0,20,46,1,1,1,1,1,9.0,562.3,6.0,1.0,7.0,15,2.0,8.0,9
37269,10.0,19,46,1,1,1,1,1,9.0,480.2,8.0,1.0,8.0,18,2.0,11.0,9
37270,10.0,13,25,1,1,2,1,1,1506.0,74.0,7.0,1.0,7.0,15,1.0,1.0,21
37271,10.0,13,25,1,1,2,1,1,9.0,417.3,9.0,1.0,2.0,15,1.0,1.0,341
37273,10.0,16,25,1,1,2,1,1,9.0,349.0,8.0,1.0,2.0,15,1.0,1.0,46
37275,10.0,8,46,1,1,2,1,1,12.0,765.8,6.0,1.0,8.0,18,7.0,11.0,38
37277,10.0,19,46,1,1,1,1,1,9.0,565.1,6.0,1.0,8.0,14,3.0,16.0,82
37282,10.0,18,63,1,2,1,1,1,7103.0,59.0,7.0,1.0,8.0,13,7.0,1.0,9
37286,10.0,10,63,1,1,2,1,1,7108.0,9999.99,5.0,1.0,3.0,15,7.0,1.0,38
37288,10.0,13,63,1,1,2,1,1,10.0,424.0,6.0,1.0,8.0,14,8.0,16.0,9
37290,10.0,14,63,1,1,2,1,1,10.0,437.2,6.0,1.0,8.0,13,8.0,10.0,31
37291,10.0,17,63,1,1,2,1,1,10.0,434.8,6.0,1.0,8.0,14,8.0,16.0,9
37300,10.0,19,25,1,1,1,1,1,9.0,441.2,9.0,1.0,7.0,15,7.0,1.0,21
37301,10.0,21,25,1,1,1,1,1,9.0,400.44,9.0,1.0,7.0,15,1.0,1.0,9
37302,10.0,21,25,1,1,1,1,1,9.0,440.0,8.0,1.0,8.0,14,1.0,1.0,21
37303,10.0,18,25,1,1,1,1,1,9.0,439.0,9.0,1.0,2.0,15,1.0,1.0,406
37304,10.0,11,25,1,1,2,1,1,1516.0,9999.99,8.0,1.0,7.0,15,1.0,1.0,9
37305,10.0,15,25,1,1,2,1,1,9.0,378.5,8.0,1.0,1.0,15,1.0,1.0,400
37306,10.0,13,25,1,1,2,1,1,9.0,380.0,9.0,1.0,2.0,15,1.0,1.0,21
37311,10.0,22,25,1,1,1,1,1,10.0,389.75,9.0,1.0,8.0,13,9.0,1.0,3
37313,10.0,2,25,1,1,1,1,1,9.0,397.0,9.0,1.0,8.0,13,7.0,1.0,21
37314,10.0,20,25,1,1,1,1,1,9.0,407.7,9.0,1.0,8.0,13,7.0,1.0,9
37316,10.0,21,46,1,1,1,1,1,12.0,9999.99,13.0,1.0,8.0,16,1.0,1.0,21
37317,10.0,15,46,1,1,2,1,1,9.0,666.2,15.0,1.0,3.0,15,2.0,16.0,21
37318,10.0,20,46,1,1,1,1,1,9.0,655.1,6.0,1.0,7.0,16,1.0,11.0,21
37319,10.0,10,46,1,1,2,1,1,9.0,608.4,9.0,1.0,3.0,15,7.0,1.0,31
37320,10.0,13,46,1,1,2,1,1,9.0,613.0,9.0,1.0,8.0,15,1.0,16.0,32
37321,10.0,19,25,1,1,1,1,1,10.0,352.8,8.0,1.0,8.0,13,9.0,1.0,21
37322,10.0,7,18,1,1,2,1,1,6.0,70.8,6.0,1.0,1.0,15,1.0,2.0,9
37323,10.0,11,18,1,1,2,1,1,411.0,130.9,6.0,1.0,8.0,13,1.0,11.0,9
37324,10.0,10,18,1,1,2,1,1,6.0,25.5,6.0,1.0,3.0,15,1.0,2.0,9
37327,10.0,15,18,1,1,2,1,1,802.0,44.3,7.0,2.0,8.0,13,9.0,5.0,3
37328,10.0,17,18,1,1,2,1,1,6.0,43.3,6.0,1.0,8.0,13,1.0,11.0,9
37330,10.0,19,18,1,1,1,1,1,404.0,34.7,6.0,1.0,2.0,15,1.0,1.0,32
37332,10.0,17,18,1,1,2,1,1,409.0,67.4,6.0,1.0,8.0,13,9.0,10.0,55
37335,10.0,15,18,1,1,2,1,1,4316.0,9999.99,5.0,1.0,8.0,14,1.0,1.0,9
37336,10.0,21,18,1,1,1,1,1,404.0,37.3,6.0,1.0,2.0,15,1.0,1.0,31
37337,10.0,23,18,1,1,1,1,1,404.0,34.3,6.0,1.0,3.0,15,1.0,1.0,38
37338,10.0,23,18,1,1,1,1,1,404.0,37.6,6.0,1.0,2.0,15,1.0,1.0,46
37339,10.0,12,18,1,1,2,1,1,407.0,94.3,6.0,1.0,8.0,13,1.0,10.0,9
37340,10.0,21,18,1,1,1,1,1,9999.0,54.2,6.0,1.0,8.0,14,1.0,16.0,38
37341,10.0,15,18,1,1,2,1,1,9999.0,45.8,6.0,1.0,8.0,14,1.0,16.0,341
37342,10.0,14,18,1,1,2,1,1,4301.0,15.0,6.0,1.0,8.0,13,9.0,10.0,82
37343,10.0,10,18,1,1,2,1,1,6.0,58.5,6.0,1.0,3.0,15,1.0,8.0,21
37344,10.0,10,18,1,1,2,1,1,6.0,55.6,6.0,1.0,3.0,15,1.0,1.0,9
37345,10.0,1,18,1,1,1,1,1,4321.0,9999.99,6.0,1.0,8.0,13,1.0,10.0,46
37347,10.0,10,18,1,1,2,1,1,4323.0,9.5,6.0,1.0,3.0,15,1.0,2.0,9
37349,10.0,18,18,1,1,1,1,1,411.0,110.0,6.0,1.0,8.0,13,9.0,11.0,9
37350,10.0,14,18,1,1,2,1,1,4323.0,17.4,6.0,1.0,4.0,15,1.0,1.0,21
37353,10.0,10,18,1,1,2,1,1,701.0,42.1,6.0,1.0,8.0,13,1.0,11.0,9
37354,10.0,21,18,1,1,1,1,1,701.0,76.2,6.0,1.0,8.0,13,9.0,11.0,9
37358,10.0,14,18,1,1,2,1,1,6.0,69.1,6.0,1.0,3.0,15,1.0,8.0,9
37361,10.0,12,18,1,1,2,1,1,6.0,37.7,6.0,1.0,4.0,15,1.0,1.0,31
37362,10.0,14,18,1,1,2,1,1,6.0,26.0,6.0,1.0,3.0,15,1.0,2.0,31
37364,10.0,15,18,1,1,2,1,1,6.0,27.62,6.0,1.0,3.0,15,1.0,1.0,21
37365,10.0,20,18,1,1,1,1,1,6.0,27.1,6.0,1.0,8.0,14,1.0,1.0,21
37366,10.0,15,18,1,1,2,1,1,6.0,43.2,6.0,1.0,2.0,15,1.0,1.0,9
37368,10.0,18,18,1,1,1,1,1,6.0,27.0,6.0,1.0,3.0,15,1.0,2.0,406
37369,10.0,18,18,1,1,1,1,1,6.0,41.0,6.0,1.0,8.0,15,1.0,2.0,9
37370,10.0,18,18,1,1,1,1,1,6.0,43.0,6.0,1.0,3.0,15,1.0,2.0,400
37371,10.0,18,18,1,1,1,1,1,6.0,27.0,6.0,1.0,3.0,15,1.0,2.0,21
37372,10.0,20,18,1,1,1,1,1,6.0,96.2,6.0,1.0,8.0,13,1.0,11.0,406
37373,10.0,23,18,1,1,1,1,1,6.0,93.9,6.0,1.0,8.0,13,1.0,11.0,9
37374,10.0,0,18,1,1,1,1,1,6.0,96.2,6.0,1.0,8.0,13,1.0,11.0,40
37375,10.0,18,18,1,1,1,1,1,409.0,48.5,6.0,1.0,2.0,15,1.0,1.0,21
37377,10.0,17,18,1,1,2,1,1,6.0,20.9,7.0,2.0,8.0,2,1.0,1.0,3
37379,10.0,15,18,1,1,2,1,1,802.0,26.88,7.0,2.0,8.0,16,1.0,16.0,9
37380,10.0,8,18,1,1,2,1,1,802.0,20.1,7.0,2.0,8.0,13,9.0,5.0,9
37381,10.0,23,18,1,1,1,1,1,802.0,33.25,7.0,2.0,8.0,2,1.0,1.0,21
37382,10.0,15,18,1,1,2,1,1,802.0,44.0,7.0,2.0,2.0,15,1.0,1.0,21
37383,10.0,16,18,1,1,2,1,1,404.0,67.6,6.0,1.0,8.0,13,1.0,10.0,21
37384,10.0,23,18,1,1,1,1,1,4301.0,73.4,6.0,1.0,8.0,13,1.0,10.0,31
37386,10.0,10,18,1,1,2,1,1,404.0,74.85,6.0,1.0,8.0,13,1.0,11.0,21
37387,10.0,7,18,1,1,2,1,1,4301.0,66.0,6.0,1.0,8.0,13,1.0,10.0,9
37388,10.0,13,18,1,1,2,1,1,4301.0,62.2,6.0,1.0,8.0,13,1.0,10.0,9
37389,10.0,20,18,1,1,1,1,1,4301.0,65.4,6.0,1.0,2.0,15,1.0,1.0,9
37390,10.0,9,18,1,1,2,1,1,802.0,86.45,7.0,1.0,1.0,15,1.0,4.0,9
37391,10.0,14,18,1,1,2,1,1,802.0,88.5,7.0,1.0,8.0,18,9.0,1.0,21
37392,10.0,5,18,1,1,1,1,1,802.0,98.0,7.0,1.0,8.0,2,9.0,1.0,3
37393,10.0,13,18,1,1,2,1,1,802.0,79.0,7.0,1.0,8.0,2,2.0,1.0,9
37395,10.0,9,18,1,1,2,1,1,404.0,4.7,6.0,1.0,1.0,15,1.0,2.0,32
37398,10.0,10,19,1,1,2,1,1,503.0,221.0,4.0,1.0,2.0,15,4.0,1.0,88
37399,10.0,20,19,1,1,1,1,1,710.0,34.5,8.0,1.0,3.0,15,6.0,1.0,409
37400,10.0,21,19,1,1,1,1,1,7303.0,4.2,6.0,1.0,3.0,15,3.0,14.0,9
37403,10.0,19,19,1,1,1,1,1,8.0,527.1,6.0,1.0,3.0,15,2.0,1.0,38
37404,10.0,10,19,1,1,2,1,1,9999.0,236.3,6.0,1.0,8.0,18,1.0,1.0,9
37405,10.0,12,19,1,1,2,1,1,7308.0,9999.99,6.0,1.0,8.0,14,1.0,1.0,400
37406,10.0,14,19,1,1,2,1,1,7308.0,9999.99,6.0,1.0,3.0,15,6.0,1.0,9
37407,10.0,12,19,1,1,2,1,1,712.0,44.4,6.0,1.0,8.0,3,1.0,1.0,406
37409,10.0,16,19,1,1,2,1,1,7300.0,9999.99,13.0,1.0,8.0,14,1.0,16.0,9
37411,10.0,14,19,1,1,2,1,1,8.0,562.13,6.0,1.0,8.0,14,1.0,16.0,50
37415,10.0,20,20,1,1,1,1,1,9999.0,92.2,7.0,1.0,3.0,15,6.0,4.0,50
37416,10.0,10,20,1,1,2,1,1,9999.0,104.5,7.0,1.0,3.0,15,3.0,12.0,9
37419,10.0,10,20,1,1,2,1,1,311.0,23.7,5.0,1.0,8.0,18,9.0,1.0,9
37420,10.0,12,20,1,1,2,1,1,3511.0,9999.99,6.0,1.0,3.0,15,4.0,1.0,31
37421,10.0,6,20,1,1,1,1,1,9999.0,148.2,7.0,1.0,7.0,15,9.0,16.0,9
37422,10.0,21,20,1,1,1,1,1,403.0,9999.99,4.0,1.0,3.0,15,3.0,4.0,9
37425,10.0,9,20,1,1,2,1,1,804.0,99.1,7.0,2.0,7.0,2,9.0,11.0,46
37426,10.0,19,20,1,1,1,1,1,9999.0,105.0,7.0,1.0,3.0,15,8.0,17.0,21
37427,10.0,20,20,1,1,1,1,1,9999.0,107.0,6.0,1.0,2.0,15,4.0,1.0,9
37436,10.0,11,20,1,1,2,1,1,9999.0,87.7,7.0,1.0,3.0,15,3.0,5.0,9
37438,10.0,17,20,1,1,2,1,1,3514.0,9999.99,6.0,1.0,2.0,15,4.0,1.0,59
37440,10.0,6,20,1,1,1,1,1,312.0,17.1,6.0,1.0,3.0,15,6.0,21.0,88
37441,10.0,9,20,1,1,2,1,1,804.0,107.9,8.0,1.0,3.0,15,4.0,1.0,36
37442,10.0,13,20,1,1,2,1,1,3506.0,9999.99,6.0,1.0,2.0,15,4.0,1.0,48
37443,10.0,12,20,1,1,2,1,1,9999.0,9999.99,5.0,1.0,3.0,15,6.0,4.0,31
37444,10.0,16,20,1,1,2,1,1,9999.0,9999.99,6.0,1.0,3.0,15,8.0,4.0,31
37445,10.0,16,20,1,1,2,1,1,3525.0,9999.99,6.0,1.0,2.0,15,4.0,1.0,9
37447,10.0,13,20,1,1,2,1,1,9999.0,185.2,6.0,1.0,8.0,18,9.0,18.0,38
37448,10.0,18,20,1,1,1,1,1,710.0,81.0,5.0,1.0,3.0,15,8.0,1.0,31
37449,10.0,18,62,1,1,1,1,1,1.0,1452.3,7.0,1.0,8.0,18,1.0,1.0,32
37450,10.0,18,8,1,1,1,1,1,1.0,1868.0,6.0,1.0,3.0,15,7.0,4.0,55
37453,10.0,18,29,1,1,1,1,1,14.0,289.0,6.0,1.0,8.0,18,9.0,1.0,9
37455,10.0,8,29,1,1,2,1,1,14.0,231.0,6.0,1.0,8.0,18,1.0,1.0,48
37456,10.0,21,21,1,1,1,1,1,1.0,1531.5,6.0,1.0,8.0,18,1.0,1.0,36
37457,10.0,3,21,1,1,1,1,1,1.0,1527.0,6.0,1.0,8.0,18,1.0,1.0,439
37459,10.0,9,62,1,1,2,1,1,1.0,1416.0,7.0,1.0,8.0,13,9.0,1.0,9
37461,10.0,4,62,1,1,1,1,1,1.0,1338.1,7.0,1.0,8.0,18,2.0,1.0,9
37462,10.0,19,57,1,1,1,1,1,803.0,191.9,7.0,2.0,4.0,15,1.0,1.0,9
37463,10.0,23,48,1,1,1,1,1,803.0,254.8,12.0,2.0,7.0,15,6.0,14.0,3
37464,10.0,10,11,1,1,2,1,1,2125.0,2.0,7.0,1.0,1.0,15,1.0,4.0,36
37465,10.0,11,48,1,1,2,1,1,803.0,257.4,12.0,2.0,1.0,15,1.0,2.0,9
37466,10.0,14,43,1,1,2,1,1,9999.0,169.8,7.0,1.0,1.0,15,1.0,2.0,31
37467,10.0,8,43,1,1,2,1,1,2022.0,77.0,7.0,1.0,8.0,10,1.0,11.0,42
37468,10.0,7,43,1,1,2,1,1,2017.0,31.5,8.0,1.0,4.0,15,4.0,1.0,9
37469,10.0,14,22,1,1,2,1,1,8.0,260.2,9.0,1.0,2.0,15,4.0,1.0,9