NUM_ACC,MOIS_ACC,HEU_ACC,COD_PRV,COD_ETA_CHA,COD_ETA_SUR,COD_LUM,COD_INT,TYP_LIE_ACC,NUM_ROU,PKM,LAR_CHA,COD_TYP_CHA,COD_TYP_COL,COD_OBS_HRT,COD_POI_CHO,COD_MAN,CIR_ACC
37470,10.0,13,22,1,1,2,1,1,7.0,134.0,16.0,1.0,2.0,15,6.0,6.0,31
37471,10.0,15,11,1,1,2,1,1,2137.0,29.1,7.0,1.0,3.0,15,7.0,6.0,42
37472,10.0,21,11,1,1,1,1,1,2125.0,15.6,7.0,1.0,2.0,15,4.0,1.0,9
37473,10.0,7,22,1,1,2,1,1,212.0,5.0,7.0,1.0,2.0,15,4.0,1.0,31
37475,10.0,20,22,1,1,1,1,1,9.0,265.1,9.0,1.0,7.0,14,1.0,16.0,3
37476,10.0,20,22,1,1,1,1,1,9.0,265.8,9.0,1.0,1.0,15,1.0,2.0,9
37479,10.0,16,11,1,1,2,1,1,8.0,327.8,7.0,1.0,1.0,15,1.0,4.0,9
37480,10.0,1,57,1,1,1,1,1,8.0,290.6,7.0,1.0,8.0,14,1.0,16.0,31
37481,10.0,13,48,1,1,2,1,1,2038.0,9999.99,5.0,1.0,1.0,15,1.0,4.0,31
37483,10.0,19,11,1,1,1,1,1,206.0,82.2,7.0,1.0,1.0,15,1.0,4.0,9
37484,10.0,20,11,1,1,1,1,1,8.0,339.7,7.0,1.0,2.0,15,4.0,1.0,32
37485,10.0,9,43,1,1,2,1,1,2012.0,15.5,7.0,1.0,2.0,15,9.0,1.0,9
37486,10.0,1,48,1,1,1,1,1,8.0,177.5,8.0,1.0,8.0,18,9.0,11.0,46
37488,10.0,22,48,1,1,1,1,1,2026.0,9999.99,5.0,1.0,8.0,13,1.0,5.0,36
37490,10.0,20,48,1,1,1,1,1,8.0,173.0,8.0,1.0,2.0,15,1.0,1.0,3
37491,10.0,22,48,1,1,1,1,1,207.0,71.2,12.0,2.0,2.0,15,1.0,1.0,5
37492,10.0,20,48,1,1,1,1,1,207.0,77.5,12.0,2.0,2.0,15,1.0,1.0,3
37493,10.0,7,48,1,1,2,1,1,803.0,327.1,12.0,2.0,2.0,15,1.0,1.0,9
37495,10.0,18,43,1,1,1,1,1,2012.0,24.4,7.0,1.0,8.0,13,2.0,10.0,9
37497,10.0,12,43,1,1,2,1,1,2017.0,34.0,8.0,1.0,3.0,15,7.0,2.0,31
37498,10.0,10,43,1,1,2,1,1,2010.0,39.0,7.0,1.0,2.0,15,4.0,1.0,9
37500,10.0,19,43,1,1,1,1,1,2017.0,37.4,8.0,1.0,3.0,15,2.0,2.0,31
37501,10.0,18,11,1,1,1,1,1,8.0,327.0,7.0,1.0,8.0,18,7.0,11.0,9
37502,10.0,21,11,1,1,1,1,1,2125.0,4.7,7.0,1.0,2.0,15,4.0,1.0,9
37503,10.0,18,11,1,1,1,1,1,8.0,303.7,7.0,1.0,2.0,15,4.0,1.0,31
37506,10.0,12,43,1,1,2,1,1,2009.0,14.0,5.0,1.0,1.0,15,3.0,12.0,9
37507,10.0,23,43,1,1,1,1,1,9.0,283.6,9.0,1.0,8.0,13,3.0,10.0,82
37508,10.0,17,43,1,1,2,1,1,9.0,267.4,9.0,1.0,3.0,15,3.0,1.0,341
37509,10.0,10,43,1,1,2,1,1,9.0,271.8,9.0,1.0,3.0,15,6.0,2.0,9
37510,10.0,0,11,1,1,1,1,1,9.0,171.1,7.0,1.0,8.0,14,1.0,16.0,9
37511,10.0,2,22,1,1,1,1,1,8.0,261.0,9.0,2.0,8.0,13,7.0,11.0,9
37512,10.0,13,22,1,1,2,1,1,8.0,238.0,10.0,1.0,2.0,15,1.0,1.0,88
37513,10.0,18,22,1,1,1,1,1,8.0,238.4,10.0,1.0,2.0,15,1.0,1.0,9
37514,10.0,20,22,1,1,1,1,1,2000.0,9999.99,6.0,1.0,1.0,15,1.0,4.0,36
37516,10.0,16,22,1,1,2,1,1,7.0,131.2,16.0,1.0,7.0,15,6.0,6.0,55
37517,10.0,13,22,1,1,2,1,1,7.0,131.0,16.0,1.0,7.0,15,7.0,6.0,55
37520,10.0,12,11,1,1,2,1,1,2125.0,17.0,7.0,1.0,3.0,15,7.0,6.0,31
37522,10.0,15,11,1,1,2,1,1,208.0,32.2,7.0,1.0,3.0,15,7.0,12.0,32
37523,10.0,14,22,1,1,2,1,1,8.0,225.0,7.0,1.0,8.0,14,1.0,16.0,9
37524,10.0,13,22,1,1,2,1,1,2017.0,7.8,16.0,1.0,2.0,15,4.0,1.0,46
37525,10.0,0,22,1,1,1,1,1,2017.0,10.1,16.0,1.0,7.0,15,8.0,7.0,9
37526,10.0,9,22,1,1,2,1,1,203.0,5.1,8.0,1.0,2.0,15,4.0,1.0,36
37527,10.0,19,22,1,1,1,1,1,2009.0,5.2,9.0,1.0,7.0,15,8.0,6.0,3
37528,10.0,16,22,1,1,2,1,1,2017.0,10.9,16.0,1.0,8.0,13,7.0,11.0,3
37531,10.0,16,43,1,1,2,1,1,2009.0,7.3,9.0,1.0,8.0,13,7.0,11.0,9
37536,10.0,13,48,1,1,2,1,1,8.0,208.0,8.0,1.0,8.0,14,1.0,16.0,9
37538,10.0,18,22,1,1,1,1,1,2017.0,10.5,16.0,1.0,8.0,13,7.0,11.0,31
37539,10.0,18,22,1,1,1,1,1,2017.0,4.2,16.0,1.0,2.0,15,4.0,1.0,9
37541,10.0,3,22,1,1,1,1,1,2009.0,6.1,9.0,1.0,3.0,15,3.0,7.0,31
37542,10.0,12,22,1,1,2,1,1,2017.0,11.2,16.0,1.0,2.0,15,4.0,1.0,31
37544,10.0,10,22,1,1,2,1,1,2017.0,9.5,16.0,1.0,8.0,14,1.0,16.0,9
37545,10.0,21,22,1,1,1,1,1,2017.0,13.0,16.0,1.0,7.0,15,7.0,8.0,82
37546,10.0,19,22,1,1,1,1,1,2017.0,6.3,16.0,1.0,7.0,15,8.0,8.0,341
37547,10.0,7,22,1,1,2,1,1,2017.0,4.0,16.0,1.0,8.0,14,1.0,16.0,9
37550,10.0,3,22,1,1,1,1,1,2009.0,6.5,9.0,1.0,8.0,13,7.0,4.0,88
37555,10.0,12,22,1,1,2,1,1,2017.0,6.2,16.0,1.0,2.0,15,4.0,1.0,55
37556,10.0,16,22,1,1,2,1,1,2017.0,12.3,16.0,1.0,2.0,15,4.0,1.0,38
37557,10.0,1,22,1,1,1,1,1,2017.0,11.0,16.0,1.0,7.0,15,8.0,6.0,9
37561,10.0,14,22,1,1,2,1,1,8.0,222.5,7.0,1.0,3.0,15,8.0,9.0,46
37563,10.0,20,22,1,1,1,1,1,8.0,221.0,7.0,1.0,8.0,14,1.0,16.0,9
37564,10.0,17,22,1,1,2,1,1,8.0,219.0,7.0,1.0,2.0,15,1.0,1.0,9
37565,10.0,12,22,1,1,2,1,1,8.0,226.0,7.0,1.0,8.0,14,1.0,16.0,36
37566,10.0,12,22,1,1,2,1,1,8.0,225.2,7.0,1.0,8.0,14,1.0,16.0,36
37567,10.0,17,22,1,1,2,1,1,2007.0,9999.99,6.0,1.0,2.0,15,1.0,1.0,31
37568,10.0,16,22,1,1,2,1,1,8.0,225.0,7.0,1.0,2.0,15,1.0,21.0,38
37570,10.0,18,11,1,1,1,1,1,2115.0,5.0,7.0,1.0,3.0,15,7.0,1.0,9
37573,10.0,12,11,1,1,2,1,1,2127.0,9.6,7.0,1.0,7.0,7,1.0,1.0,21
37574,10.0,12,11,1,1,2,1,1,208.0,27.2,7.0,1.0,2.0,15,4.0,1.0,9
37576,10.0,18,11,1,1,1,1,1,2137.0,24.8,7.0,1.0,3.0,15,7.0,6.0,31
37584,10.0,10,11,1,1,2,1,1,206.0,91.0,7.0,1.0,8.0,18,7.0,11.0,31
37585,10.0,18,11,1,1,1,1,1,206.0,79.4,7.0,1.0,7.0,15,7.0,4.0,5
37586,10.0,13,11,1,1,2,1,1,208.0,22.1,7.0,1.0,3.0,15,8.0,6.0,9
37587,10.0,16,11,1,1,2,1,1,2125.0,15.0,7.0,1.0,8.0,18,7.0,11.0,3
37588,10.0,12,11,1,1,2,1,1,2125.0,19.0,7.0,1.0,2.0,15,4.0,1.0,3
37590,10.0,12,11,1,1,2,1,1,208.0,17.3,7.0,1.0,1.0,15,1.0,4.0,48
37592,10.0,12,11,1,1,2,1,1,2125.0,7.0,7.0,1.0,3.0,15,7.0,4.0,9
37593,10.0,20,11,1,1,1,1,1,2125.0,19.3,7.0,1.0,3.0,15,7.0,4.0,48
37595,10.0,8,11,1,1,2,1,1,210.0,41.2,7.0,1.0,2.0,15,4.0,1.0,31
37597,10.0,22,11,1,1,1,1,1,210.0,42.0,7.0,1.0,1.0,15,1.0,4.0,71
37599,10.0,20,11,1,1,1,1,1,2117.0,20.1,7.0,1.0,1.0,15,1.0,4.0,31
37600,10.0,12,11,1,1,2,1,1,210.0,39.6,7.0,1.0,8.0,18,8.0,10.0,9
37601,10.0,12,11,1,1,2,1,1,210.0,39.6,7.0,1.0,8.0,18,8.0,10.0,31
37602,10.0,21,22,1,1,1,1,1,7.0,137.0,16.0,1.0,2.0,15,4.0,1.0,9
37603,10.0,11,22,1,1,2,1,1,7.0,135.2,16.0,1.0,7.0,15,8.0,16.0,9
37604,10.0,0,22,1,1,1,1,1,7.0,131.0,16.0,1.0,2.0,15,4.0,1.0,38
37606,10.0,20,22,1,1,1,1,1,7.0,135.6,16.0,1.0,8.0,15,1.0,8.0,9
37609,10.0,11,22,1,1,2,1,1,7.0,129.0,16.0,1.0,2.0,1,4.0,20.0,9
37610,10.0,12,22,1,1,2,1,1,7.0,136.0,16.0,1.0,7.0,15,7.0,6.0,21
37612,10.0,22,22,1,1,1,1,1,7.0,129.0,16.0,1.0,8.0,18,8.0,10.0,55
37614,10.0,12,22,1,1,2,1,1,7.0,132.9,16.0,1.0,7.0,15,3.0,6.0,46
37617,10.0,23,22,1,1,1,1,1,7.0,135.0,16.0,1.0,8.0,13,7.0,11.0,9
37618,10.0,21,22,1,1,1,1,1,7.0,134.2,16.0,1.0,7.0,15,7.0,15.0,9
37626,10.0,20,22,1,1,1,1,1,7.0,127.5,16.0,1.0,7.0,15,8.0,16.0,31
37628,10.0,0,22,1,1,1,1,1,7.0,135.7,16.0,1.0,8.0,14,1.0,16.0,9
37630,10.0,17,22,2,1,2,1,1,9999.0,9999.99,6.0,1.0,7.0,15,7.0,6.0,9
37631,10.0,12,22,2,1,2,1,1,9999.0,9999.99,7.0,1.0,8.0,14,1.0,16.0,3
37632,10.0,12,22,2,1,2,1,1,9999.0,9999.99,7.0,1.0,8.0,13,1.0,11.0,21
37633,10.0,12,22,1,1,2,1,1,9.0,231.6,6.0,2.0,8.0,16,1.0,16.0,9
37634,10.0,3,22,1,1,1,1,1,9.0,237.0,8.0,2.0,1.0,15,3.0,4.0,55
37635,10.0,19,22,2,1,1,1,1,2008.0,9999.99,7.0,1.0,8.0,14,1.0,16.0,9
37637,10.0,9,22,2,1,2,1,1,2008.0,9999.99,7.0,1.0,7.0,15,7.0,1.0,31
37638,10.0,21,22,1,1,1,1,1,9.0,236.2,8.0,2.0,7.0,15,7.0,1.0,21
37639,10.0,21,22,1,1,1,1,1,2008.0,9999.99,9.0,1.0,8.0,13,7.0,11.0,3
37640,10.0,21,22,1,1,1,1,1,9.0,236.6,8.0,2.0,7.0,15,3.0,6.0,9
37641,10.0,21,22,1,1,1,1,1,9.0,236.6,8.0,2.0,7.0,15,8.0,6.0,9
37647,10.0,12,22,1,1,2,1,1,8.0,233.0,10.0,1.0,3.0,15,8.0,8.0,21
37648,10.0,23,22,1,1,1,1,1,212.0,4.0,7.0,1.0,2.0,15,1.0,1.0,9
37652,10.0,10,22,1,1,2,1,1,8.0,241.7,10.0,1.0,2.0,15,1.0,1.0,3
37655,10.0,10,22,1,1,2,1,1,212.0,5.0,7.0,1.0,2.0,15,1.0,1.0,9
37667,10.0,12,22,1,1,2,1,1,8.0,238.0,10.0,1.0,8.0,14,1.0,16.0,55
37668,10.0,19,22,1,1,1,1,1,8.0,233.0,10.0,1.0,2.0,14,1.0,18.0,48
37670,10.0,17,22,1,1,2,1,1,212.0,5.0,6.0,1.0,2.0,15,1.0,1.0,31
37673,10.0,21,22,1,1,1,1,1,8.0,236.0,10.0,1.0,7.0,15,7.0,15.0,42
37675,10.0,1,22,1,1,1,1,1,7.0,105.8,8.0,1.0,2.0,15,4.0,1.0,42
37676,10.0,13,22,1,1,2,1,1,2000.0,9999.99,6.0,1.0,7.0,14,1.0,20.0,55
37677,10.0,20,22,1,1,1,1,1,9.0,236.0,8.0,1.0,2.0,15,4.0,18.0,31
37678,10.0,17,22,1,1,2,1,1,8.0,267.0,9.0,1.0,8.0,14,1.0,16.0,9
37679,10.0,10,22,1,1,2,1,1,8.0,262.0,9.0,2.0,2.0,15,4.0,1.0,55
37680,10.0,20,22,1,1,1,1,1,8.0,265.5,9.0,1.0,7.0,15,8.0,14.0,42
37681,10.0,13,22,1,1,2,1,1,8.0,262.2,9.0,2.0,7.0,1,8.0,20.0,5
37683,10.0,15,22,1,1,2,1,1,8.0,266.1,9.0,1.0,7.0,15,8.0,8.0,9
37684,10.0,13,22,1,1,2,1,1,8.0,261.0,9.0,2.0,7.0,15,7.0,1.0,21
37685,10.0,12,22,1,1,2,1,1,8.0,272.6,9.0,1.0,2.0,15,4.0,1.0,9
37686,10.0,18,22,1,1,1,1,1,8.0,266.0,9.0,1.0,7.0,15,3.0,8.0,9
37687,10.0,22,22,1,1,1,1,1,8.0,260.2,9.0,2.0,7.0,15,7.0,4.0,31
37688,10.0,8,22,1,1,2,1,1,8.0,261.0,9.0,2.0,8.0,13,7.0,11.0,38
37691,10.0,12,57,2,1,2,1,1,2103.0,24.0,6.0,1.0,8.0,18,1.0,11.0,9
37692,10.0,9,22,1,1,2,1,1,9.0,256.0,8.0,1.0,3.0,15,3.0,2.0,406
37693,10.0,18,22,1,1,1,1,1,9.0,260.0,8.0,1.0,3.0,15,2.0,1.0,21
37694,10.0,18,22,1,1,1,1,1,9.0,261.0,8.0,1.0,3.0,15,3.0,1.0,21
37695,10.0,17,22,1,1,2,1,1,9.0,261.4,8.0,1.0,2.0,15,4.0,1.0,9
37696,10.0,12,43,1,1,2,1,1,9.0,269.1,9.0,1.0,2.0,15,4.0,1.0,55
37697,10.0,9,43,1,1,2,1,1,9.0,274.6,9.0,1.0,2.0,15,4.0,1.0,9
37698,10.0,20,43,1,1,1,1,1,9.0,271.5,9.0,1.0,7.0,14,1.0,16.0,5
37699,10.0,13,43,1,1,2,1,1,2009.0,18.0,5.0,1.0,1.0,15,1.0,2.0,21
37700,10.0,1,22,1,1,1,1,1,2009.0,5.0,5.0,1.0,8.0,13,2.0,11.0,21
37701,10.0,12,43,1,1,2,1,1,2009.0,14.0,5.0,1.0,8.0,13,2.0,18.0,31
37704,10.0,17,11,1,1,2,1,1,2137.0,20.0,7.0,1.0,2.0,15,4.0,1.0,5
37706,10.0,11,11,1,1,2,1,1,8.0,305.0,7.0,1.0,2.0,15,4.0,1.0,9
37707,10.0,20,11,1,1,1,1,1,8.0,318.3,7.0,1.0,8.0,18,7.0,11.0,32
37708,10.0,16,11,1,1,2,1,1,2117.0,1.0,7.0,1.0,2.0,15,4.0,1.0,9
37713,10.0,13,11,1,1,2,1,1,8.0,328.3,7.0,1.0,2.0,15,4.0,1.0,31
37714,10.0,18,11,1,1,1,1,1,8.0,344.0,7.0,1.0,2.0,15,4.0,1.0,21
37717,10.0,8,57,1,1,2,1,1,2101.0,34.5,6.0,1.0,8.0,13,1.0,1.0,9
37720,10.0,21,57,1,1,1,1,1,803.0,139.8,7.0,2.0,2.0,15,1.0,1.0,9
37721,10.0,11,57,1,1,2,1,1,803.0,128.96,7.0,2.0,2.0,15,1.0,1.0,21
37722,10.0,20,57,1,1,1,1,1,803.0,148.5,7.0,2.0,8.0,16,1.0,16.0,9
37723,10.0,2,57,1,1,1,1,1,803.0,185.0,7.0,2.0,8.0,18,1.0,11.0,9
37724,10.0,16,57,1,1,2,1,1,803.0,181.7,7.0,2.0,8.0,18,1.0,10.0,21
37725,10.0,15,57,1,1,2,1,1,8301.0,3.6,7.0,2.0,2.0,15,1.0,1.0,9
37729,10.0,15,57,1,1,2,1,1,8.0,290.7,7.0,1.0,8.0,14,1.0,16.0,59
37730,10.0,10,57,1,1,2,1,1,8.0,282.0,7.0,1.0,8.0,14,1.0,1.0,21
37731,10.0,18,57,1,1,1,1,1,8.0,281.5,7.0,1.0,8.0,18,1.0,11.0,21
37732,10.0,8,57,1,1,2,1,1,8.0,290.0,7.0,1.0,8.0,14,1.0,16.0,9
37733,10.0,20,57,1,1,1,1,1,8.0,279.8,7.0,1.0,3.0,15,1.0,4.0,21
37736,10.0,9,11,1,1,2,1,1,9.0,227.3,7.0,1.0,3.0,15,1.0,1.0,31
37737,10.0,21,43,1,1,1,1,1,2010.0,41.2,7.0,1.0,4.0,15,1.0,1.0,9
37738,10.0,20,43,1,1,1,1,1,2017.0,32.3,8.0,1.0,2.0,15,3.0,12.0,21
37739,10.0,19,43,1,1,1,1,1,2017.0,39.0,7.0,1.0,7.0,14,1.0,16.0,21
37741,10.0,19,43,1,1,1,1,1,2017.0,37.2,8.0,1.0,3.0,15,5.0,8.0,82
37742,10.0,20,43,1,1,1,1,1,2010.0,39.2,7.0,1.0,7.0,14,1.0,16.0,3
37743,10.0,12,43,1,1,2,1,1,2017.0,34.0,8.0,1.0,3.0,15,3.0,1.0,21
37744,10.0,16,43,1,1,2,1,1,2010.0,37.0,7.0,1.0,3.0,15,3.0,2.0,21
37746,10.0,13,43,1,1,2,1,1,2010.0,33.8,7.0,1.0,1.0,15,2.0,2.0,9
37747,10.0,14,43,1,1,2,1,1,2017.0,38.0,8.0,1.0,8.0,13,2.0,11.0,400
37748,10.0,20,43,1,1,1,1,1,2010.0,28.0,7.0,1.0,2.0,15,4.0,1.0,31
37749,10.0,12,43,1,1,2,1,1,2010.0,26.1,7.0,1.0,3.0,15,2.0,2.0,9
37750,10.0,13,43,1,1,2,1,1,2017.0,32.2,8.0,1.0,7.0,14,1.0,16.0,21
37751,10.0,19,43,1,1,1,1,1,2017.0,36.3,8.0,1.0,3.0,15,3.0,1.0,31
37752,10.0,15,43,1,1,2,1,1,2017.0,22.2,8.0,1.0,3.0,15,2.0,2.0,9
37753,10.0,14,43,1,1,2,1,1,2017.0,33.0,8.0,1.0,1.0,15,1.0,2.0,9
37754,10.0,12,43,1,1,2,1,1,2017.0,20.0,8.0,1.0,3.0,15,5.0,2.0,3
37755,10.0,12,43,1,1,2,1,1,2009.0,26.0,8.0,1.0,2.0,14,1.0,2.0,32
37757,10.0,9,43,1,1,2,1,1,2010.0,25.0,7.0,1.0,8.0,13,1.0,10.0,400
37759,10.0,12,43,1,1,2,1,1,2010.0,26.0,7.0,1.0,8.0,13,2.0,11.0,9
37760,10.0,19,43,1,1,1,1,1,2010.0,16.0,7.0,1.0,7.0,14,1.0,16.0,21
37761,10.0,18,43,1,1,1,1,1,2016.0,9999.99,7.0,1.0,3.0,15,4.0,1.0,9
37762,10.0,10,43,1,1,2,1,1,2010.0,23.0,7.0,1.0,2.0,15,4.0,1.0,33
37763,10.0,14,43,1,1,2,1,1,210.0,17.0,6.0,1.0,7.0,14,1.0,16.0,439
37768,10.0,1,43,1,1,1,1,1,2010.0,10.0,7.0,1.0,8.0,13,2.0,11.0,9
37773,10.0,20,43,1,1,1,1,1,2010.0,5.0,7.0,1.0,7.0,14,1.0,16.0,21
37774,10.0,14,43,1,1,2,1,1,2010.0,8.0,7.0,1.0,3.0,15,4.0,1.0,9
37777,10.0,16,43,1,1,2,1,1,9.0,296.8,7.0,1.0,1.0,15,1.0,2.0,9
37778,10.0,7,43,1,1,2,1,1,9.0,305.0,7.0,1.0,8.0,13,2.0,18.0,341
37780,10.0,12,43,1,1,2,1,1,9999.0,165.0,7.0,1.0,2.0,15,4.0,1.0,21
37781,10.0,12,43,1,1,2,1,1,9999.0,165.0,7.0,1.0,2.0,15,4.0,1.0,9
37782,10.0,20,43,1,1,1,1,1,9999.0,178.6,7.0,1.0,1.0,15,1.0,18.0,9
37785,10.0,18,43,1,1,1,1,1,9999.0,183.0,7.0,1.0,8.0,13,2.0,11.0,9
37786,10.0,0,43,1,1,1,1,1,9999.0,252.9,8.0,1.0,8.0,10,1.0,11.0,86
37787,10.0,12,43,1,1,2,1,1,9999.0,202.3,8.0,1.0,8.0,13,2.0,11.0,9
37788,10.0,18,43,1,1,1,1,1,2024.0,9999.99,6.0,1.0,1.0,15,3.0,12.0,9
37789,10.0,17,48,1,1,2,1,1,803.0,331.9,12.0,1.0,8.0,2,7.0,11.0,42
37790,10.0,15,48,1,1,2,1,1,8.0,116.2,8.0,1.0,8.0,18,9.0,11.0,3
37791,10.0,1,48,1,1,1,1,1,207.0,68.0,12.0,2.0,8.0,14,1.0,17.0,31
37792,10.0,19,48,1,1,1,1,1,207.0,70.1,12.0,2.0,2.0,15,6.0,1.0,9
37793,10.0,19,48,1,1,1,1,1,207.0,70.1,12.0,2.0,8.0,18,1.0,16.0,21
37794,10.0,20,43,1,1,1,1,1,9.0,302.5,7.0,1.0,2.0,15,1.0,1.0,5
37795,10.0,20,48,1,1,1,1,1,2026.0,9999.99,3.0,1.0,8.0,14,1.0,16.0,9
37796,10.0,13,48,1,1,2,1,1,2040.0,9999.99,3.0,1.0,8.0,18,9.0,11.0,38
37798,10.0,18,48,1,1,1,1,1,8.0,199.0,8.0,1.0,8.0,18,9.0,10.0,9
37799,10.0,10,48,1,1,2,1,1,8.0,208.8,8.0,1.0,3.0,15,2.0,1.0,9
37800,10.0,9,48,1,1,2,1,1,8.0,204.0,8.0,1.0,8.0,18,9.0,11.0,9
37803,10.0,13,48,1,1,2,1,1,212.0,89.1,6.0,1.0,1.0,15,1.0,4.0,38
37805,10.0,19,48,1,1,1,1,1,212.0,58.5,6.0,1.0,8.0,14,1.0,16.0,21
37807,10.0,16,48,1,1,2,1,1,212.0,57.8,6.0,1.0,3.0,15,1.0,4.0,21
37808,10.0,13,39,1,1,2,1,1,8.0,636.0,7.0,1.0,1.0,15,1.0,11.0,9
37809,10.0,21,23,1,1,1,1,1,7017.0,0.7,8.0,1.0,8.0,14,1.0,16.0,38
37813,10.0,15,23,1,1,2,1,1,6.0,174.0,8.0,1.0,2.0,15,4.0,1.0,38
37814,10.0,4,23,1,1,1,1,1,13.0,207.5,8.0,1.0,1.0,15,1.0,4.0,88
37815,10.0,12,23,1,1,2,1,1,413.0,93.0,8.0,1.0,1.0,15,8.0,6.0,46
37818,10.0,23,23,1,1,1,1,1,7062.0,6.0,7.0,1.0,7.0,16,1.0,16.0,9
37819,10.0,16,23,1,1,2,1,1,6.0,173.7,8.0,1.0,3.0,15,8.0,1.0,3
37820,10.0,11,23,1,1,2,1,1,7071.0,9999.99,8.0,1.0,8.0,18,9.0,10.0,21
37821,10.0,20,23,1,1,1,1,1,7024.0,9999.99,7.0,1.0,8.0,14,4.0,1.0,38
37822,10.0,20,23,1,1,1,1,1,802.0,157.1,9.0,2.0,2.0,15,4.0,1.0,38
37823,10.0,5,23,1,1,1,1,1,802.0,138.2,9.0,2.0,8.0,18,9.0,10.0,32
37824,10.0,5,23,1,1,1,1,1,802.0,137.1,9.0,2.0,2.0,15,4.0,20.0,3
37825,10.0,22,23,1,1,1,1,1,802.0,159.1,9.0,2.0,2.0,15,4.0,1.0,21
37827,10.0,15,23,1,1,2,1,1,13.0,208.0,8.0,1.0,8.0,18,9.0,11.0,21
37828,10.0,21,23,2,1,1,1,1,7008.0,5.0,7.0,1.0,1.0,15,8.0,4.0,21
37829,10.0,19,23,2,1,1,1,1,7008.0,1.0,7.0,1.0,1.0,15,1.0,4.0,88
37830,10.0,20,23,1,1,1,1,1,7069.0,9999.99,7.0,1.0,8.0,14,1.0,1.0,21
37831,10.0,21,23,1,1,1,1,1,7024.0,9999.99,7.0,1.0,3.0,15,3.0,6.0,9
37832,10.0,19,23,1,1,1,1,1,6.0,172.3,8.0,1.0,2.0,15,4.0,21.0,21
37833,10.0,7,23,1,1,2,1,1,802.0,107.3,9.0,2.0,8.0,18,9.0,10.0,21
37834,10.0,12,23,1,1,2,1,1,802.0,109.0,9.0,2.0,8.0,18,9.0,10.0,9
37835,10.0,18,23,1,1,1,1,1,802.0,103.7,8.0,2.0,2.0,15,4.0,1.0,9
37836,10.0,13,23,1,1,2,1,1,802.0,101.7,9.0,2.0,8.0,18,7.0,11.0,9
37837,10.0,19,23,1,1,1,1,1,13.0,234.6,8.0,2.0,2.0,15,4.0,1.0,9
37843,10.0,16,23,1,1,2,1,1,7058.0,2.9,8.0,1.0,7.0,10,9.0,10.0,3
37844,10.0,13,23,1,1,2,1,1,7062.0,0.8,8.0,1.0,3.0,15,8.0,6.0,31
37846,10.0,21,23,1,1,1,1,1,7052.0,9999.99,7.0,1.0,1.0,15,8.0,4.0,9
37847,10.0,7,23,1,1,2,1,1,6.0,112.0,8.0,1.0,8.0,18,9.0,11.0,38
37849,10.0,9,23,1,1,2,1,1,413.0,76.0,8.0,1.0,8.0,18,9.0,10.0,21
37850,10.0,13,23,1,1,2,1,1,705.0,30.0,8.0,1.0,8.0,18,9.0,11.0,21
37851,10.0,20,23,1,1,1,1,1,413.0,87.9,8.0,1.0,8.0,14,1.0,16.0,31
37852,10.0,9,23,1,1,2,1,1,705.0,13.6,8.0,1.0,8.0,18,9.0,11.0,3
37853,10.0,12,23,1,1,2,1,1,7048.0,1.6,8.0,1.0,8.0,18,9.0,10.0,3
37860,10.0,10,23,1,1,2,1,1,6.0,143.8,8.0,1.0,3.0,15,8.0,6.0,38
37861,10.0,17,23,1,1,2,1,1,6.0,152.4,8.0,1.0,1.0,15,8.0,4.0,9
37862,10.0,1,23,1,1,1,1,1,6.0,152.4,8.0,1.0,8.0,14,1.0,1.0,9
37863,10.0,23,23,1,1,1,1,1,7017.0,0.5,8.0,1.0,3.0,15,8.0,6.0,9
37882,10.0,17,39,1,1,2,1,1,7208.0,9999.99,6.0,1.0,8.0,14,4.0,3.0,31
37884,10.0,17,39,1,1,2,1,1,7223.0,3.2,6.0,1.0,2.0,15,6.0,1.0,9
37885,10.0,20,39,1,1,1,1,1,7209.0,5.0,6.0,1.0,7.0,15,8.0,18.0,9
37886,10.0,9,13,1,1,2,1,1,712.0,26.8,6.0,1.0,8.0,18,7.0,18.0,5
37887,10.0,17,39,1,1,2,1,1,8.0,614.3,7.0,1.0,8.0,18,8.0,10.0,9
37888,10.0,20,39,1,1,1,1,1,8.0,624.4,7.0,1.0,8.0,18,7.0,11.0,21
37889,10.0,10,39,1,1,2,1,1,8.0,636.6,7.0,1.0,7.0,15,8.0,8.0,31
37902,10.0,7,24,1,1,2,1,1,16.0,404.1,7.0,1.0,1.0,15,2.0,4.0,341
37904,10.0,19,24,1,1,1,1,1,6202.0,5.0,5.0,1.0,1.0,15,1.0,4.0,21
37905,10.0,17,24,1,1,2,1,1,19.0,21.1,7.0,1.0,1.0,15,1.0,4.0,33
37906,10.0,12,24,1,1,2,1,1,6209.0,15.0,5.0,1.0,8.0,18,8.0,10.0,9
37907,10.0,13,24,1,1,2,1,1,16.0,427.1,7.0,1.0,8.0,18,1.0,11.0,21