NUM_ACC,MOIS_ACC,HEU_ACC,COD_PRV,COD_ETA_CHA,COD_ETA_SUR,COD_LUM,COD_INT,TYP_LIE_ACC,NUM_ROU,PKM,LAR_CHA,COD_TYP_CHA,COD_TYP_COL,COD_OBS_HRT,COD_POI_CHO,COD_MAN,CIR_ACC
37908,10.0,18,55,1,1,1,1,1,2.0,390.0,8.0,1.0,3.0,15,1.0,4.0,9
37909,10.0,12,55,2,1,2,1,1,610.0,4.0,4.0,1.0,3.0,15,3.0,1.0,9
37910,10.0,6,24,1,1,1,1,1,16.0,360.0,7.0,1.0,8.0,18,7.0,11.0,9
37912,10.0,6,55,2,1,1,1,1,610.0,78.4,5.0,1.0,8.0,14,1.0,18.0,21
37913,10.0,12,55,1,1,2,1,1,16.0,342.0,8.0,1.0,8.0,15,1.0,4.0,9
37915,10.0,9,55,2,1,2,1,1,610.0,9999.99,4.0,1.0,8.0,18,7.0,11.0,9
37917,10.0,0,55,2,1,1,1,1,610.0,4.0,5.0,1.0,8.0,7,9.0,10.0,31
37919,10.0,13,55,1,1,2,1,1,2.0,366.2,7.0,1.0,2.0,15,4.0,1.0,21
37920,10.0,13,55,1,1,2,1,1,16.0,303.5,7.0,1.0,3.0,15,1.0,2.0,9
37922,10.0,19,24,1,1,1,1,1,2.0,476.4,6.0,1.0,3.0,15,3.0,1.0,9
37923,10.0,19,24,1,1,1,1,1,6204.0,44.0,4.0,1.0,2.0,15,1.0,1.0,439
37924,10.0,20,24,1,1,1,1,1,2.0,456.8,8.0,1.0,1.0,15,1.0,4.0,9
37925,10.0,19,24,1,1,1,1,1,15.0,3.5,8.0,1.0,8.0,15,9.0,11.0,9
37926,10.0,12,24,1,1,2,1,1,2.0,435.4,7.0,1.0,4.0,15,1.0,1.0,9
37929,10.0,8,24,1,1,2,1,1,6209.0,9999.99,6.0,1.0,8.0,14,1.0,18.0,21
37930,10.0,16,24,1,1,2,1,1,6209.0,9999.99,5.0,1.0,3.0,15,3.0,1.0,9
37931,10.0,10,24,1,1,2,1,1,6209.0,15.0,5.0,1.0,8.0,13,8.0,10.0,9
37934,10.0,15,24,1,1,2,1,1,19.0,22.1,7.0,1.0,8.0,18,9.0,11.0,38
37936,10.0,20,24,1,1,1,1,1,2.0,452.3,7.0,1.0,2.0,15,1.0,1.0,46
37941,10.0,13,24,1,1,2,1,1,19.0,22.3,7.0,1.0,1.0,15,1.0,4.0,33
37942,10.0,8,24,1,1,2,1,1,16.0,414.1,7.0,1.0,2.0,15,1.0,1.0,3
37944,10.0,2,56,1,1,1,1,1,6.0,368.25,11.0,1.0,8.0,13,9.0,11.0,3
37945,10.0,15,56,1,1,2,1,1,802.0,336.9,7.0,1.0,7.0,15,7.0,1.0,3
37946,10.0,14,26,1,1,2,1,1,6025.0,9999.99,12.0,1.0,2.0,15,4.0,1.0,9
37947,10.0,13,47,1,1,2,1,1,612.0,13.4,6.0,1.0,8.0,13,7.0,10.0,3
37949,10.0,0,47,1,1,1,1,1,6010.0,8.0,7.0,1.0,7.0,15,8.0,4.0,9
37950,10.0,5,26,1,1,1,1,1,6036.0,44.2,5.0,1.0,8.0,13,9.0,10.0,21
37951,10.0,11,56,1,1,2,1,1,15.0,95.4,6.0,1.0,8.0,18,8.0,10.0,3
37952,10.0,6,56,1,1,1,1,1,6.0,350.0,7.0,1.0,8.0,14,1.0,16.0,46
37953,10.0,9,56,1,1,2,1,1,6.0,352.0,7.0,1.0,8.0,13,9.0,10.0,9
37954,10.0,18,56,1,1,1,1,1,6.0,359.5,7.0,1.0,8.0,14,5.0,16.0,9
37955,10.0,17,56,1,1,2,1,1,15.0,156.3,6.0,1.0,8.0,13,8.0,11.0,21
37956,10.0,15,56,1,1,2,1,1,15.0,155.8,6.0,1.0,8.0,13,9.0,10.0,3
37959,10.0,14,56,1,1,2,1,1,15.0,85.8,6.0,1.0,8.0,14,1.0,16.0,33
37960,10.0,15,56,1,1,2,1,1,512.0,15.22,6.0,1.0,8.0,13,9.0,10.0,341
37962,10.0,19,56,1,1,1,1,1,15.0,127.7,6.0,1.0,8.0,13,9.0,11.0,3
37963,10.0,14,56,2,1,2,1,1,5427.0,13.0,4.0,1.0,8.0,14,7.0,16.0,32
37964,10.0,12,49,1,1,2,1,1,802.0,404.6,7.0,2.0,8.0,3,3.0,10.0,3
37967,10.0,1,49,1,1,1,1,1,6.0,415.7,7.0,1.0,8.0,13,9.0,10.0,9
37969,10.0,19,49,1,1,1,1,1,6007.0,10.4,4.0,1.0,7.0,15,1.0,4.0,3
37970,10.0,12,26,1,1,2,1,1,6020.0,9999.99,5.0,1.0,7.0,15,8.0,1.0,21
37974,10.0,19,26,1,1,1,1,1,6020.0,11.2,6.0,1.0,7.0,15,8.0,14.0,430
37975,10.0,20,26,1,1,1,1,1,2.0,552.0,16.0,1.0,8.0,18,7.0,1.0,21
37976,10.0,10,26,1,1,2,1,1,2.0,543.0,8.0,2.0,8.0,13,1.0,6.0,9
37977,10.0,2,26,1,1,1,1,1,2.0,560.3,16.0,1.0,3.0,15,8.0,4.0,38
37978,10.0,17,26,1,1,2,1,1,2.0,542.8,8.0,2.0,8.0,13,1.0,6.0,3
37979,10.0,18,26,1,1,1,1,1,2.0,553.4,16.0,1.0,8.0,14,7.0,16.0,88
37980,10.0,17,26,1,1,2,1,1,2.0,542.8,16.0,1.0,8.0,18,7.0,1.0,9
37981,10.0,18,26,1,1,1,1,1,17.0,15.0,8.0,1.0,3.0,15,1.0,18.0,31
37986,10.0,3,26,1,1,1,1,1,6.0,519.76,7.0,1.0,8.0,13,9.0,10.0,42
37987,10.0,2,26,1,1,1,1,1,2.0,568.61,8.0,2.0,7.0,15,8.0,1.0,3
37988,10.0,17,67,1,1,2,1,1,17.0,106.86,6.0,1.0,8.0,13,9.0,11.0,9
37993,10.0,14,47,1,1,2,1,1,6000.0,5.3,7.0,2.0,8.0,13,9.0,11.0,3
37994,10.0,15,47,1,1,2,1,1,2.0,525.0,7.0,2.0,8.0,13,9.0,11.0,33
37997,10.0,10,47,1,1,2,1,1,612.0,22.0,7.0,1.0,3.0,15,8.0,13.0,32
37998,10.0,19,47,1,1,1,1,1,6011.0,10.5,8.0,2.0,8.0,13,8.0,11.0,33
37999,10.0,20,47,1,1,1,1,1,6011.0,7.0,8.0,2.0,8.0,13,1.0,10.0,9
38005,10.0,11,47,1,1,2,1,1,607.0,9.1,7.0,2.0,8.0,13,8.0,10.0,3
38006,10.0,18,47,1,1,1,1,1,607.0,7.2,7.0,2.0,7.0,15,9.0,10.0,21
38007,10.0,7,47,1,1,2,1,1,607.0,9999.99,7.0,2.0,8.0,13,9.0,11.0,9
38011,10.0,23,73,2,1,1,1,1,322.0,61.5,9.0,2.0,2.0,1,6.0,20.0,36
38012,10.0,9,60,1,1,2,1,1,805.0,254.9,12.0,2.0,8.0,18,3.0,1.0,38
38013,10.0,21,74,1,1,1,1,1,1.0,249.0,14.0,1.0,2.0,15,4.0,1.0,9
38015,10.0,8,73,1,1,2,1,1,401.0,27.1,4.0,1.0,8.0,18,8.0,1.0,9
38016,10.0,20,73,1,1,1,1,1,4025.0,9999.99,6.0,1.0,1.0,15,1.0,4.0,9
38017,10.0,8,73,1,1,2,1,1,401.0,10.1,16.0,1.0,3.0,15,7.0,4.0,36
38018,10.0,21,73,1,1,1,1,1,1.0,295.0,8.0,1.0,1.0,15,1.0,4.0,3
38021,10.0,9,74,1,1,2,1,1,407.0,10.0,6.0,1.0,3.0,15,7.0,1.0,9
38022,10.0,16,74,1,1,2,1,1,407.0,3.0,6.0,1.0,1.0,15,1.0,1.0,9
38023,10.0,17,74,1,1,2,1,1,6.0,12.5,7.0,2.0,8.0,13,4.0,1.0,9
38026,10.0,21,60,1,1,1,1,1,805.0,263.5,11.0,2.0,8.0,18,3.0,1.0,21
38027,10.0,1,60,1,1,1,1,1,805.0,258.8,12.0,2.0,8.0,18,3.0,1.0,9
38028,10.0,10,60,1,1,2,1,1,805.0,262.9,12.0,2.0,3.0,15,7.0,1.0,31
38029,10.0,10,60,1,1,2,1,1,805.0,250.1,11.0,2.0,5.0,15,4.0,1.0,31
38030,10.0,17,60,1,2,2,1,1,801.0,6.6,11.0,2.0,2.0,15,6.0,1.0,402
38031,10.0,14,60,1,1,2,1,1,801.0,20.4,11.0,2.0,3.0,15,7.0,1.0,9
38032,10.0,12,60,1,1,2,1,1,801.0,24.3,11.0,2.0,2.0,15,6.0,1.0,9
38033,10.0,14,60,1,1,2,1,1,801.0,7.2,11.0,2.0,8.0,18,8.0,1.0,3
38039,10.0,17,73,1,1,2,1,1,322.0,72.1,16.0,1.0,2.0,15,4.0,1.0,9
38040,10.0,16,73,1,1,2,1,1,322.0,72.1,14.0,1.0,3.0,15,7.0,1.0,21
38041,10.0,19,73,1,1,1,1,1,322.0,67.5,14.0,1.0,3.0,15,7.0,1.0,31
38043,10.0,19,60,1,1,1,1,1,322.0,9999.99,14.0,1.0,2.0,15,4.0,1.0,3
38072,10.0,18,73,1,1,1,1,1,403.0,5.1,7.0,2.0,3.0,15,7.0,1.0,9
38076,10.0,22,73,1,1,1,1,1,403.0,5.3,7.0,2.0,8.0,13,9.0,1.0,9
38082,10.0,6,73,1,1,1,1,1,4001.0,2.6,6.0,1.0,2.0,15,4.0,1.0,9
38084,10.0,9,73,1,1,2,1,1,4001.0,4.0,6.0,1.0,3.0,15,7.0,1.0,33
38086,10.0,21,73,2,1,1,1,1,322.0,63.0,9.0,2.0,7.0,9,3.0,5.0,38
38087,10.0,14,73,2,1,2,1,1,322.0,63.2,9.0,2.0,2.0,15,3.0,1.0,33
38088,10.0,11,73,1,1,2,1,1,1.0,299.0,14.0,1.0,3.0,15,7.0,1.0,46
38089,10.0,17,73,1,1,2,1,1,1.0,301.0,14.0,1.0,8.0,14,3.0,16.0,9
38090,10.0,20,73,1,1,1,1,1,1.0,301.0,14.0,1.0,3.0,15,6.0,1.0,9
38092,10.0,17,73,1,1,2,1,1,1.0,302.0,14.0,1.0,8.0,18,3.0,1.0,9
38094,10.0,19,73,1,1,1,1,1,1.0,298.5,14.0,1.0,3.0,15,7.0,13.0,3
38095,10.0,16,73,1,1,2,1,1,1.0,300.4,14.0,1.0,8.0,14,3.0,16.0,430
38096,10.0,16,73,1,1,2,1,1,1.0,300.0,14.0,1.0,3.0,15,7.0,1.0,3
38097,10.0,5,73,1,1,1,1,1,1.0,301.0,14.0,1.0,8.0,18,7.0,1.0,3
38099,10.0,18,73,1,1,1,1,1,1.0,294.2,8.0,1.0,7.0,15,7.0,18.0,3
38101,10.0,18,73,1,1,1,1,1,1.0,297.5,15.0,1.0,7.0,15,8.0,18.0,9
38102,10.0,22,73,1,1,1,1,1,1.0,297.0,15.0,1.0,7.0,15,7.0,18.0,21
38103,10.0,21,73,1,1,1,1,1,4032.0,9999.99,7.0,1.0,8.0,15,4.0,1.0,3
38104,10.0,15,73,1,1,2,1,1,4022.0,9999.99,7.0,1.0,7.0,15,3.0,1.0,46
38105,10.0,18,73,1,1,1,1,1,403.0,7.2,8.0,1.0,8.0,18,1.0,1.0,9
38106,10.0,15,73,1,1,2,1,1,401.0,9.5,16.0,1.0,2.0,15,4.0,1.0,9
38108,10.0,17,73,1,1,2,1,1,401.0,13.6,16.0,1.0,3.0,15,8.0,1.0,3
38109,10.0,18,73,1,1,1,1,1,401.0,9.9,16.0,1.0,3.0,15,8.0,1.0,9
38110,10.0,11,73,1,1,2,1,1,401.0,10.8,16.0,1.0,3.0,15,7.0,4.0,21
38111,10.0,19,73,1,1,1,1,1,401.0,10.8,15.0,1.0,3.0,15,7.0,4.0,33
38112,10.0,7,60,1,1,2,1,1,805.0,289.8,13.0,2.0,8.0,18,3.0,1.0,341
38113,10.0,16,73,1,1,2,1,1,4036.0,9999.99,6.0,1.0,8.0,15,7.0,1.0,9
38114,10.0,16,73,1,1,2,1,1,4036.0,3.5,6.0,1.0,8.0,15,3.0,1.0,3
38115,10.0,18,73,1,1,1,1,1,4023.0,9999.99,6.0,1.0,8.0,15,7.0,1.0,32
38119,10.0,17,73,1,1,2,1,1,4036.0,0.1,7.0,1.0,8.0,18,2.0,1.0,9
38120,10.0,12,73,1,1,2,1,1,4026.0,9999.99,6.0,1.0,8.0,15,7.0,1.0,31
38121,10.0,18,73,1,1,1,1,1,4026.0,9999.99,6.0,1.0,3.0,15,7.0,1.0,3
38137,10.0,13,73,1,1,2,1,1,401.0,20.0,4.0,1.0,3.0,15,7.0,1.0,9
38139,10.0,21,73,1,1,1,1,1,401.0,27.0,4.0,2.0,8.0,18,7.0,1.0,3
38140,10.0,22,73,1,1,1,1,1,401.0,31.0,4.0,1.0,1.0,15,1.0,1.0,9
38150,10.0,14,74,1,1,2,1,1,1.0,257.0,14.0,1.0,8.0,13,9.0,1.0,33
38157,10.0,15,74,1,1,2,1,1,1.0,251.0,14.0,1.0,3.0,15,7.0,1.0,88
38161,10.0,18,74,1,1,1,1,1,4033.0,9999.99,1.0,1.0,8.0,14,8.0,16.0,33
38162,10.0,8,74,1,1,2,1,1,4033.0,9999.99,1.0,1.0,3.0,15,6.0,1.0,38
38167,10.0,19,74,1,1,1,1,1,4033.0,9999.99,1.0,1.0,8.0,14,8.0,16.0,92
38168,10.0,19,74,1,1,1,1,1,4033.0,9999.99,1.0,1.0,8.0,15,8.0,15.0,32
38170,10.0,11,60,1,1,2,1,1,9999.0,9999.99,1.0,1.0,2.0,15,4.0,1.0,9
38172,10.0,6,27,1,1,1,1,1,202.0,4.2,8.0,1.0,2.0,15,6.0,1.0,88
38173,10.0,9,27,1,1,2,1,1,2307.0,19.5,7.0,1.0,8.0,18,3.0,10.0,21
38176,10.0,22,68,1,1,1,1,1,2341.0,5.0,6.0,1.0,1.0,15,1.0,4.0,3
38177,10.0,19,27,2,1,1,1,1,2302.0,16.0,7.0,1.0,8.0,14,1.0,16.0,9
38179,10.0,11,68,1,1,2,1,1,206.0,4.3,6.0,1.0,8.0,18,7.0,1.0,9
38180,10.0,12,27,2,1,2,1,1,2311.0,6.0,6.0,1.0,8.0,16,1.0,16.0,31
38181,10.0,22,27,1,1,1,1,1,1.0,548.8,8.0,1.0,8.0,13,7.0,1.0,9
38182,10.0,1,27,1,1,1,1,1,204.0,3.2,8.0,1.0,8.0,13,7.0,1.0,36
38183,10.0,18,27,1,1,1,1,1,301.0,125.3,8.0,1.0,2.0,15,4.0,1.0,9
38184,10.0,2,27,1,1,1,1,1,202.0,4.0,8.0,1.0,8.0,13,7.0,1.0,9
38185,10.0,17,27,1,1,2,1,1,204.0,5.5,8.0,1.0,2.0,15,4.0,1.0,21
38186,10.0,12,27,1,1,2,1,1,301.0,121.9,8.0,1.0,2.0,15,4.0,1.0,21
38187,10.0,16,27,1,1,2,1,1,204.0,10.1,8.0,1.0,8.0,13,7.0,1.0,31
38188,10.0,9,27,1,1,2,1,1,202.0,4.0,8.0,1.0,8.0,13,7.0,1.0,9
38189,10.0,7,27,1,1,2,1,1,2307.0,9999.99,7.0,1.0,3.0,15,1.0,4.0,46
38190,10.0,13,27,1,1,2,1,1,2300.0,15.0,7.0,1.0,3.0,15,3.0,8.0,9
38191,10.0,20,27,1,1,1,1,1,2300.0,9.5,7.0,1.0,3.0,15,2.0,1.0,9
38192,10.0,17,27,1,1,2,1,1,2300.0,20.0,7.0,1.0,8.0,18,4.0,3.0,48
38193,10.0,8,27,1,1,2,1,1,2307.0,15.0,7.0,1.0,8.0,18,7.0,11.0,38
38194,10.0,0,27,1,1,1,1,1,1.0,613.9,8.0,1.0,1.0,15,1.0,4.0,9
38195,10.0,16,27,1,1,2,1,1,2307.0,12.6,8.0,1.0,8.0,13,7.0,1.0,31
38196,10.0,14,27,1,1,2,1,1,1.0,603.5,8.0,1.0,8.0,14,1.0,16.0,42
38197,10.0,16,27,1,1,2,1,1,1.0,603.9,8.0,1.0,8.0,14,1.0,16.0,31
38199,10.0,12,27,1,1,2,1,1,1.0,603.2,8.0,1.0,4.0,15,3.0,17.0,3
38200,10.0,12,27,1,1,2,1,1,1.0,617.0,8.0,1.0,8.0,13,8.0,1.0,9
38201,10.0,12,27,1,1,2,1,1,1.0,611.0,67.0,1.0,8.0,14,2.0,16.0,31
38202,10.0,20,27,1,1,1,1,1,1.0,615.2,8.0,1.0,8.0,13,7.0,1.0,9
38203,10.0,21,68,1,1,1,1,1,2317.0,9999.99,7.0,1.0,8.0,13,7.0,1.0,9
38204,10.0,6,27,1,1,1,1,1,2307.0,5.0,7.0,1.0,8.0,13,8.0,1.0,9
38205,10.0,16,27,1,1,2,1,1,1.0,584.0,8.0,1.0,2.0,15,4.0,1.0,9
38206,10.0,22,68,3,1,1,1,1,2317.0,9999.99,6.0,1.0,1.0,15,1.0,4.0,21
38207,10.0,17,27,1,1,2,1,1,1.0,588.6,8.0,1.0,8.0,13,7.0,1.0,9
38208,10.0,10,27,3,1,2,1,1,2325.0,9999.99,4.0,1.0,8.0,13,9.0,1.0,9
38210,10.0,12,27,1,1,2,1,1,2305.0,9999.99,6.0,1.0,1.0,15,1.0,4.0,33
38211,10.0,19,68,3,1,1,1,1,2317.0,9999.99,6.0,1.0,1.0,15,1.0,4.0,32
38212,10.0,13,68,1,1,2,1,1,2341.0,22.0,6.0,1.0,8.0,16,7.0,1.0,9
38213,10.0,11,68,1,1,2,1,1,2341.0,39.0,6.0,1.0,8.0,16,1.0,16.0,9
38214,10.0,4,68,1,1,1,1,1,2341.0,32.0,6.0,1.0,8.0,18,8.0,1.0,9
38215,10.0,5,68,1,1,1,1,1,204.0,72.4,7.0,1.0,7.0,15,8.0,4.0,9
38216,10.0,12,68,1,1,2,1,1,204.0,86.6,7.0,1.0,8.0,18,7.0,1.0,9
38219,10.0,12,68,1,1,2,1,1,204.0,59.0,7.0,1.0,8.0,18,7.0,1.0,9
38221,10.0,13,68,1,1,2,1,1,204.0,62.0,7.0,1.0,8.0,14,1.0,16.0,31
38223,10.0,12,68,1,1,2,1,1,201.0,58.0,6.0,1.0,1.0,15,1.0,4.0,9
38224,10.0,12,68,1,1,2,1,1,201.0,70.0,6.0,1.0,7.0,15,4.0,16.0,9
38225,10.0,12,68,1,1,2,1,1,204.0,62.0,7.0,1.0,8.0,18,7.0,1.0,9
38227,10.0,12,68,1,1,2,1,1,201.0,59.0,6.0,1.0,8.0,14,1.0,16.0,9
38228,10.0,12,68,1,1,2,1,1,2341.0,7.0,6.0,1.0,2.0,15,4.0,1.0,38
38229,10.0,21,68,1,1,1,1,1,201.0,83.1,6.0,1.0,8.0,14,1.0,16.0,9
38231,10.0,12,68,1,1,2,1,1,201.0,76.2,6.0,1.0,8.0,18,7.0,1.0,9
38232,10.0,20,68,1,1,1,1,1,201.0,92.0,7.0,1.0,2.0,15,4.0,1.0,9
38234,10.0,12,27,3,1,2,1,1,301.0,87.2,8.0,1.0,8.0,14,1.0,16.0,21
38235,10.0,20,27,2,1,1,1,1,2313.0,18.0,6.0,1.0,1.0,15,1.0,4.0,9
38238,10.0,18,27,1,1,1,1,1,301.0,81.0,8.0,1.0,2.0,15,3.0,1.0,3
38240,10.0,13,27,1,1,2,1,1,202.0,20.0,8.0,1.0,8.0,13,2.0,1.0,38
38244,10.0,19,27,1,1,1,1,1,301.0,170.5,8.0,1.0,8.0,13,7.0,1.0,9
38245,10.0,8,27,2,1,2,1,1,2221.0,9999.99,7.0,1.0,8.0,14,2.0,1.0,21
38246,10.0,17,27,1,1,2,1,1,301.0,192.0,8.0,1.0,8.0,13,7.0,1.0,3
38248,10.0,20,27,2,1,1,1,1,2302.0,31.5,7.0,1.0,8.0,18,2.0,16.0,21
38249,10.0,20,27,1,1,1,2,1,2306.0,31.3,8.0,1.0,8.0,14,2.0,16.0,21
38251,10.0,16,27,1,1,2,1,1,1.0,567.2,8.0,1.0,8.0,14,1.0,16.0,3
38253,10.0,11,27,1,1,2,1,1,2306.0,62.2,8.0,1.0,1.0,15,1.0,4.0,9
38254,10.0,0,27,1,1,1,1,1,2306.0,57.4,8.0,1.0,8.0,13,7.0,1.0,9
38255,10.0,22,27,3,1,1,1,1,2323.0,9999.99,6.0,1.0,8.0,13,8.0,1.0,32
38256,10.0,17,27,3,1,2,1,1,2323.0,9999.99,6.0,1.0,3.0,15,6.0,4.0,9
38257,10.0,16,27,3,1,2,1,1,2323.0,9999.99,6.0,1.0,2.0,15,4.0,1.0,42
38258,10.0,21,27,1,1,1,1,1,2306.0,46.2,8.0,1.0,8.0,13,7.0,1.0,9
38260,10.0,4,6,1,1,1,1,1,3308.0,2.8,5.0,1.0,7.0,2,7.0,11.0,9
38261,10.0,18,54,1,1,1,1,1,3007.0,9999.99,7.0,1.0,1.0,15,3.0,4.0,38
38262,10.0,10,54,1,1,2,1,1,3610.0,9999.99,7.0,1.0,7.0,15,8.0,18.0,409
38264,10.0,19,54,1,1,1,1,1,3011.0,9999.99,7.0,1.0,8.0,14,7.0,16.0,21
38265,10.0,12,54,1,1,2,1,1,3011.0,30.9,7.0,1.0,8.0,13,9.0,12.0,9
38266,10.0,0,54,1,1,1,1,1,320.0,23.4,7.0,1.0,8.0,13,8.0,10.0,21
38267,10.0,6,54,1,1,1,1,1,3625.0,9999.99,7.0,1.0,8.0,14,9.0,18.0,4086
38268,10.0,3,54,1,1,1,1,1,3602.0,9999.99,7.0,1.0,1.0,15,1.0,4.0,21
38270,10.0,1,28,1,1,1,1,1,308.0,8.2,7.0,1.0,1.0,15,1.0,1.0,31
38272,10.0,21,54,1,1,1,1,1,3305.0,9999.99,8.0,1.0,8.0,14,1.0,1.0,38
38273,10.0,20,54,1,1,1,1,1,803.0,25.7,8.0,1.0,8.0,14,1.0,16.0,32
38274,10.0,15,28,1,1,2,1,1,3305.0,9999.99,3.0,1.0,8.0,13,1.0,1.0,50
38275,10.0,20,6,1,1,1,1,1,801.0,44.2,11.0,2.0,3.0,1,6.0,11.0,50
38276,10.0,16,28,1,1,2,1,1,803.0,59.6,8.0,2.0,1.0,15,1.0,5.0,9
38277,10.0,8,28,1,1,2,1,1,9.0,67.84,8.0,1.0,8.0,14,1.0,16.0,21
38279,10.0,9,6,1,1,2,1,1,404.0,131.1,7.0,1.0,2.0,15,6.0,1.0,88
38280,10.0,5,6,1,1,1,1,1,322.0,29.9,6.0,1.0,8.0,18,7.0,11.0,21
38282,10.0,22,54,1,1,1,1,1,3602.0,9999.99,7.0,1.0,2.0,15,4.0,1.0,9
38283,10.0,21,54,1,1,1,1,1,3625.0,9999.99,7.0,1.0,2.0,15,4.0,1.0,21
38284,10.0,20,54,1,1,1,1,1,3612.0,9999.99,7.0,1.0,2.0,15,4.0,1.0,82
38285,10.0,21,54,1,1,1,1,1,1.0,398.2,7.0,1.0,2.0,15,7.0,4.0,9
38288,10.0,6,54,1,1,1,1,1,1.0,400.95,7.0,1.0,2.0,15,4.0,4.0,9
38289,10.0,21,54,1,1,1,1,1,1.0,9999.99,7.0,1.0,2.0,15,4.0,1.0,9
38290,10.0,17,54,1,1,2,1,1,1.0,390.4,7.0,1.0,2.0,15,4.0,1.0,36
38292,10.0,10,54,1,1,2,1,1,1.0,384.5,7.0,1.0,2.0,15,4.0,1.0,9
38293,10.0,8,54,1,1,2,1,1,3011.0,30.2,7.0,1.0,8.0,13,9.0,10.0,38
38294,10.0,19,54,1,1,1,1,1,3607.0,9999.99,7.0,1.0,8.0,13,9.0,10.0,40
38295,10.0,2,54,1,1,1,1,1,9.0,60.0,7.0,1.0,3.0,15,8.0,4.0,82
38296,10.0,12,54,1,1,2,1,1,3613.0,9999.99,6.0,1.0,3.0,15,8.0,8.0,21
38297,10.0,17,54,1,1,2,1,1,3613.0,9999.99,5.0,1.0,3.0,15,8.0,4.0,21
38298,10.0,17,54,1,1,2,1,1,11.0,40.3,8.0,1.0,3.0,15,8.0,11.0,31
38299,10.0,18,72,1,1,1,1,1,9.0,32.15,7.0,1.0,2.0,15,6.0,1.0,9
38300,10.0,21,72,1,1,1,1,1,9.0,36.7,7.0,1.0,2.0,15,4.0,10.0,46
38301,10.0,9,54,1,1,2,1,1,1.0,396.4,7.0,1.0,8.0,13,9.0,11.0,9
38302,10.0,11,54,1,1,2,1,1,1.0,397.2,7.0,2.0,3.0,15,7.0,1.0,71
38304,10.0,17,54,1,1,2,1,1,3603.0,9999.99,7.0,1.0,2.0,15,5.0,4.0,430
38305,10.0,15,54,1,1,2,1,1,3603.0,9999.99,7.0,1.0,8.0,13,7.0,11.0,400
38306,10.0,22,54,1,1,1,1,1,3005.0,6.0,7.0,1.0,1.0,15,1.0,4.0,82
38307,10.0,20,54,1,1,1,1,1,1.0,389.9,7.0,1.0,8.0,14,7.0,16.0,3
38311,10.0,4,72,1,1,1,1,1,9.0,37.0,7.0,1.0,8.0,13,7.0,11.0,33
38312,10.0,15,72,1,1,2,1,1,9.0,35.5,7.0,1.0,3.0,15,8.0,1.0,32
38313,10.0,16,72,1,1,2,1,1,9.0,35.5,7.0,1.0,3.0,15,8.0,1.0,341
38314,10.0,22,72,1,1,1,1,1,9.0,32.5,7.0,1.0,2.0,15,4.0,1.0,9
38315,10.0,16,72,1,1,2,1,1,9.0,36.8,7.0,1.0,2.0,15,4.0,1.0,21
38316,10.0,11,72,1,1,2,1,1,9.0,35.0,7.0,1.0,2.0,15,4.0,21.0,9
38317,10.0,11,54,1,1,2,1,1,3603.0,9999.99,7.0,1.0,2.0,15,5.0,1.0,9
38318,10.0,18,54,1,1,1,1,1,804.0,21.5,8.0,1.0,8.0,13,9.0,11.0,82
38319,10.0,14,54,1,1,2,1,1,801.0,117.15,8.0,1.0,2.0,15,6.0,1.0,71
38324,10.0,22,54,1,1,1,1,1,3625.0,9999.99,7.0,1.0,2.0,15,4.0,1.0,31
38325,10.0,5,72,1,1,1,1,1,9.0,35.7,7.0,1.0,8.0,14,1.0,16.0,9
38326,10.0,5,72,1,1,1,1,1,9.0,32.7,7.0,1.0,8.0,14,1.0,16.0,9
38327,10.0,20,54,1,1,1,1,1,9.0,41.2,7.0,1.0,8.0,14,1.0,16.0,32
38328,10.0,0,72,1,1,1,1,1,9.0,33.5,7.0,1.0,2.0,15,5.0,1.0,9
38329,10.0,16,54,1,1,2,1,1,9.0,52.6,7.0,1.0,3.0,15,3.0,1.0,9
38335,10.0,22,54,1,1,1,1,1,3625.0,9999.99,7.0,1.0,7.0,15,6.0,4.0,9
38339,10.0,19,54,1,1,1,1,1,3625.0,9999.99,7.0,1.0,2.0,15,4.0,1.0,3
38340,10.0,8,54,1,1,2,1,1,1.0,388.0,7.0,1.0,2.0,15,7.0,17.0,9
38341,10.0,18,54,1,1,1,1,1,320.0,23.5,7.0,1.0,2.0,15,4.0,1.0,21
38342,10.0,12,54,1,1,2,1,1,3625.0,9999.99,7.0,1.0,2.0,15,4.0,1.0,341
38345,10.0,19,54,1,1,1,1,1,3625.0,9999.99,7.0,1.0,2.0,15,4.0,1.0,21
38347,10.0,12,54,1,1,2,1,1,3625.0,9999.99,7.0,1.0,2.0,15,4.0,1.0,9
38349,10.0,23,54,1,1,1,1,1,3625.0,9999.99,7.0,1.0,3.0,15,7.0,6.0,21
38351,10.0,21,54,1,1,1,1,1,3011.0,33.1,7.0,1.0,8.0,13,9.0,10.0,9
38352,10.0,21,54,1,1,1,1,1,3011.0,30.2,7.0,1.0,2.0,15,4.0,1.0,21
38353,10.0,17,54,1,1,2,1,1,1.0,397.2,7.0,1.0,2.0,15,7.0,1.0,21