NUM_ACC,MOIS_ACC,HEU_ACC,COD_PRV,COD_ETA_CHA,COD_ETA_SUR,COD_LUM,COD_INT,TYP_LIE_ACC,NUM_ROU,PKM,LAR_CHA,COD_TYP_CHA,COD_TYP_COL,COD_OBS_HRT,COD_POI_CHO,COD_MAN,CIR_ACC
40018,11.0,19,45,1,1,1,1,1,1.0,899.85,12.0,1.0,3.0,15,7.0,16.0,82
40019,11.0,18,45,1,1,1,1,1,1011.0,9999.99,11.0,1.0,8.0,18,9.0,18.0,9
40021,11.0,13,2,1,1,2,1,1,105.0,9999.99,9.0,1.0,8.0,18,9.0,1.0,341
40024,11.0,18,45,1,1,1,1,1,1014.0,13.6,6.0,1.0,1.0,15,1.0,4.0,3
40025,11.0,7,45,1,1,2,1,1,1014.0,6.2,6.0,1.0,2.0,15,4.0,1.0,21
40026,11.0,15,45,1,1,2,1,1,1011.0,10.0,6.0,1.0,8.0,18,9.0,18.0,9
40027,11.0,13,2,1,1,2,1,1,10.0,58.5,12.0,1.0,3.0,15,1.0,1.0,33
40028,11.0,14,45,1,1,2,1,1,1.0,897.0,12.0,1.0,3.0,15,4.0,2.0,82
40030,11.0,21,45,1,1,1,1,1,1.0,907.0,12.0,1.0,8.0,14,1.0,16.0,36
40031,11.0,21,41,1,1,1,1,1,1.0,829.25,10.0,1.0,7.0,4,7.0,1.0,9
40033,11.0,10,41,1,1,2,1,1,9999.0,9999.99,9.0,1.0,7.0,18,7.0,7.0,42
40034,11.0,10,41,1,1,2,1,1,1010.0,9999.99,7.0,1.0,3.0,4,4.0,8.0,21
40036,11.0,22,41,1,1,1,1,1,9999.0,9999.99,6.0,1.0,2.0,15,4.0,1.0,43
40038,11.0,17,41,1,1,2,1,1,9999.0,9999.99,8.0,1.0,1.0,14,1.0,16.0,9
40040,11.0,23,41,1,1,1,1,1,1010.0,9999.99,8.0,1.0,3.0,16,1.0,10.0,9
40041,11.0,10,41,2,1,2,1,1,9999.0,9999.99,7.0,1.0,3.0,15,5.0,15.0,3
40042,11.0,11,41,1,1,2,1,1,9999.0,9999.99,6.0,1.0,3.0,15,4.0,1.0,2009-04-30 00:00:00
40044,11.0,19,41,1,1,1,1,1,9999.0,395.0,7.0,2.0,2.0,14,4.0,1.0,5
40048,11.0,15,41,1,1,2,1,1,1.0,831.0,10.0,1.0,7.0,4,8.0,1.0,3
40049,11.0,10,41,1,1,2,1,1,1.0,841.0,10.0,1.0,3.0,15,1.0,1.0,9
40051,11.0,19,41,1,1,1,1,1,1.0,841.2,10.0,1.0,7.0,4,7.0,1.0,31
40053,11.0,20,41,1,1,1,1,1,1.0,841.2,10.0,1.0,7.0,4,8.0,1.0,31
40056,11.0,9,41,2,1,2,1,1,9999.0,375.2,8.0,1.0,8.0,18,9.0,1.0,31
40058,11.0,22,41,3,1,1,1,1,1006.0,19.0,3.0,1.0,7.0,16,9.0,1.0,32
40059,11.0,14,12,1,1,2,1,1,1.0,782.0,6.0,1.0,8.0,2,2.0,1.0,9
40062,11.0,20,64,1,1,1,1,1,105.0,4.6,12.0,1.0,3.0,15,8.0,5.0,406
40063,11.0,20,64,1,1,1,1,1,105.0,6.0,12.0,1.0,3.0,15,7.0,1.0,9
40064,11.0,15,64,1,1,2,1,1,105.0,8.0,12.0,1.0,3.0,15,7.0,1.0,53
40065,11.0,17,64,1,1,2,1,1,105.0,4.5,14.0,1.0,3.0,14,7.0,16.0,9
40066,11.0,12,64,1,1,2,1,1,105.0,3.0,12.0,1.0,3.0,15,7.0,1.0,9
40067,11.0,19,64,1,1,1,1,1,105.0,7.0,12.0,1.0,3.0,14,7.0,16.0,9
40068,11.0,15,64,1,1,2,1,1,105.0,8.0,14.0,1.0,3.0,15,7.0,1.0,3
40069,11.0,14,64,1,1,2,1,1,105.0,7.8,14.0,1.0,3.0,15,7.0,1.0,406
40070,11.0,13,64,1,1,2,1,1,105.0,3.0,12.0,1.0,3.0,15,8.0,1.0,31
40072,11.0,12,64,1,1,2,1,1,105.0,5.0,12.0,1.0,3.0,15,8.0,16.0,31
40073,11.0,10,64,1,1,2,1,1,105.0,7.0,14.0,1.0,3.0,15,8.0,1.0,31
40074,11.0,18,45,1,1,1,1,1,1.0,908.2,12.0,1.0,2.0,15,1.0,1.0,9
40075,11.0,17,45,1,1,2,1,1,1.0,905.8,12.0,1.0,8.0,14,1.0,16.0,59
40077,11.0,7,45,1,1,2,1,1,1.0,906.8,12.0,1.0,8.0,18,9.0,18.0,9
40082,11.0,21,45,1,1,1,1,1,1.0,905.8,12.0,1.0,8.0,14,1.0,16.0,9
40083,11.0,22,45,1,1,1,1,1,1.0,908.2,12.0,1.0,8.0,18,9.0,18.0,9
40085,11.0,1,45,1,1,1,1,1,1.0,910.2,12.0,1.0,2.0,15,4.0,1.0,33
40086,11.0,20,45,1,1,1,1,1,9999.0,21.5,12.0,1.0,3.0,15,7.0,1.0,21
40087,11.0,13,45,1,1,2,1,1,9999.0,22.3,12.0,1.0,3.0,15,8.0,4.0,9
40089,11.0,20,45,1,1,1,1,1,9999.0,19.3,12.0,1.0,3.0,14,7.0,16.0,59
40090,11.0,20,45,1,1,1,1,1,9999.0,19.3,12.0,1.0,3.0,14,7.0,16.0,9
40091,11.0,20,64,1,1,1,1,1,9999.0,21.2,12.0,1.0,3.0,14,7.0,16.0,9
40093,11.0,12,45,1,1,2,1,1,9999.0,21.2,12.0,1.0,3.0,15,7.0,1.0,31
40094,11.0,20,45,1,1,1,1,1,9999.0,23.0,12.0,1.0,3.0,15,7.0,1.0,400
40096,11.0,11,45,1,1,2,1,1,9999.0,24.1,12.0,1.0,3.0,15,8.0,7.0,9
40097,11.0,3,45,1,1,1,1,1,9999.0,24.1,12.0,1.0,3.0,15,1.0,16.0,9
40098,11.0,11,45,1,1,2,1,1,9999.0,20.2,12.0,1.0,8.0,7,7.0,11.0,31
40099,11.0,16,45,1,1,2,1,1,1009.0,18.0,6.0,1.0,8.0,14,1.0,16.0,21
40100,11.0,8,45,1,1,2,1,1,1009.0,26.3,6.0,1.0,1.0,15,1.0,4.0,31
40102,11.0,20,45,1,1,1,1,1,1009.0,22.9,6.0,1.0,2.0,15,4.0,1.0,9
40104,11.0,13,45,1,1,2,1,1,105.0,16.2,6.0,1.0,3.0,15,2.0,4.0,9
40105,11.0,8,45,1,1,2,1,1,105.0,23.2,1.0,1.0,8.0,14,1.0,16.0,46
40106,11.0,14,45,1,1,2,1,1,105.0,18.0,6.0,1.0,1.0,15,1.0,4.0,3
40107,11.0,9,2,1,1,2,1,1,10.0,52.9,14.0,1.0,2.0,15,9.0,20.0,9
40108,11.0,17,2,1,1,2,1,1,10.0,58.6,12.0,1.0,8.0,15,7.0,11.0,31
40109,11.0,8,2,1,1,2,1,1,10.0,59.3,12.0,1.0,3.0,15,7.0,14.0,9
40110,11.0,10,2,1,1,2,1,1,10.0,58.6,12.0,1.0,2.0,15,4.0,17.0,32
40111,11.0,12,45,1,1,2,1,1,1.0,897.0,12.0,1.0,3.0,15,8.0,6.0,9
40112,11.0,15,45,1,1,2,1,1,1016.0,10.2,6.0,1.0,8.0,14,1.0,16.0,9
40114,11.0,18,45,1,1,1,1,1,105.0,98.0,6.0,1.0,8.0,18,9.0,18.0,21
40116,11.0,21,45,1,1,1,1,1,1014.0,12.0,6.0,1.0,8.0,14,1.0,16.0,3
40118,11.0,20,45,1,1,1,1,1,1014.0,11.0,6.0,1.0,1.0,15,5.0,4.0,33
40119,11.0,17,45,1,1,2,1,1,1014.0,5.0,6.0,1.0,3.0,15,2.0,4.0,9
40120,11.0,12,45,1,1,2,1,1,1014.0,2.3,6.0,1.0,1.0,15,1.0,4.0,9
40123,11.0,8,45,1,1,2,1,1,1014.0,8.2,6.0,1.0,3.0,15,2.0,4.0,9
40127,11.0,15,45,1,1,2,1,1,1014.0,6.0,6.0,1.0,1.0,15,1.0,14.0,31
40130,11.0,6,45,1,1,1,1,1,1014.0,11.2,6.0,1.0,8.0,18,9.0,18.0,9
40136,11.0,16,37,1,1,2,1,1,1.0,984.5,6.0,1.0,3.0,15,3.0,1.0,55
40145,11.0,19,45,1,1,1,1,1,1.0,920.2,12.0,1.0,3.0,15,2.0,4.0,32
40146,11.0,10,45,1,1,2,1,1,1.0,919.4,12.0,1.0,2.0,15,4.0,1.0,9
40147,11.0,14,45,1,1,2,1,1,1.0,924.5,12.0,1.0,1.0,15,1.0,4.0,32
40152,11.0,8,2,1,1,2,1,1,1010.0,9999.99,7.0,1.0,8.0,18,9.0,10.0,9
40153,11.0,16,2,1,1,2,1,1,1707.0,9999.99,8.0,1.0,2.0,15,4.0,1.0,9
40154,11.0,11,2,1,1,2,1,1,1701.0,9999.99,9.0,1.0,8.0,14,1.0,16.0,31
40156,11.0,7,2,1,1,2,1,1,9999.0,9999.99,7.0,1.0,3.0,15,7.0,1.0,9
40157,11.0,7,2,1,1,2,1,1,9999.0,9999.99,7.0,1.0,2.0,15,4.0,1.0,9
40158,11.0,13,2,1,1,2,1,1,1707.0,9999.99,7.0,1.0,1.0,15,1.0,4.0,9
40159,11.0,9,2,1,1,2,1,1,9999.0,9999.99,7.0,1.0,3.0,15,7.0,16.0,33
40160,11.0,10,41,1,1,2,1,1,10.0,4.8,9.0,1.0,8.0,15,8.0,12.0,32
40162,11.0,17,64,1,1,2,1,1,10.0,10.5,9.0,1.0,8.0,18,9.0,1.0,31
40163,11.0,20,64,1,1,1,1,1,10.0,21.1,9.0,1.0,3.0,15,6.0,1.0,9
40164,11.0,9,64,1,1,2,1,1,10.0,13.0,9.0,1.0,8.0,15,1.0,1.0,9
40165,11.0,17,64,1,1,2,1,1,10.0,18.1,9.0,1.0,2.0,15,4.0,1.0,9
40167,11.0,22,2,1,1,1,1,1,9999.0,9999.99,15.0,1.0,3.0,15,7.0,1.0,32
40168,11.0,19,2,1,1,1,1,1,9999.0,9999.99,15.0,1.0,2.0,15,4.0,1.0,32
40169,11.0,13,2,1,1,2,1,1,10.0,9999.99,9.0,1.0,3.0,15,7.0,1.0,9
40170,11.0,6,2,1,1,1,1,1,9999.0,50.5,15.0,1.0,8.0,18,9.0,1.0,9
40171,11.0,20,2,1,1,1,1,1,9999.0,72.5,8.0,1.0,3.0,15,7.0,1.0,9
40172,11.0,17,2,1,1,2,1,1,9999.0,84.2,8.0,1.0,2.0,15,4.0,1.0,9
40173,11.0,13,2,1,1,2,1,1,9999.0,58.4,8.0,1.0,8.0,14,1.0,16.0,46
40174,11.0,20,2,1,1,1,1,1,1704.0,9999.99,7.0,1.0,8.0,14,1.0,16.0,31
40175,11.0,7,2,1,1,2,1,1,9999.0,13.3,9.0,1.0,2.0,15,4.0,1.0,9
40176,11.0,10,2,1,1,2,1,1,9999.0,3.4,15.0,1.0,3.0,15,4.0,1.0,9
40177,11.0,14,64,1,1,2,1,1,10.0,27.2,9.0,1.0,8.0,18,9.0,1.0,53
40179,11.0,21,2,1,1,1,1,1,10.0,188.1,8.0,1.0,3.0,14,2.0,1.0,9
40180,11.0,20,33,1,1,1,1,1,9999.0,9999.99,6.0,1.0,7.0,14,9.0,18.0,3
40182,11.0,13,2,1,1,2,1,1,1743.0,0.8,10.0,1.0,8.0,14,1.0,1.0,9
40183,11.0,12,33,1,1,2,1,1,9999.0,9999.99,6.0,1.0,8.0,18,1.0,1.0,9
40185,11.0,17,22,1,1,2,1,1,7.0,110.6,15.0,1.0,2.0,15,4.0,1.0,9
40186,11.0,13,22,1,1,2,1,1,7.0,9999.99,15.0,1.0,3.0,15,7.0,1.0,32
40187,11.0,10,22,1,1,2,1,1,7.0,111.0,15.0,1.0,1.0,15,1.0,4.0,3
40188,11.0,0,22,1,1,1,1,1,7.0,115.2,15.0,1.0,2.0,15,4.0,1.0,9
40190,11.0,21,2,1,1,1,1,1,9999.0,9999.99,7.0,1.0,8.0,18,9.0,1.0,38
40193,11.0,2,22,1,1,1,1,1,7.0,121.0,15.0,1.0,3.0,15,4.0,1.0,86
40194,11.0,20,22,1,1,1,1,1,7.0,122.0,15.0,1.0,2.0,15,4.0,1.0,42
40196,11.0,2,3,1,1,1,1,1,5211.0,1.5,8.0,2.0,8.0,18,7.0,18.0,36
40197,11.0,16,3,1,1,2,1,1,2.0,249.2,7.0,1.0,8.0,14,1.0,1.0,36
40198,11.0,14,35,2,1,2,1,1,509.0,10.4,7.0,1.0,7.0,10,9.0,12.0,36
40200,11.0,14,3,1,1,2,1,1,2.0,319.0,14.0,1.0,8.0,14,1.0,18.0,21
40201,11.0,0,3,1,1,1,1,1,2.0,321.0,8.0,2.0,2.0,15,1.0,18.0,9
40203,11.0,19,65,1,1,1,1,1,3224.0,23.0,6.0,1.0,7.0,15,1.0,1.0,9
40205,11.0,17,65,1,1,2,1,1,309.0,34.6,5.0,1.0,2.0,15,1.0,1.0,21
40207,11.0,13,65,1,1,2,1,1,309.0,9999.99,5.0,1.0,7.0,14,1.0,16.0,9
40208,11.0,20,65,1,1,1,1,1,3224.0,25.0,6.0,1.0,7.0,15,1.0,1.0,9
40211,11.0,19,5,1,1,1,1,1,8.0,495.2,8.0,1.0,1.0,15,1.0,12.0,31
40215,11.0,23,65,1,1,1,1,1,309.0,63.0,7.0,1.0,1.0,15,1.0,4.0,9
40218,11.0,12,5,1,1,2,1,1,3223.0,9999.99,6.0,1.0,2.0,15,4.0,1.0,9
40222,11.0,12,65,2,1,2,1,1,3228.0,9999.99,3.0,1.0,2.0,15,1.0,1.0,3
40229,11.0,22,65,1,1,1,1,1,308.0,120.0,8.0,2.0,3.0,15,7.0,1.0,9
40232,11.0,20,65,1,1,1,1,1,308.0,125.0,8.0,1.0,2.0,15,2.0,1.0,9
40234,11.0,9,65,1,1,2,1,1,309.0,33.6,7.0,1.0,8.0,13,2.0,11.0,31
40235,11.0,20,65,1,1,1,1,1,8.0,400.0,7.0,1.0,7.0,15,1.0,1.0,31
40236,11.0,13,65,1,1,2,1,1,3105.0,12.0,6.0,1.0,7.0,15,1.0,1.0,9
40237,11.0,16,65,1,1,2,1,1,8.0,400.8,7.0,1.0,7.0,15,1.0,1.0,9
40239,11.0,14,65,1,1,2,1,1,3224.0,9999.99,5.0,1.0,7.0,15,1.0,1.0,9
40240,11.0,14,65,1,1,2,1,1,3224.0,9999.99,5.0,1.0,7.0,15,1.0,1.0,31
40241,11.0,19,65,1,1,1,1,1,309.0,9999.99,5.0,1.0,7.0,15,1.0,1.0,31
40245,11.0,12,5,1,1,2,1,1,9999.0,9999.99,4.0,1.0,3.0,14,1.0,4.0,38
40247,11.0,16,65,1,1,2,1,1,308.0,142.0,4.0,1.0,3.0,15,2.0,4.0,9
40249,11.0,19,65,1,1,1,1,1,11.0,175.0,5.0,1.0,1.0,15,1.0,4.0,82
40251,11.0,12,65,1,1,2,1,1,11.0,173.0,5.0,1.0,2.0,15,1.0,1.0,38
40254,11.0,20,65,2,1,1,1,1,3210.0,14.0,4.0,1.0,3.0,15,1.0,4.0,9
40255,11.0,20,65,1,1,1,1,1,309.0,64.7,5.0,1.0,2.0,15,1.0,1.0,9
40257,11.0,12,65,2,1,2,1,1,3228.0,9999.99,4.0,1.0,2.0,15,1.0,1.0,9
40258,11.0,12,65,1,1,2,1,1,8.0,393.6,5.0,1.0,3.0,15,1.0,1.0,21
40260,11.0,20,65,2,1,1,1,1,3228.0,9999.99,3.0,1.0,8.0,13,2.0,11.0,9
40261,11.0,19,65,2,1,1,1,1,3203.0,47.2,4.0,1.0,2.0,15,1.0,1.0,32
40263,11.0,13,65,1,1,2,1,1,3224.0,21.0,6.0,1.0,7.0,15,1.0,1.0,9
40265,11.0,17,5,1,1,2,1,1,9999.0,24.0,6.0,1.0,7.0,15,1.0,1.0,9
40266,11.0,16,65,1,1,2,1,1,3105.0,4.0,6.0,1.0,7.0,15,1.0,1.0,9
40267,11.0,10,65,1,1,2,1,1,3224.0,23.0,6.0,1.0,7.0,15,1.0,1.0,9
40272,11.0,19,5,1,1,1,1,1,3215.0,9999.99,6.0,1.0,2.0,15,1.0,1.0,31
40276,11.0,0,5,1,1,1,1,1,317.0,9999.99,6.0,1.0,8.0,13,1.0,8.0,9
40278,11.0,15,5,1,1,2,1,1,3208.0,0.4,8.0,1.0,2.0,15,4.0,1.0,59
40287,11.0,18,5,1,1,1,1,1,3206.0,9999.99,6.0,1.0,2.0,15,4.0,1.0,33
40288,11.0,18,5,1,1,1,1,1,3210.0,9999.99,5.0,1.0,3.0,15,8.0,10.0,341
40289,11.0,12,5,1,1,2,1,1,3221.0,9999.99,6.0,1.0,7.0,14,1.0,16.0,9
40290,11.0,20,5,1,1,1,1,1,3204.0,9999.99,6.0,1.0,3.0,15,8.0,12.0,9
40291,11.0,18,5,1,1,1,1,1,308.0,150.3,6.0,1.0,8.0,13,9.0,12.0,9
40292,11.0,12,5,1,1,2,1,1,8.0,470.0,7.0,1.0,3.0,15,8.0,10.0,9
40293,11.0,15,5,1,1,2,1,1,8.0,468.0,7.0,1.0,1.0,15,1.0,4.0,9
40295,11.0,11,4,1,1,2,1,1,3100.0,40.8,6.0,1.0,8.0,14,7.0,16.0,9
40296,11.0,12,4,1,1,2,1,1,302.0,101.0,4.0,1.0,8.0,14,8.0,1.0,9
40301,11.0,20,4,1,1,1,2,1,304.0,125.0,12.0,1.0,1.0,15,1.0,4.0,36
40304,11.0,19,4,1,1,1,1,1,304.0,125.8,12.0,1.0,2.0,15,4.0,1.0,21
40307,11.0,19,65,1,1,1,1,1,309.0,59.8,6.0,1.0,7.0,15,1.0,1.0,82
40308,11.0,10,65,1,1,2,1,1,3220.0,9.0,6.0,1.0,8.0,13,1.0,1.0,38
40309,11.0,10,65,1,1,2,1,1,309.0,60.0,6.0,1.0,7.0,15,1.0,1.0,36
40310,11.0,9,65,1,1,2,1,1,3222.0,28.0,6.0,1.0,7.0,15,1.0,1.0,9
40312,11.0,12,65,1,1,2,1,1,309.0,60.0,6.0,1.0,7.0,14,1.0,15.0,42
40314,11.0,18,65,1,1,1,1,1,309.0,59.0,6.0,1.0,7.0,15,1.0,1.0,36
40316,11.0,16,65,1,1,2,1,1,3222.0,29.2,6.0,1.0,7.0,15,1.0,5.0,21
40318,11.0,19,65,1,1,1,1,1,3222.0,29.0,6.0,1.0,7.0,15,1.0,1.0,21
40319,11.0,12,65,1,1,2,1,1,309.0,62.0,6.0,1.0,8.0,13,1.0,11.0,9
40320,11.0,12,65,1,1,2,1,1,309.0,60.0,6.0,1.0,7.0,14,1.0,16.0,3
40323,11.0,12,65,1,1,2,1,1,3207.0,16.0,6.0,1.0,7.0,14,1.0,16.0,5
40326,11.0,15,5,1,1,2,1,1,8.0,454.0,7.0,1.0,7.0,15,1.0,7.0,53
40327,11.0,18,5,1,1,1,1,1,8.0,455.6,7.0,1.0,7.0,15,1.0,4.0,3
40328,11.0,20,5,1,1,1,1,1,3208.0,5.7,6.0,1.0,1.0,15,1.0,4.0,9
40329,11.0,10,5,1,1,2,1,1,3208.0,3.1,6.0,1.0,8.0,13,9.0,11.0,3
40330,11.0,12,5,1,1,2,1,1,3208.0,23.3,6.0,1.0,3.0,15,8.0,10.0,31
40333,11.0,7,5,1,1,2,1,1,3208.0,11.9,6.0,1.0,7.0,14,1.0,16.0,53
40334,11.0,16,5,1,1,2,1,1,3208.0,6.4,6.0,1.0,7.0,14,1.0,16.0,86
40335,11.0,16,5,1,1,2,1,1,3208.0,24.1,6.0,1.0,1.0,15,1.0,4.0,31
40337,11.0,8,5,1,1,2,1,1,3221.0,2.0,6.0,1.0,3.0,15,8.0,12.0,32
40338,11.0,21,5,1,1,1,1,1,3221.0,6.8,6.0,1.0,7.0,15,1.0,1.0,9
40340,11.0,20,5,1,1,1,1,1,3222.0,10.0,6.0,1.0,7.0,15,1.0,1.0,9
40342,11.0,21,5,1,1,1,1,1,3222.0,7.0,6.0,1.0,7.0,15,1.0,4.0,9
40343,11.0,18,5,1,1,1,1,1,8.0,434.1,7.0,1.0,7.0,15,1.0,6.0,53
40344,11.0,11,5,1,1,2,1,1,3111.0,1.0,6.0,1.0,7.0,15,1.0,6.0,9
40345,11.0,11,5,1,1,2,1,1,3222.0,8.0,6.0,1.0,2.0,15,1.0,1.0,9
40346,11.0,17,5,1,1,2,1,1,8.0,432.0,7.0,1.0,7.0,14,1.0,16.0,9
40347,11.0,19,5,1,1,1,1,1,8.0,433.2,7.0,1.0,2.0,15,1.0,1.0,3
40348,11.0,9,5,1,1,2,1,1,8.0,510.0,7.0,1.0,7.0,15,1.0,1.0,406
40349,11.0,14,5,1,1,2,1,1,8.0,510.0,7.0,1.0,7.0,14,1.0,16.0,31
40351,11.0,17,5,1,1,2,1,1,8.0,510.0,7.0,1.0,7.0,15,1.0,5.0,31
40361,11.0,5,4,1,1,1,1,1,3109.0,3.8,6.0,1.0,8.0,13,7.0,1.0,9
40362,11.0,17,4,1,1,2,1,1,3109.0,9999.99,10.0,1.0,3.0,15,1.0,8.0,9
40363,11.0,9,4,1,1,2,1,1,8.0,412.0,8.0,1.0,8.0,14,1.0,1.0,9
40364,11.0,11,4,1,1,2,1,1,8.0,403.8,8.0,1.0,8.0,14,3.0,16.0,33
40365,11.0,16,15,1,1,2,1,1,601.0,9999.99,31.0,1.0,8.0,18,9.0,1.0,21
40368,11.0,12,15,1,1,2,1,1,601.0,128.0,8.0,1.0,7.0,15,4.0,16.0,59
40369,11.0,21,51,1,1,1,1,1,3313.0,1.3,6.0,1.0,1.0,15,1.0,4.0,9
40370,11.0,21,50,1,1,1,1,1,801.0,65.5,8.0,2.0,8.0,14,1.0,16.0,9
40371,11.0,1,72,1,1,1,1,1,320.0,16.2,7.0,1.0,8.0,18,7.0,10.0,9
40372,11.0,16,71,1,1,2,1,1,9.0,22.5,8.0,1.0,1.0,14,1.0,1.0,31
40373,11.0,22,51,1,1,1,1,1,3002.0,9999.99,7.0,1.0,8.0,15,1.0,2.0,400
40374,11.0,22,51,1,1,1,1,1,3019.0,9999.99,7.0,1.0,8.0,9,1.0,5.0,9
40375,11.0,20,50,1,1,1,1,1,3007.0,9999.99,12.0,1.0,7.0,18,9.0,18.0,9
40376,11.0,15,72,1,1,2,1,1,3014.0,8.2,7.0,1.0,4.0,15,1.0,2.0,9
40377,11.0,20,72,1,1,1,1,1,3001.0,9999.99,8.0,1.0,7.0,18,9.0,1.0,31
40378,11.0,18,51,1,1,1,1,1,3006.0,9999.99,6.0,1.0,1.0,15,1.0,18.0,21
40379,11.0,0,72,1,1,1,1,1,3012.0,11.0,14.0,1.0,8.0,18,1.0,10.0,31
40381,11.0,21,51,1,1,1,1,1,1.0,339.4,8.0,2.0,2.0,15,4.0,1.0,9
40382,11.0,16,50,1,1,2,1,1,801.0,84.12,7.0,1.0,2.0,1,4.0,21.0,9
40383,11.0,3,51,1,1,1,1,1,801.0,56.4,11.0,2.0,8.0,14,1.0,16.0,9
40384,11.0,15,51,1,1,2,1,1,801.0,49.5,11.0,2.0,2.0,15,4.0,1.0,46
40385,11.0,21,50,1,1,1,1,1,3015.0,9999.99,7.0,1.0,8.0,3,1.0,8.0,3
40387,11.0,16,72,1,1,2,1,1,3038.0,9999.99,10.0,1.0,7.0,18,9.0,18.0,31
40389,11.0,12,50,1,1,2,1,1,803.0,2.95,8.0,2.0,2.0,15,4.0,1.0,32
40391,11.0,6,51,1,1,1,1,1,1.0,335.0,7.0,1.0,8.0,18,9.0,1.0,9
40392,11.0,13,51,1,1,2,1,1,3307.0,9999.99,8.0,1.0,1.0,15,1.0,5.0,9
40393,11.0,19,51,1,1,1,1,1,3307.0,9999.99,8.0,1.0,3.0,15,8.0,1.0,21
40394,11.0,17,51,1,1,2,1,1,1.0,9999.99,1.0,1.0,3.0,15,3.0,2.0,9
40395,11.0,20,50,1,1,1,1,1,801.0,70.0,8.0,2.0,8.0,18,1.0,18.0,3
40397,11.0,11,72,1,1,2,1,1,320.0,14.5,7.0,1.0,8.0,9,1.0,10.0,33
40399,11.0,17,72,1,1,2,1,1,3009.0,9999.99,12.0,1.0,3.0,15,9.0,4.0,9
40400,11.0,22,51,1,1,1,1,1,1.0,343.2,13.0,2.0,8.0,14,1.0,16.0,9
40411,11.0,13,51,1,1,2,1,1,1.0,336.7,8.0,2.0,2.0,15,4.0,1.0,9
40417,11.0,21,51,1,1,1,1,1,8101.0,2.6,11.0,2.0,2.0,15,5.0,1.0,9
40418,11.0,17,51,1,1,2,1,1,801.0,58.0,11.0,2.0,4.0,15,4.0,1.0,9
40419,11.0,15,51,1,1,2,1,1,801.0,57.7,11.0,2.0,8.0,2,7.0,11.0,9
40420,11.0,21,51,1,1,1,1,1,801.0,53.0,11.0,2.0,4.0,15,4.0,1.0,9
40421,11.0,17,51,1,1,2,1,1,322.0,14.9,9.0,2.0,8.0,18,1.0,18.0,9
40422,11.0,19,51,1,1,1,1,1,322.0,10.0,8.0,2.0,2.0,15,4.0,1.0,9
40423,11.0,13,50,1,1,2,1,1,801.0,83.5,7.0,1.0,5.0,15,4.0,1.0,9
40424,11.0,19,51,1,1,1,1,1,801.0,55.0,11.0,2.0,2.0,15,4.0,1.0,32
40432,11.0,9,72,1,1,2,1,1,3026.0,9999.99,20.0,2.0,8.0,14,1.0,14.0,9
40433,11.0,15,72,1,1,2,1,1,3026.0,9999.99,20.0,2.0,7.0,2,2.0,12.0,31
40436,11.0,9,51,1,1,2,1,1,3313.0,9999.99,16.0,1.0,3.0,15,1.0,6.0,9
40437,11.0,19,51,1,1,1,1,1,313.0,9999.99,51.0,1.0,3.0,15,3.0,1.0,9
40440,11.0,11,51,1,1,2,1,1,3004.0,9999.99,7.0,2.0,3.0,15,1.0,8.0,33
40442,11.0,20,51,1,1,1,1,1,3004.0,9999.99,7.0,2.0,3.0,15,7.0,8.0,9
40444,11.0,18,51,1,1,1,1,1,9.0,4.0,6.0,2.0,2.0,15,5.0,1.0,9
40446,11.0,12,51,1,1,2,1,1,9.0,3.7,7.0,2.0,2.0,1,4.0,20.0,32
40448,11.0,22,51,1,1,1,1,1,3000.0,9999.99,7.0,2.0,7.0,10,3.0,10.0,9
40449,11.0,9,51,1,1,2,1,1,1.0,9999.99,7.0,1.0,3.0,15,7.0,2.0,9
40450,11.0,9,51,1,1,2,1,1,1.0,9999.99,7.0,1.0,3.0,15,7.0,2.0,9
40451,11.0,10,51,1,1,2,1,1,9.0,3.8,8.0,2.0,8.0,14,1.0,16.0,9
40453,11.0,16,51,1,1,2,1,1,9.0,3.5,7.0,2.0,8.0,14,1.0,16.0,31
40455,11.0,19,51,1,1,1,1,1,9999.0,9999.99,6.0,1.0,3.0,15,3.0,19.0,9
40456,11.0,21,71,1,1,1,1,1,9.0,28.0,8.0,2.0,3.0,15,2.0,16.0,53
40457,11.0,14,71,1,1,2,1,1,3330.0,9999.99,10.0,1.0,1.0,15,1.0,4.0,53
40458,11.0,13,71,1,1,2,1,1,315.0,10.0,7.0,1.0,2.0,15,4.0,1.0,9
40461,11.0,20,71,1,1,1,1,1,3336.0,9999.99,6.0,1.0,3.0,15,5.0,1.0,9
40463,11.0,11,71,1,1,2,1,1,3330.0,9999.99,15.0,1.0,3.0,16,8.0,1.0,9
40464,11.0,20,71,1,1,1,1,1,315.0,8.0,8.0,2.0,3.0,15,6.0,1.0,9
40465,11.0,11,71,1,1,2,1,1,315.0,12.0,9.0,1.0,2.0,15,4.0,1.0,32
40466,11.0,13,71,1,1,2,1,1,315.0,8.9,8.0,1.0,2.0,15,4.0,1.0,3