NUM_ACC,MOIS_ACC,HEU_ACC,COD_PRV,COD_ETA_CHA,COD_ETA_SUR,COD_LUM,COD_INT,TYP_LIE_ACC,NUM_ROU,PKM,LAR_CHA,COD_TYP_CHA,COD_TYP_COL,COD_OBS_HRT,COD_POI_CHO,COD_MAN,CIR_ACC
40865,11.0,16,10,1,1,2,1,1,3416.0,9999.99,5.0,1.0,3.0,15,8.0,14.0,5
40866,11.0,12,10,1,1,2,1,1,3416.0,9999.99,5.0,1.0,3.0,15,7.0,6.0,31
40867,11.0,10,10,1,1,2,1,1,3422.0,9999.99,5.0,1.0,2.0,15,4.0,1.0,5
40868,11.0,7,10,1,1,2,1,1,1.0,490.9,7.0,1.0,2.0,15,4.0,1.0,9
40869,11.0,4,10,1,1,1,1,1,3416.0,9999.99,5.0,1.0,2.0,15,4.0,1.0,31
40870,11.0,18,10,1,1,1,1,1,3416.0,9999.99,5.0,1.0,3.0,15,8.0,1.0,31
40871,11.0,12,10,1,1,2,1,1,3416.0,9999.99,5.0,1.0,3.0,15,8.0,14.0,31
40872,11.0,13,10,1,1,2,1,1,7.0,0.3,8.0,1.0,8.0,14,1.0,16.0,341
40873,11.0,11,10,1,1,2,1,1,1.0,503.3,6.0,2.0,2.0,15,6.0,1.0,5
40874,11.0,11,10,1,1,2,1,1,3424.0,9999.99,5.0,1.0,3.0,15,7.0,6.0,31
40875,11.0,12,10,1,1,2,1,1,303.0,18.8,7.0,1.0,8.0,13,9.0,11.0,32
40877,11.0,10,10,1,1,2,1,1,3471.0,9999.99,5.0,1.0,8.0,13,9.0,11.0,9
40878,11.0,9,10,1,1,2,1,1,320.0,39.5,7.0,1.0,8.0,13,9.0,10.0,21
40879,11.0,9,10,1,1,2,1,1,1.0,417.1,7.0,1.0,5.0,15,4.0,1.0,9
40880,11.0,12,10,1,1,2,1,1,1.0,407.0,7.0,1.0,3.0,15,8.0,1.0,21
40881,11.0,14,10,1,1,2,1,1,303.0,4.8,7.0,1.0,8.0,14,3.0,16.0,9
40882,11.0,17,10,1,1,2,1,1,1.0,405.0,7.0,1.0,8.0,14,2.0,16.0,9
40883,11.0,10,10,1,1,2,1,1,1.0,462.6,7.0,1.0,3.0,15,8.0,1.0,32
40884,11.0,18,10,1,1,1,1,1,1.0,461.3,7.0,1.0,8.0,14,1.0,16.0,71
40885,11.0,22,10,1,1,1,1,1,1.0,470.0,7.0,1.0,2.0,15,4.0,1.0,439
40886,11.0,20,10,1,1,1,1,1,3403.0,9999.99,5.0,1.0,1.0,15,1.0,4.0,46
40887,11.0,17,10,1,1,2,1,1,1.0,466.9,7.0,1.0,3.0,15,7.0,12.0,9
40888,11.0,19,10,1,1,1,1,1,1.0,468.1,7.0,1.0,3.0,15,7.0,12.0,9
40889,11.0,20,10,1,1,1,1,1,1.0,466.5,7.0,1.0,8.0,14,1.0,16.0,3
40890,11.0,14,10,1,1,2,1,1,1.0,464.2,7.0,1.0,8.0,14,2.0,16.0,409
40892,11.0,12,10,1,1,2,1,1,1.0,461.1,7.0,1.0,3.0,15,8.0,6.0,21
40893,11.0,7,10,1,1,2,1,1,1.0,460.1,7.0,1.0,8.0,14,2.0,16.0,31
40896,11.0,21,10,1,1,1,1,1,801.0,148.0,7.0,2.0,8.0,13,3.0,11.0,21
40897,11.0,11,10,1,1,2,1,1,801.0,138.4,7.0,2.0,2.0,15,6.0,1.0,38
40898,11.0,14,10,1,1,2,1,1,801.0,149.7,7.0,2.0,8.0,13,9.0,11.0,36
40900,11.0,5,10,1,1,1,1,1,801.0,183.3,7.0,2.0,8.0,13,9.0,11.0,9
40903,11.0,21,53,1,1,1,1,1,13.0,402.0,7.0,1.0,8.0,14,1.0,16.0,409
40904,11.0,7,13,1,1,2,1,1,7109.0,9999.99,6.0,1.0,8.0,13,2.0,1.0,21
40905,11.0,22,13,1,1,1,1,1,10.0,631.1,6.0,1.0,8.0,13,1.0,16.0,88
40906,11.0,16,13,1,1,2,1,1,13.0,665.8,6.0,1.0,7.0,15,7.0,14.0,9
40907,11.0,16,13,1,1,2,1,1,7101.0,2.7,7.0,1.0,1.0,15,1.0,4.0,3
40908,11.0,20,13,1,1,1,1,1,10.0,575.2,8.0,1.0,1.0,15,1.0,8.0,436
40909,11.0,11,13,1,1,2,1,1,13.0,630.64,6.0,1.0,8.0,18,1.0,8.0,9
40910,11.0,19,13,1,1,1,1,1,13.0,522.5,6.0,1.0,8.0,13,7.0,11.0,46
40911,11.0,19,13,1,1,1,1,1,10.0,655.0,6.0,1.0,8.0,15,4.0,1.0,21
40912,11.0,13,13,1,1,2,1,1,10.0,634.2,6.0,1.0,8.0,18,9.0,1.0,9
40914,11.0,21,53,1,1,1,1,1,7320.0,9999.99,7.0,1.0,3.0,15,2.0,1.0,9
40915,11.0,14,53,1,1,2,1,1,13.0,398.8,7.0,1.0,1.0,15,1.0,4.0,21
40916,11.0,17,53,1,1,2,1,1,13.0,416.9,7.0,1.0,8.0,18,8.0,1.0,40
40920,11.0,15,53,1,1,2,1,1,13.0,348.4,7.0,1.0,8.0,18,7.0,1.0,9
40921,11.0,18,53,1,1,1,1,1,13.0,354.0,7.0,1.0,1.0,15,1.0,4.0,9
40922,11.0,17,53,1,1,2,1,1,13.0,352.4,7.0,1.0,8.0,18,7.0,1.0,9
40923,11.0,17,53,1,1,2,1,1,13.0,364.0,7.0,1.0,1.0,15,1.0,4.0,9
40925,11.0,18,53,1,1,1,1,1,9999.0,170.2,7.0,1.0,3.0,15,2.0,4.0,9
40926,11.0,16,53,1,1,2,1,1,7320.0,9999.99,4.0,1.0,8.0,13,9.0,1.0,9
40927,11.0,3,53,1,1,1,1,1,9999.0,9999.99,4.0,1.0,8.0,13,9.0,1.0,21
40928,11.0,13,53,1,1,2,1,1,7314.0,9999.99,4.0,1.0,8.0,14,1.0,1.0,21
40929,11.0,23,53,1,1,1,1,1,13.0,496.1,6.0,1.0,8.0,14,1.0,16.0,21
40930,11.0,23,53,1,1,1,1,1,13.0,494.8,7.0,1.0,7.0,15,8.0,4.0,9
40931,11.0,8,53,1,1,2,1,1,13.0,471.4,6.0,1.0,8.0,18,1.0,1.0,9
40934,11.0,12,13,1,1,2,1,1,10.0,713.0,6.0,1.0,8.0,2,7.0,1.0,9
40935,11.0,19,53,1,1,1,1,1,708.0,47.0,6.0,1.0,8.0,15,1.0,1.0,32
40936,11.0,18,53,1,1,1,1,1,13.0,392.88,7.0,1.0,1.0,15,1.0,4.0,341
40937,11.0,20,53,1,1,1,1,1,13.0,429.3,7.0,1.0,8.0,14,1.0,16.0,32
40938,11.0,18,13,1,1,1,1,1,10.0,648.6,6.0,1.0,4.0,15,4.0,1.0,341
40939,11.0,0,13,2,4,1,1,1,13.0,543.6,6.0,1.0,8.0,6,1.0,18.0,32
40940,11.0,9,13,1,1,2,1,1,10.0,646.65,6.0,1.0,8.0,15,3.0,1.0,50
40941,11.0,0,13,1,1,1,1,1,10.0,665.3,6.0,1.0,7.0,18,9.0,1.0,406
40942,11.0,10,13,1,1,2,1,1,702.0,130.95,7.0,1.0,8.0,9,2.0,9.0,9
40943,11.0,15,13,1,1,2,1,1,13.0,628.2,6.0,1.0,3.0,15,3.0,4.0,9
40946,11.0,8,13,1,1,2,1,1,10.0,556.1,10.0,1.0,7.0,18,2.0,11.0,3
40947,11.0,2,13,1,1,1,1,1,10.0,560.2,17.0,1.0,7.0,18,2.0,11.0,21
40948,11.0,19,13,1,1,1,1,1,10.0,565.2,9.0,1.0,7.0,15,8.0,8.0,9
40949,11.0,19,13,1,1,1,1,1,10.0,575.2,8.0,1.0,1.0,15,1.0,8.0,9
40951,11.0,12,13,1,1,2,1,1,13.0,603.1,6.0,1.0,2.0,15,4.0,1.0,21
40952,11.0,20,13,1,1,1,1,1,13.0,601.5,6.0,1.0,2.0,15,4.0,1.0,21
40953,11.0,18,13,1,1,1,1,1,13.0,561.5,7.0,1.0,3.0,15,7.0,1.0,32
40954,11.0,19,13,1,1,1,1,1,13.0,581.5,7.0,1.0,3.0,15,8.0,1.0,406
40955,11.0,12,13,1,1,2,1,1,13.0,568.1,7.0,1.0,3.0,15,8.0,1.0,21
40956,11.0,1,12,1,1,1,1,1,2202.0,9999.99,5.0,1.0,8.0,18,1.0,10.0,3
40957,11.0,14,12,1,1,2,1,1,1.0,694.8,6.0,1.0,7.0,12,1.0,1.0,9
40958,11.0,14,12,1,1,2,1,1,2215.0,2.1,4.0,1.0,8.0,18,9.0,1.0,31
40959,11.0,19,12,1,1,1,1,1,2207.0,9999.99,4.0,1.0,1.0,15,1.0,6.0,3
40961,11.0,19,12,1,1,1,1,1,1.0,694.6,6.0,1.0,1.0,15,1.0,4.0,9
40965,11.0,12,12,1,1,2,1,1,2207.0,9999.99,4.0,1.0,8.0,14,1.0,16.0,9
40969,11.0,20,12,1,1,1,1,1,9999.0,27.4,7.0,2.0,7.0,10,1.0,1.0,33
40970,11.0,16,12,1,1,2,1,1,1.0,701.2,6.0,1.0,7.0,2,1.0,1.0,32
40978,11.0,13,12,1,1,2,1,1,2236.0,3.0,4.0,1.0,3.0,15,8.0,4.0,430
40979,11.0,15,12,1,1,2,1,1,1.0,752.0,11.0,1.0,1.0,15,1.0,4.0,3
40983,11.0,17,14,1,1,2,1,1,802.0,196.6,8.0,2.0,8.0,13,9.0,11.0,21
40984,11.0,15,7,1,1,2,1,1,15.0,320.93,6.0,1.0,8.0,13,9.0,11.0,21
40986,11.0,2,14,1,1,1,1,1,802.0,174.5,7.0,2.0,8.0,2,9.0,11.0,82
40987,11.0,16,14,1,1,2,1,1,6.0,214.9,10.0,1.0,7.0,18,1.0,1.0,71
40989,11.0,11,66,1,1,2,1,1,8.0,741.2,7.0,1.0,1.0,15,1.0,4.0,9
40991,11.0,17,7,1,1,2,1,1,15.0,174.4,6.0,1.0,8.0,13,9.0,10.0,38
40993,11.0,18,42,1,1,1,1,1,5016.0,9999.99,5.0,1.0,3.0,15,9.0,4.0,9
40996,11.0,18,42,1,1,1,1,1,503.0,19.5,7.0,2.0,2.0,15,4.0,1.0,33
40997,11.0,8,42,1,1,2,1,1,503.0,46.18,7.0,1.0,7.0,15,8.0,4.0,9
40998,11.0,8,14,1,1,2,1,1,8201.0,4.0,7.0,2.0,8.0,13,9.0,11.0,21
41000,11.0,14,14,1,1,2,1,1,8.0,723.0,10.0,2.0,2.0,15,4.0,21.0,9
41004,11.0,20,14,1,1,1,1,1,8.0,723.0,10.0,2.0,3.0,15,9.0,1.0,32
41006,11.0,2,14,1,1,1,1,1,8.0,723.0,10.0,2.0,7.0,15,4.0,21.0,9
41009,11.0,1,14,1,1,1,1,1,8.0,719.0,10.0,2.0,8.0,9,9.0,11.0,46
41011,11.0,14,14,1,1,2,1,1,6.0,206.2,10.0,1.0,7.0,14,1.0,16.0,9
41014,11.0,22,66,1,1,1,1,1,5007.0,20.0,6.0,1.0,8.0,13,9.0,10.0,36
41015,11.0,19,66,1,1,1,1,1,5007.0,6.0,6.0,1.0,7.0,15,8.0,4.0,9
41016,11.0,15,66,1,1,2,1,1,4.0,154.0,6.0,1.0,2.0,15,9.0,1.0,9
41023,11.0,9,66,1,1,2,1,1,5002.0,14.5,5.0,1.0,7.0,15,8.0,4.0,9
41024,11.0,11,66,1,1,2,1,1,8.0,750.8,7.0,1.0,8.0,13,9.0,10.0,55
41025,11.0,14,66,1,1,2,1,1,8.0,743.2,7.0,1.0,8.0,13,9.0,11.0,33
41026,11.0,8,66,1,1,2,1,1,5003.0,13.8,6.0,1.0,2.0,15,4.0,1.0,82
41028,11.0,11,66,1,1,2,1,1,5002.0,42.0,5.0,1.0,7.0,14,9.0,1.0,9
41031,11.0,16,66,1,1,2,1,1,5013.0,11.8,5.0,1.0,3.0,15,9.0,1.0,9
41034,11.0,1,66,1,1,1,1,1,5002.0,7.7,5.0,1.0,8.0,13,9.0,11.0,42
41035,11.0,23,35,1,1,1,1,1,8.0,800.2,7.0,1.0,7.0,15,1.0,1.0,42
41036,11.0,7,35,1,1,2,1,1,509.0,7.0,6.0,1.0,2.0,15,4.0,1.0,5
41038,11.0,13,35,1,1,2,1,1,5325.0,9999.99,5.0,1.0,7.0,15,8.0,1.0,21
41041,11.0,17,35,1,1,2,1,1,5314.0,2.0,5.0,1.0,2.0,15,4.0,1.0,9
41042,11.0,14,35,1,1,2,1,1,8.0,798.0,8.0,1.0,8.0,13,9.0,10.0,38
41043,11.0,14,35,1,1,2,1,1,8.0,796.1,7.0,1.0,7.0,15,8.0,21.0,9
41045,11.0,15,35,1,1,2,1,1,8.0,775.0,7.0,1.0,7.0,15,8.0,1.0,3
41048,11.0,18,35,1,1,1,1,1,8.0,775.0,7.0,1.0,8.0,13,9.0,11.0,3
41051,11.0,14,42,1,1,2,1,1,503.0,16.8,7.0,2.0,7.0,15,6.0,1.0,9
41052,11.0,18,42,1,1,1,1,1,503.0,19.4,7.0,2.0,5.0,15,9.0,1.0,9
41053,11.0,18,42,1,1,1,1,1,5031.0,9999.99,6.0,1.0,7.0,15,8.0,4.0,5
41055,11.0,12,42,1,1,2,1,1,504.0,12.5,6.0,1.0,3.0,15,8.0,1.0,21
41056,11.0,10,42,1,1,2,1,1,504.0,4.0,6.0,1.0,7.0,15,2.0,1.0,9
41057,11.0,14,42,1,1,2,1,1,6.0,223.65,6.0,1.0,7.0,15,8.0,4.0,71
41060,11.0,21,42,1,1,1,1,1,504.0,37.0,6.0,1.0,3.0,15,1.0,2.0,32
41061,11.0,10,42,1,1,2,1,1,504.0,38.7,6.0,1.0,3.0,15,5.0,1.0,82
41063,11.0,11,42,1,1,2,1,1,9999.0,1.0,6.0,1.0,1.0,15,1.0,2.0,82
41065,11.0,14,42,1,1,2,1,1,504.0,31.2,6.0,1.0,1.0,15,3.0,4.0,21
41066,11.0,11,42,1,1,2,1,1,9999.0,9999.99,3.0,1.0,3.0,15,8.0,1.0,21
41068,11.0,14,35,1,1,2,1,1,501.0,9999.99,6.0,1.0,8.0,13,9.0,7.0,430
41071,11.0,20,35,1,1,1,1,1,506.0,9999.99,5.0,1.0,7.0,15,9.0,6.0,9
41072,11.0,13,35,1,1,2,1,1,9999.0,9999.99,7.0,1.0,7.0,15,9.0,1.0,9
41077,11.0,17,35,1,1,2,1,1,408.0,137.4,6.0,1.0,8.0,13,9.0,11.0,32
41080,11.0,20,7,1,1,1,1,1,15.0,273.3,7.0,1.0,7.0,15,9.0,4.0,9
41081,11.0,12,7,1,1,2,1,1,15.0,234.5,7.0,1.0,8.0,13,9.0,11.0,9
41083,11.0,20,7,1,1,1,1,1,15.0,228.6,6.0,1.0,1.0,15,1.0,4.0,9
41084,11.0,14,7,1,1,2,1,1,502.0,9999.99,5.0,1.0,3.0,15,9.0,1.0,31
41086,11.0,8,7,1,1,2,1,1,503.0,101.0,6.0,1.0,8.0,13,9.0,11.0,82
41087,11.0,15,7,1,1,2,1,1,5115.0,9999.99,4.0,1.0,8.0,13,9.0,11.0,21
41088,11.0,18,7,1,1,1,1,1,5115.0,9999.99,4.0,1.0,8.0,13,9.0,11.0,31
41092,11.0,15,31,1,1,2,1,1,1.0,1252.2,7.0,1.0,1.0,15,1.0,2.0,3
41093,11.0,2,31,1,1,1,1,1,1.0,9999.99,7.0,1.0,8.0,18,9.0,1.0,21
41095,11.0,23,59,1,1,1,1,1,104.0,6.3,6.0,1.0,8.0,13,1.0,1.0,21
41096,11.0,1,31,1,1,1,1,1,1.0,1291.0,7.0,1.0,8.0,18,9.0,1.0,9
41097,11.0,6,29,1,1,1,1,1,14.0,80.2,7.0,1.0,1.0,15,1.0,2.0,3
41099,11.0,7,59,1,1,2,1,1,1918.0,9999.99,5.0,1.0,8.0,13,9.0,13.0,9
41100,11.0,4,32,1,1,1,1,1,9999.0,112.0,5.0,1.0,7.0,15,7.0,4.0,9
41101,11.0,13,31,1,1,2,1,1,1.0,1281.93,7.0,1.0,8.0,18,9.0,1.0,21
41102,11.0,17,32,1,1,2,1,1,103.0,22.8,6.0,1.0,8.0,18,9.0,1.0,9
41104,11.0,20,31,1,1,1,1,1,1.0,1233.9,7.0,1.0,7.0,15,1.0,2.0,82
41106,11.0,8,31,1,1,2,1,1,1.0,1234.7,7.0,1.0,8.0,15,1.0,2.0,21
41112,11.0,14,32,1,1,2,1,1,1.0,1047.5,7.0,1.0,3.0,15,1.0,8.0,9
41113,11.0,19,32,1,1,1,1,1,1.0,1040.1,7.0,1.0,3.0,15,1.0,8.0,9
41115,11.0,21,32,1,1,1,1,1,1.0,1025.3,7.0,1.0,8.0,14,2.0,1.0,82
41116,11.0,9,32,1,1,2,1,1,102.0,30.2,5.0,1.0,8.0,18,3.0,10.0,31
41117,11.0,1,32,1,1,1,1,1,102.0,18.3,5.0,1.0,8.0,18,3.0,13.0,3
41119,11.0,16,32,1,1,2,1,1,1.0,1124.3,6.0,1.0,3.0,15,8.0,18.0,9
41120,11.0,14,59,1,1,2,1,1,1.0,1004.1,6.0,1.0,8.0,13,9.0,12.0,9
41124,11.0,19,16,1,1,1,1,1,4268.0,9999.99,6.0,1.0,1.0,15,1.0,4.0,32
41125,11.0,0,16,1,1,1,1,1,805.0,156.6,7.0,2.0,8.0,14,1.0,16.0,21
41126,11.0,16,16,2,1,2,1,1,4214.0,9999.99,7.0,1.0,8.0,14,1.0,16.0,31
41128,11.0,21,16,1,1,1,1,1,4201.0,14.0,63.0,1.0,8.0,14,8.0,16.0,9
41129,11.0,21,16,1,1,1,1,1,1.0,243.0,10.0,1.0,8.0,14,8.0,16.0,82
41130,11.0,13,16,1,2,2,1,1,4266.0,9999.99,6.0,1.0,8.0,14,7.0,16.0,9
41131,11.0,6,16,1,1,1,1,1,805.0,136.5,7.0,2.0,8.0,18,2.0,11.0,9
41132,11.0,3,16,1,1,1,1,1,805.0,163.6,7.0,2.0,8.0,18,3.0,10.0,40
41133,11.0,18,16,1,1,1,1,1,805.0,163.8,7.0,2.0,8.0,18,3.0,10.0,9
41134,11.0,17,16,1,1,2,1,1,805.0,172.2,7.0,2.0,8.0,18,2.0,11.0,21
41135,11.0,20,16,1,1,1,1,1,805.0,163.2,7.0,2.0,8.0,16,1.0,16.0,9
41137,11.0,17,16,1,1,2,1,1,1.0,132.5,7.0,1.0,8.0,18,3.0,10.0,9
41138,11.0,15,16,2,1,2,1,1,4206.0,9999.99,6.0,1.0,8.0,18,2.0,11.0,409
41139,11.0,0,16,2,1,1,1,1,4204.0,9999.99,6.0,1.0,3.0,15,2.0,4.0,9
41140,11.0,20,16,2,1,1,1,1,4208.0,9999.99,6.0,1.0,2.0,15,4.0,1.0,38
41141,11.0,14,16,1,1,2,1,1,406.0,18.0,7.0,1.0,8.0,14,1.0,16.0,38
41142,11.0,5,16,2,1,1,1,1,4228.0,9999.99,6.0,1.0,2.0,15,4.0,1.0,38
41143,11.0,19,16,1,1,1,1,1,406.0,5.0,7.0,1.0,3.0,15,2.0,4.0,9
41145,11.0,7,16,1,1,2,1,1,406.0,5.0,7.0,1.0,8.0,18,3.0,10.0,82
41148,11.0,18,16,1,1,1,1,1,406.0,22.4,8.0,1.0,8.0,14,1.0,16.0,9
41149,11.0,17,16,2,1,2,1,1,4208.0,9999.99,7.0,1.0,1.0,15,1.0,4.0,21
41152,11.0,13,16,2,1,2,1,1,4220.0,9999.99,7.0,1.0,1.0,15,1.0,4.0,40
41153,11.0,18,16,2,1,1,1,1,4220.0,9999.99,6.0,1.0,2.0,15,4.0,1.0,82
41154,11.0,17,16,2,1,2,1,1,4201.0,9999.99,6.0,1.0,3.0,15,5.0,1.0,9
41155,11.0,8,16,2,1,2,1,1,4214.0,9999.99,6.0,1.0,8.0,18,2.0,11.0,9
41158,11.0,22,16,1,1,1,1,1,406.0,9999.99,7.0,1.0,3.0,15,2.0,4.0,21
41159,11.0,17,16,1,1,2,1,1,406.0,34.0,7.0,1.0,3.0,15,2.0,4.0,9
41160,11.0,17,16,1,1,2,1,1,406.0,34.4,7.0,1.0,8.0,14,1.0,16.0,36
41161,11.0,20,16,1,1,1,1,1,406.0,33.2,7.0,1.0,8.0,14,1.0,16.0,21
41162,11.0,2,16,1,1,1,1,1,406.0,34.0,7.0,1.0,8.0,18,2.0,11.0,3
41163,11.0,22,16,2,1,1,1,1,4214.0,9999.99,7.0,1.0,3.0,15,2.0,4.0,9
41164,11.0,14,16,1,1,2,1,1,406.0,33.4,7.0,1.0,8.0,14,1.0,16.0,9
41165,11.0,16,16,1,1,2,1,1,406.0,34.8,7.0,1.0,8.0,14,1.0,16.0,9
41166,11.0,17,16,1,1,2,1,1,1.0,169.0,7.0,1.0,2.0,15,4.0,1.0,31
41167,11.0,21,16,1,1,1,1,1,1.0,137.6,7.0,1.0,8.0,18,2.0,11.0,21
41168,11.0,14,16,1,1,2,1,1,1.0,140.12,7.0,1.0,8.0,18,3.0,10.0,21
41169,11.0,10,16,1,1,2,1,1,1.0,167.8,7.0,1.0,3.0,15,3.0,12.0,9
41170,11.0,18,16,1,1,1,1,1,1.0,159.0,7.0,1.0,8.0,18,2.0,11.0,409
41171,11.0,14,16,1,1,2,1,1,1.0,168.8,7.0,1.0,2.0,15,4.0,1.0,21
41172,11.0,16,16,1,1,2,1,1,1.0,168.0,7.0,1.0,8.0,18,3.0,10.0,38
41173,11.0,21,16,1,1,1,1,1,4234.0,9999.99,5.0,1.0,2.0,15,4.0,1.0,33
41174,11.0,17,16,1,1,2,1,1,4201.0,9999.99,6.0,1.0,3.0,15,8.0,4.0,9
41175,11.0,19,16,1,1,1,1,1,4234.0,9999.99,5.0,1.0,3.0,15,7.0,16.0,38
41176,11.0,20,16,1,1,1,1,1,4214.0,9999.99,6.0,1.0,8.0,18,8.0,10.0,21
41177,11.0,17,16,1,1,2,1,1,4201.0,9999.99,6.0,1.0,2.0,15,4.0,1.0,21
41178,11.0,19,16,1,1,1,1,1,4205.0,9999.99,6.0,1.0,8.0,14,7.0,16.0,9
41179,11.0,16,16,1,1,2,1,1,4205.0,9999.99,6.0,1.0,8.0,14,8.0,16.0,21
41181,11.0,1,16,1,1,1,1,1,805.0,241.18,7.0,1.0,8.0,13,7.0,11.0,9
41182,11.0,3,16,1,1,1,1,1,805.0,232.48,7.0,1.0,8.0,13,8.0,10.0,21
41183,11.0,21,16,1,1,1,1,1,805.0,234.0,7.0,1.0,8.0,13,8.0,10.0,9
41184,11.0,5,16,1,1,1,1,1,805.0,9999.99,6.0,1.0,8.0,14,1.0,18.0,3
41186,11.0,9,16,1,1,2,1,1,4201.0,9999.99,6.0,1.0,3.0,15,8.0,1.0,33
41187,11.0,14,16,1,1,2,1,1,4201.0,31.0,6.0,1.0,3.0,15,8.0,1.0,9
41188,11.0,10,16,1,1,2,1,1,411.0,9999.99,5.0,1.0,8.0,14,7.0,16.0,9
41189,11.0,18,16,1,1,1,1,1,411.0,9999.99,6.0,1.0,3.0,15,6.0,8.0,100
41190,11.0,10,16,1,2,2,2,1,4201.0,21.0,6.0,1.0,2.0,15,4.0,1.0,31
41192,11.0,10,16,1,1,2,1,1,4201.0,9999.99,6.0,1.0,3.0,15,8.0,4.0,42
41193,11.0,12,16,1,1,2,1,1,4201.0,24.0,6.0,1.0,8.0,14,8.0,16.0,9
41195,11.0,15,16,1,1,2,1,1,1.0,243.0,10.0,1.0,3.0,15,8.0,4.0,36
41196,11.0,9,16,1,1,2,1,1,1.0,245.4,10.0,1.0,8.0,13,7.0,11.0,341
41197,11.0,11,16,1,1,2,1,1,1.0,245.9,10.0,1.0,2.0,15,4.0,1.0,31
41198,11.0,15,16,1,1,2,1,1,4266.0,7.0,6.0,1.0,3.0,15,7.0,9.0,50
41199,11.0,21,16,1,1,1,1,1,1.0,243.8,10.0,1.0,2.0,15,4.0,1.0,9
41201,11.0,6,16,1,1,1,1,1,805.0,215.1,7.0,1.0,8.0,13,7.0,11.0,21
41202,11.0,3,16,1,1,1,1,1,805.0,194.8,7.0,1.0,8.0,13,8.0,10.0,21
41203,11.0,22,16,1,1,1,1,1,1.0,207.6,7.0,1.0,3.0,15,3.0,10.0,21
41204,11.0,19,16,1,1,1,1,1,4.0,9.4,6.0,1.0,8.0,14,8.0,16.0,21
41205,11.0,6,16,1,1,1,1,1,4.0,12.0,6.0,1.0,8.0,13,7.0,11.0,9
41206,11.0,19,16,1,1,1,1,1,1.0,221.8,7.0,1.0,3.0,15,5.0,1.0,5
41207,11.0,17,16,1,1,2,1,1,4.0,0.1,6.0,1.0,8.0,14,7.0,16.0,3
41208,11.0,18,16,1,1,1,1,1,1.0,218.9,7.0,1.0,2.0,15,4.0,1.0,21
41209,11.0,17,16,1,1,2,1,1,405.0,15.8,6.0,1.0,8.0,14,8.0,16.0,71
41210,11.0,20,16,1,1,1,1,1,4.0,15.7,6.0,1.0,3.0,15,8.0,8.0,9
41211,11.0,20,16,1,1,1,1,1,1.0,215.4,7.0,1.0,3.0,15,3.0,7.0,9
41212,11.0,2,16,1,1,1,1,1,1.0,188.8,9.0,1.0,1.0,7,1.0,1.0,9
41214,11.0,17,16,1,1,2,1,1,1.0,185.0,9.0,1.0,3.0,15,7.0,1.0,53
41215,11.0,23,16,1,1,1,1,1,1.0,187.1,9.0,1.0,7.0,18,8.0,1.0,32
41216,11.0,12,16,1,1,2,1,1,1.0,187.6,90.0,1.0,2.0,15,4.0,1.0,9
41217,11.0,20,16,1,1,1,1,1,1.0,190.0,9.0,1.0,7.0,14,2.0,1.0,400
41220,11.0,5,18,1,1,1,1,1,9999.0,27.3,6.0,1.0,3.0,15,1.0,2.0,21
41221,11.0,1,18,1,1,1,1,1,409.0,58.0,6.0,1.0,8.0,13,1.0,11.0,31
41224,11.0,14,18,1,1,2,1,1,4302.0,9999.99,5.0,1.0,3.0,15,1.0,2.0,36
41225,11.0,9,18,1,1,2,1,1,9999.0,39.2,6.0,1.0,8.0,13,1.0,10.0,5
41226,11.0,18,18,1,1,1,1,1,4310.0,0.5,6.0,1.0,8.0,14,1.0,1.0,53
41227,11.0,17,18,1,1,2,1,1,404.0,62.7,6.0,1.0,8.0,13,1.0,11.0,42
41228,11.0,19,18,1,1,1,1,1,6.0,70.9,6.0,1.0,3.0,15,1.0,2.0,3
41229,11.0,14,18,1,1,2,1,1,9999.0,62.3,6.0,1.0,8.0,13,9.0,10.0,31
41230,11.0,9,18,1,1,2,1,1,6.0,54.1,6.0,1.0,8.0,14,1.0,16.0,42
41231,11.0,17,18,1,1,2,1,1,6.0,55.5,6.0,1.0,2.0,15,1.0,1.0,9
41232,11.0,16,18,1,1,2,1,1,6.0,64.5,6.0,1.0,8.0,13,9.0,10.0,9
41233,11.0,8,18,1,1,2,1,1,4321.0,17.0,6.0,1.0,3.0,15,1.0,8.0,31
41234,11.0,2,18,1,1,1,1,1,802.0,84.2,7.0,1.0,8.0,13,9.0,1.0,9
41235,11.0,16,18,1,1,2,1,1,802.0,83.5,7.0,1.0,8.0,13,7.0,1.0,31
41237,11.0,7,18,1,1,2,1,1,802.0,76.1,7.0,1.0,8.0,5,9.0,1.0,9
41238,11.0,8,18,1,1,2,1,1,404.0,82.2,6.0,1.0,8.0,14,4.0,3.0,3
41242,11.0,10,18,1,1,2,1,1,404.0,71.5,6.0,1.0,3.0,15,1.0,8.0,31
41243,11.0,21,18,1,1,1,1,1,404.0,76.2,6.0,1.0,3.0,15,1.0,1.0,38