NUM_ACC,MOIS_ACC,HEU_ACC,COD_PRV,COD_ETA_CHA,COD_ETA_SUR,COD_LUM,COD_INT,TYP_LIE_ACC,NUM_ROU,PKM,LAR_CHA,COD_TYP_CHA,COD_TYP_COL,COD_OBS_HRT,COD_POI_CHO,COD_MAN,CIR_ACC
41245,11.0,19,18,1,1,1,1,1,411.0,9999.99,6.0,1.0,3.0,15,1.0,2.0,9
41246,11.0,21,18,1,1,1,1,1,411.0,111.0,6.0,1.0,2.0,15,1.0,1.0,21
41248,11.0,6,18,1,1,1,1,1,411.0,98.5,6.0,1.0,8.0,13,1.0,10.0,5
41250,11.0,15,18,1,1,2,1,1,4302.0,9999.99,5.0,1.0,3.0,15,1.0,2.0,32
41251,11.0,19,18,1,1,1,1,1,409.0,57.6,6.0,1.0,3.0,15,1.0,2.0,3
41252,11.0,18,18,1,1,1,1,1,409.0,56.4,6.0,1.0,8.0,13,1.0,10.0,9
41253,11.0,18,18,1,1,1,1,1,6.0,32.95,6.0,1.0,8.0,13,1.0,13.0,9
41254,11.0,21,18,1,1,1,1,1,6.0,23.9,6.0,1.0,3.0,15,1.0,1.0,32
41260,11.0,21,18,1,1,1,1,1,6.0,27.0,6.0,1.0,3.0,15,1.0,21.0,3
41265,11.0,14,18,1,1,2,1,1,6.0,26.7,6.0,1.0,3.0,15,1.0,8.0,9
41266,11.0,21,18,1,1,1,1,1,404.0,15.8,6.0,1.0,3.0,15,1.0,8.0,3
41267,11.0,13,18,1,1,2,1,1,802.0,53.3,7.0,2.0,8.0,13,9.0,11.0,21
41268,11.0,3,18,1,1,1,1,1,802.0,29.96,7.0,2.0,8.0,13,1.0,5.0,9
41269,11.0,17,18,1,1,2,1,1,802.0,21.1,7.0,2.0,2.0,15,1.0,1.0,31
41271,11.0,0,18,1,1,1,1,1,402.0,8.8,6.0,1.0,8.0,13,9.0,2.0,55
41272,11.0,9,18,1,1,2,1,1,409.0,67.77,6.0,1.0,8.0,13,9.0,11.0,31
41274,11.0,11,18,1,1,2,5,1,407.0,72.4,6.0,1.0,8.0,13,1.0,11.0,9
41275,11.0,18,19,1,1,1,1,1,7300.0,1.2,6.0,1.0,8.0,14,1.0,16.0,3
41276,11.0,14,18,1,1,2,1,1,4322.0,9999.99,6.0,1.0,3.0,15,1.0,2.0,9
41277,11.0,9,19,1,1,2,1,1,8.0,546.2,8.0,1.0,8.0,18,9.0,1.0,42
41278,11.0,9,19,1,1,2,1,1,7308.0,9999.99,6.0,1.0,7.0,18,9.0,1.0,31
41281,11.0,0,19,1,1,1,1,1,3214.0,9999.99,6.0,1.0,3.0,1,6.0,2.0,9
41282,11.0,13,19,1,2,2,1,1,710.0,14.8,6.0,1.0,8.0,18,9.0,14.0,9
41293,11.0,9,20,1,1,2,1,1,3508.0,9999.99,5.0,1.0,7.0,14,1.0,16.0,36
41294,11.0,7,20,1,1,2,1,1,312.0,9999.99,7.0,1.0,5.0,15,9.0,1.0,9
41295,11.0,14,28,1,1,2,1,1,3503.0,8.0,6.0,1.0,3.0,15,8.0,4.0,9
41296,11.0,8,20,1,2,2,1,1,9999.0,174.1,7.0,1.0,8.0,2,7.0,11.0,31
41299,11.0,13,20,1,1,2,1,1,9999.0,155.9,7.0,1.0,8.0,15,6.0,4.0,9
41300,11.0,20,20,1,1,1,1,1,9999.0,124.2,7.0,1.0,8.0,15,1.0,1.0,3
41302,11.0,19,20,1,1,1,1,1,9999.0,139.6,6.0,1.0,2.0,15,4.0,1.0,9
41303,11.0,12,20,1,1,2,1,1,3511.0,22.0,5.0,1.0,7.0,14,1.0,1.0,21
41305,11.0,20,20,1,1,1,1,1,3511.0,2.0,6.0,1.0,2.0,15,4.0,1.0,9
41306,11.0,14,20,1,1,2,1,1,3511.0,9999.99,5.0,1.0,7.0,14,1.0,16.0,439
41308,11.0,3,20,1,1,1,1,1,3506.0,9999.99,6.0,1.0,3.0,15,6.0,4.0,9
41310,11.0,13,20,1,1,2,1,1,9999.0,94.6,7.0,1.0,3.0,15,8.0,1.0,9
41318,11.0,0,62,1,1,1,1,1,1.0,1345.0,7.0,1.0,8.0,18,2.0,1.0,9
41319,11.0,18,62,1,1,1,1,1,1.0,1344.0,7.0,1.0,8.0,18,2.0,1.0,33
41320,11.0,16,62,1,1,2,1,1,1.0,1466.0,7.0,1.0,8.0,18,2.0,1.0,42
41322,11.0,17,62,1,1,2,1,1,1.0,1430.0,7.0,1.0,8.0,18,2.0,1.0,53
41323,11.0,10,62,1,1,2,1,1,1.0,1383.3,7.0,1.0,3.0,15,3.0,14.0,53
41325,11.0,18,29,1,1,1,1,1,9999.0,9999.99,6.0,1.0,8.0,18,7.0,1.0,9
41326,11.0,20,8,1,1,1,1,1,1.0,1683.0,6.0,1.0,1.0,18,9.0,1.0,9
41327,11.0,15,8,1,1,2,1,1,1.0,1677.0,6.0,1.0,8.0,18,9.0,1.0,9
41328,11.0,23,11,1,1,1,1,1,2108.0,41.5,7.0,1.0,1.0,15,1.0,4.0,36
41329,11.0,7,43,1,1,2,1,1,2017.0,30.2,8.0,1.0,2.0,15,4.0,1.0,9
41330,11.0,12,11,1,1,2,1,1,8.0,339.0,7.0,1.0,1.0,15,1.0,4.0,430
41331,11.0,9,57,1,1,2,1,1,8.0,278.1,7.0,1.0,8.0,14,1.0,16.0,9
41333,11.0,16,57,1,1,2,1,1,8.0,288.8,7.0,1.0,8.0,14,1.0,16.0,9
41334,11.0,19,11,1,1,1,1,1,9.0,210.9,7.0,1.0,2.0,15,1.0,1.0,3
41335,11.0,19,11,1,1,1,1,1,9.0,163.2,7.0,1.0,8.0,16,1.0,1.0,9
41336,11.0,8,22,1,1,2,1,1,7.0,136.1,16.0,1.0,8.0,14,1.0,16.0,3
41337,11.0,19,22,1,1,1,1,1,7.0,134.9,16.0,1.0,8.0,14,1.0,16.0,46
41339,11.0,1,48,1,1,1,1,1,8.0,149.2,11.0,1.0,7.0,15,1.0,4.0,31
41341,11.0,9,11,1,1,2,1,1,2108.0,40.5,7.0,1.0,3.0,15,7.0,6.0,9
41342,11.0,14,11,1,1,2,1,1,206.0,95.4,7.0,1.0,3.0,15,7.0,1.0,9
41346,11.0,18,11,1,1,1,1,1,206.0,48.0,6.0,1.0,8.0,13,1.0,1.0,71
41347,11.0,6,22,1,1,1,1,1,2009.0,3.2,9.0,1.0,8.0,13,7.0,11.0,36
41351,11.0,9,22,1,1,2,1,1,212.0,23.0,6.0,1.0,2.0,15,3.0,1.0,55
41354,11.0,12,22,1,1,2,1,1,2009.0,5.0,6.0,1.0,2.0,15,1.0,1.0,5
41355,11.0,12,43,1,1,2,1,1,2010.0,40.3,7.0,1.0,3.0,15,3.0,1.0,5
41356,11.0,14,43,1,1,2,1,1,2017.0,33.3,8.0,1.0,3.0,15,3.0,1.0,42
41357,11.0,8,43,1,1,2,1,1,2017.0,25.2,8.0,1.0,2.0,15,4.0,1.0,9
41359,11.0,13,22,1,1,2,1,1,212.0,10.0,8.0,1.0,7.0,15,7.0,8.0,42
41360,11.0,19,43,1,1,1,1,1,9.0,275.6,9.0,1.0,8.0,10,1.0,11.0,9
41361,11.0,14,43,1,1,2,1,1,9.0,278.2,9.0,1.0,2.0,15,4.0,1.0,42
41362,11.0,20,43,1,1,1,1,1,2024.0,9999.99,7.0,1.0,7.0,10,2.0,11.0,9
41364,11.0,12,11,1,1,2,1,1,206.0,103.6,7.0,1.0,8.0,18,7.0,11.0,46
41368,11.0,11,22,1,1,2,1,1,8.0,225.3,7.0,1.0,7.0,15,7.0,6.0,3
41370,11.0,5,22,1,1,1,1,1,7.0,136.9,16.0,1.0,8.0,7,1.0,11.0,3
41371,11.0,8,22,1,1,2,1,1,2017.0,10.9,16.0,1.0,7.0,15,7.0,8.0,9
41372,11.0,12,22,1,1,2,1,1,2017.0,5.8,16.0,1.0,8.0,14,3.0,16.0,9
41373,11.0,20,22,1,1,1,1,1,2017.0,8.4,16.0,1.0,8.0,13,7.0,11.0,9
41375,11.0,20,57,1,1,1,1,1,8301.0,2.9,7.0,2.0,2.0,15,1.0,1.0,86
41376,11.0,23,57,1,1,1,1,1,803.0,151.2,7.0,2.0,8.0,18,1.0,10.0,9
41377,11.0,21,57,1,1,1,1,1,8.0,274.0,7.0,1.0,3.0,15,1.0,4.0,36
41378,11.0,22,11,1,1,1,1,1,206.0,34.9,6.0,1.0,8.0,14,1.0,16.0,9
41381,11.0,12,43,2,1,2,1,1,210.0,21.0,6.0,1.0,8.0,14,1.0,16.0,31
41382,11.0,20,57,1,1,1,1,1,8.0,293.0,7.0,1.0,8.0,18,1.0,10.0,9
41383,11.0,12,57,1,1,2,1,1,8.0,298.5,7.0,1.0,3.0,15,1.0,1.0,9
41384,11.0,21,57,1,1,1,1,1,2118.0,9999.99,6.0,1.0,3.0,15,1.0,4.0,9
41386,11.0,16,11,1,1,2,1,1,9.0,213.0,7.0,1.0,8.0,14,1.0,16.0,9
41387,11.0,19,57,1,1,1,1,1,2114.0,3.9,6.0,1.0,2.0,15,1.0,1.0,31
41388,11.0,17,11,1,1,2,1,1,9.0,227.9,7.0,1.0,8.0,18,1.0,10.0,53
41389,11.0,12,11,1,1,2,1,1,9.0,216.7,7.0,1.0,4.0,15,1.0,1.0,5
41390,11.0,18,22,2,1,1,1,1,2002.0,1.5,6.0,1.0,3.0,15,1.0,4.0,48
41391,11.0,2,57,1,1,1,1,1,2114.0,6.5,6.0,1.0,8.0,18,1.0,10.0,36
41392,11.0,20,11,1,1,1,1,1,9.0,171.2,7.0,1.0,8.0,18,1.0,10.0,5
41393,11.0,13,57,1,1,2,1,1,803.0,124.5,7.0,2.0,1.0,15,1.0,1.0,31
41394,11.0,2,57,1,1,1,1,1,803.0,124.3,7.0,2.0,2.0,15,1.0,1.0,9
41395,11.0,5,57,1,1,1,1,1,803.0,117.3,7.0,2.0,8.0,18,1.0,10.0,31
41396,11.0,6,57,1,1,1,1,1,803.0,118.3,7.0,2.0,8.0,18,1.0,11.0,432
41397,11.0,13,48,1,1,2,1,1,212.0,94.0,7.0,1.0,2.0,15,1.0,1.0,9
41398,11.0,8,48,1,1,2,1,1,214.0,5.0,7.0,1.0,8.0,18,8.0,10.0,42
41399,11.0,15,48,1,1,2,1,1,8.0,133.2,7.0,1.0,8.0,18,8.0,10.0,31
41401,11.0,13,48,1,1,2,1,1,8.0,123.0,11.0,1.0,1.0,15,1.0,20.0,3
41402,11.0,22,48,1,1,1,1,1,207.0,77.7,14.0,2.0,3.0,15,1.0,2.0,9
41403,11.0,18,48,1,1,1,1,1,207.0,70.4,12.0,2.0,1.0,15,1.0,2.0,31
41404,11.0,8,48,1,1,2,1,1,207.0,68.5,12.0,2.0,8.0,14,1.0,17.0,9
41405,11.0,15,48,1,1,2,1,1,207.0,78.4,14.0,2.0,1.0,15,1.0,2.0,9
41406,11.0,19,11,1,1,1,1,1,2125.0,9.0,7.0,1.0,2.0,15,4.0,1.0,3
41407,11.0,8,11,1,1,2,1,1,8.0,342.0,7.0,1.0,2.0,15,4.0,1.0,9
41408,11.0,16,11,1,1,2,1,1,8.0,341.0,7.0,1.0,8.0,18,7.0,11.0,21
41410,11.0,12,22,2,1,2,1,1,2008.0,9999.99,10.0,1.0,1.0,15,1.0,4.0,55
41415,11.0,12,22,2,1,2,1,1,2008.0,9999.99,6.0,1.0,7.0,15,8.0,4.0,5
41416,11.0,10,22,1,1,2,1,1,9999.0,9999.99,7.0,1.0,2.0,15,4.0,1.0,9
41419,11.0,15,22,1,1,2,1,1,2017.0,4.2,16.0,1.0,2.0,15,4.0,1.0,3
41422,11.0,20,22,1,1,1,1,1,2017.0,6.2,16.0,1.0,2.0,15,4.0,1.0,9
41423,11.0,15,22,1,1,2,1,1,2017.0,8.7,16.0,1.0,8.0,14,1.0,16.0,21
41424,11.0,12,22,1,1,2,1,1,2017.0,6.9,16.0,1.0,7.0,15,8.0,1.0,9
41427,11.0,9,22,1,1,2,1,1,203.0,7.0,8.0,1.0,8.0,13,8.0,11.0,9
41428,11.0,18,22,1,1,1,1,1,2017.0,7.8,16.0,1.0,7.0,15,7.0,1.0,48
41430,11.0,12,22,1,1,2,1,1,2017.0,9.0,16.0,1.0,2.0,1,4.0,1.0,9
41431,11.0,18,22,1,1,1,1,1,2017.0,12.5,16.0,1.0,7.0,15,6.0,7.0,3
41432,11.0,10,22,1,1,2,1,1,2017.0,12.0,16.0,1.0,7.0,15,6.0,6.0,55
41433,11.0,12,22,1,1,2,1,1,203.0,7.3,8.0,1.0,8.0,16,1.0,16.0,9
41434,11.0,15,22,1,1,2,1,1,2017.0,14.8,8.0,1.0,8.0,14,1.0,16.0,9
41435,11.0,15,22,1,1,2,1,1,2017.0,14.1,8.0,1.0,7.0,15,3.0,7.0,3
41436,11.0,9,22,1,1,2,1,1,2009.0,0.1,9.0,1.0,2.0,15,4.0,1.0,436
41438,11.0,17,22,1,1,2,1,1,2017.0,8.9,16.0,1.0,7.0,15,8.0,8.0,59
41439,11.0,19,22,1,1,1,1,1,2017.0,4.6,16.0,1.0,1.0,15,1.0,6.0,9
41440,11.0,12,22,1,1,2,1,1,2017.0,8.2,16.0,1.0,7.0,15,2.0,1.0,9
41441,11.0,8,22,1,1,2,1,1,2017.0,4.9,16.0,1.0,8.0,7,1.0,10.0,42
41442,11.0,11,43,1,1,2,1,1,2009.0,9.1,9.0,1.0,2.0,15,5.0,1.0,9
41443,11.0,22,22,1,1,1,1,1,2009.0,0.1,9.0,1.0,8.0,13,7.0,11.0,3
41447,11.0,13,22,1,1,2,1,1,7.0,130.0,16.0,1.0,8.0,14,1.0,16.0,3
41449,11.0,20,22,1,1,1,1,1,7.0,135.0,16.0,1.0,2.0,15,4.0,1.0,9
41451,11.0,1,22,1,1,1,1,1,7.0,128.1,16.0,1.0,8.0,13,7.0,11.0,21
41455,11.0,12,22,1,1,2,1,1,7.0,134.0,16.0,1.0,7.0,15,8.0,8.0,9
41456,11.0,21,22,1,1,1,1,1,7.0,133.15,16.0,1.0,2.0,15,4.0,1.0,21
41457,11.0,21,22,1,1,1,1,1,7.0,134.2,16.0,1.0,2.0,15,4.0,1.0,341
41458,11.0,11,22,1,1,2,1,1,7.0,132.0,16.0,1.0,7.0,15,8.0,8.0,21
41459,11.0,21,22,1,1,1,1,1,7.0,132.8,16.0,1.0,7.0,15,8.0,6.0,9
41460,11.0,17,22,1,1,2,1,1,7.0,137.0,16.0,1.0,7.0,15,8.0,6.0,9
41462,11.0,12,22,1,1,2,1,1,7.0,134.0,16.0,1.0,2.0,15,4.0,1.0,9
41464,11.0,19,22,1,1,1,1,1,8.0,224.3,7.0,1.0,2.0,15,1.0,1.0,33
41465,11.0,12,22,1,1,2,1,1,8.0,225.8,7.0,1.0,7.0,15,1.0,18.0,9
41466,11.0,18,22,1,1,1,1,1,8.0,225.3,7.0,1.0,3.0,15,1.0,21.0,3
41467,11.0,14,22,1,1,2,1,1,8.0,226.15,7.0,1.0,8.0,14,1.0,16.0,9
41468,11.0,12,22,1,1,2,1,1,8.0,227.2,7.0,1.0,2.0,15,1.0,1.0,3
41469,11.0,12,22,1,1,2,1,1,8.0,225.7,7.0,1.0,8.0,14,1.0,16.0,9
41470,11.0,18,22,1,1,1,1,1,8.0,225.4,7.0,1.0,8.0,18,7.0,11.0,9
41472,11.0,20,22,1,1,1,1,1,8.0,219.9,7.0,1.0,8.0,14,1.0,16.0,9
41473,11.0,8,22,1,1,2,1,1,8.0,225.7,7.0,1.0,8.0,18,7.0,11.0,9
41474,11.0,7,22,1,1,2,1,1,8.0,226.0,7.0,1.0,8.0,16,7.0,18.0,32
41475,11.0,12,22,1,1,2,1,1,7.0,116.0,7.0,1.0,8.0,14,1.0,16.0,9
41476,11.0,13,22,1,1,2,1,1,7.0,95.8,7.0,1.0,2.0,15,4.0,1.0,9
41478,11.0,13,22,1,1,2,1,1,210.0,9999.99,5.0,1.0,1.0,15,1.0,2.0,21
41479,11.0,21,22,1,1,1,1,1,8.0,264.2,6.0,1.0,2.0,15,1.0,1.0,21
41481,11.0,16,22,1,1,2,1,1,8.0,265.5,6.0,1.0,2.0,15,1.0,1.0,9
41482,11.0,14,22,1,1,2,1,1,8.0,264.3,6.0,1.0,2.0,15,4.0,1.0,21
41483,11.0,21,22,1,1,1,1,1,210.0,1.0,5.0,1.0,7.0,15,1.0,18.0,406
41484,11.0,12,22,1,1,2,1,1,8.0,262.0,6.0,1.0,2.0,15,1.0,1.0,9
41489,11.0,12,22,1,1,2,1,1,8.0,266.2,6.0,1.0,2.0,15,1.0,1.0,32
41490,11.0,9,22,1,1,2,1,1,8.0,272.0,6.0,1.0,3.0,15,3.0,12.0,21
41492,11.0,21,22,1,1,1,1,1,8.0,266.0,6.0,1.0,2.0,15,1.0,1.0,21
41496,11.0,12,48,1,1,2,1,1,212.0,89.2,6.0,1.0,3.0,15,6.0,1.0,9
41498,11.0,9,48,1,1,2,1,1,8.0,199.1,8.0,1.0,8.0,18,9.0,10.0,31
41499,11.0,15,48,1,1,2,1,1,8.0,211.0,8.0,1.0,2.0,15,1.0,1.0,9
41500,11.0,12,48,1,1,2,1,1,8.0,187.0,8.0,1.0,8.0,18,9.0,11.0,33
41501,11.0,7,48,1,1,2,1,1,8.0,210.0,8.0,1.0,2.0,15,1.0,2.0,82
41502,11.0,14,48,1,1,2,1,1,8.0,189.0,8.0,1.0,3.0,15,2.0,1.0,9
41503,11.0,16,48,1,1,2,1,1,803.0,275.6,12.0,2.0,2.0,15,4.0,1.0,9
41504,11.0,12,11,1,1,2,1,1,210.0,38.0,7.0,1.0,8.0,18,7.0,11.0,36
41506,11.0,11,11,1,1,2,1,1,2115.0,2.2,7.0,1.0,2.0,15,4.0,1.0,48
41507,11.0,13,68,1,1,2,1,1,206.0,3.0,7.0,1.0,8.0,18,7.0,11.0,42
41508,11.0,0,11,1,1,1,1,1,2129.0,6.6,7.0,1.0,2.0,15,4.0,1.0,21
41511,11.0,14,11,1,1,2,1,1,8.0,302.0,7.0,1.0,7.0,15,4.0,1.0,9
41512,11.0,21,11,1,1,1,1,1,8.0,304.2,7.0,1.0,8.0,15,7.0,6.0,38
41513,11.0,14,11,1,1,2,1,1,2137.0,10.0,7.0,1.0,7.0,15,8.0,4.0,402
41515,11.0,11,11,1,1,2,1,1,8.0,356.0,7.0,1.0,2.0,15,4.0,1.0,21
41516,11.0,12,11,1,1,2,1,1,8.0,349.2,7.0,1.0,2.0,15,4.0,1.0,9
41521,11.0,12,11,1,1,2,1,1,2125.0,15.0,7.0,1.0,8.0,18,7.0,11.0,9
41522,11.0,9,11,1,1,2,1,1,2125.0,13.2,7.0,1.0,2.0,15,4.0,1.0,31
41523,11.0,12,11,1,1,2,1,1,2125.0,17.0,7.0,1.0,2.0,15,4.0,1.0,38
41526,11.0,12,11,1,1,2,1,1,208.0,26.1,7.0,1.0,3.0,15,7.0,6.0,71
41528,11.0,15,11,1,1,2,1,1,208.0,28.0,7.0,1.0,2.0,15,4.0,1.0,9
41529,11.0,13,11,1,1,2,1,1,208.0,26.0,7.0,1.0,3.0,15,7.0,6.0,9
41532,11.0,19,11,1,1,1,1,1,2116.0,3.8,7.0,1.0,7.0,15,7.0,14.0,9
41533,11.0,15,43,1,1,2,1,1,9999.0,195.6,7.0,1.0,7.0,14,1.0,16.0,9
41534,11.0,14,43,1,1,2,1,1,9999.0,275.0,7.0,1.0,1.0,15,1.0,2.0,9
41535,11.0,12,43,1,1,2,1,1,9999.0,33.0,5.0,1.0,8.0,13,2.0,11.0,33
41536,11.0,17,43,1,1,2,1,1,9999.0,193.1,7.0,1.0,8.0,10,2.0,10.0,21
41537,11.0,17,11,1,1,2,1,1,9.0,171.0,9.0,1.0,8.0,13,2.0,11.0,31
41538,11.0,18,43,1,1,1,1,1,9.0,267.2,9.0,1.0,8.0,13,2.0,10.0,9
41539,11.0,19,43,1,1,1,1,1,9.0,273.0,9.0,1.0,3.0,15,4.0,1.0,9
41541,11.0,12,22,1,1,2,1,1,212.0,7.0,8.0,1.0,7.0,15,7.0,20.0,9
41543,11.0,1,22,1,1,1,1,1,8.0,234.0,10.0,1.0,2.0,15,1.0,1.0,3
41545,11.0,11,22,1,1,2,1,1,8.0,236.0,10.0,1.0,2.0,15,1.0,1.0,3
41547,11.0,1,22,1,1,1,1,1,8.0,238.2,10.0,1.0,2.0,15,1.0,1.0,31
41548,11.0,12,22,1,1,2,1,1,8.0,238.2,10.0,1.0,2.0,15,1.0,1.0,9
41550,11.0,11,22,1,1,2,1,1,2004.0,9999.99,6.0,1.0,7.0,15,8.0,6.0,9
41551,11.0,8,22,1,1,2,1,1,8.0,240.0,10.0,1.0,2.0,15,1.0,1.0,9
41554,11.0,19,22,1,1,1,1,1,8.0,236.0,10.0,1.0,2.0,15,7.0,1.0,31
41555,11.0,13,22,1,1,2,1,1,8.0,234.0,10.0,1.0,2.0,15,1.0,1.0,9
41556,11.0,12,22,1,1,2,1,1,8.0,242.0,10.0,1.0,7.0,15,7.0,8.0,31
41558,11.0,10,22,1,1,2,1,1,8.0,236.3,10.0,1.0,4.0,15,1.0,1.0,9
41559,11.0,21,22,1,1,1,1,1,212.0,5.0,8.0,1.0,2.0,15,6.0,1.0,9
41562,11.0,12,22,1,1,2,1,1,212.0,6.0,8.0,1.0,2.0,15,1.0,1.0,9
41564,11.0,5,22,1,1,1,1,1,8.0,238.2,10.0,1.0,1.0,15,1.0,4.0,3
41565,11.0,16,22,1,1,2,1,1,8.0,238.2,10.0,1.0,2.0,15,1.0,1.0,9
41566,11.0,22,22,1,1,1,1,1,8.0,241.0,10.0,1.0,7.0,15,7.0,9.0,9
41567,11.0,20,22,1,1,1,1,1,8.0,235.2,10.0,1.0,8.0,18,7.0,11.0,3
41569,11.0,8,22,1,1,2,1,1,8.0,238.2,10.0,1.0,2.0,15,4.0,1.0,38
41572,11.0,12,43,1,1,2,1,1,2017.0,42.5,8.0,1.0,3.0,15,3.0,1.0,32
41573,11.0,19,43,1,1,1,1,1,2010.0,29.2,7.0,1.0,7.0,14,1.0,16.0,432
41574,11.0,12,43,1,1,2,1,1,2017.0,32.6,8.0,1.0,2.0,15,4.0,1.0,9
41575,11.0,13,43,1,1,2,1,1,2017.0,34.1,8.0,1.0,3.0,15,2.0,1.0,21
41577,11.0,12,43,1,1,2,1,1,2017.0,22.5,8.0,1.0,3.0,15,2.0,1.0,3
41578,11.0,12,43,1,1,2,1,1,2010.0,29.0,7.0,1.0,7.0,14,1.0,16.0,3
41579,11.0,11,43,1,1,2,1,1,2010.0,37.0,7.0,1.0,2.0,15,4.0,1.0,402
41580,11.0,22,43,1,1,1,1,1,2017.0,30.5,8.0,1.0,8.0,13,2.0,11.0,3
41581,11.0,14,43,1,1,2,1,1,2017.0,19.5,8.0,1.0,3.0,15,2.0,1.0,9
41582,11.0,19,43,1,1,1,1,1,2017.0,39.3,8.0,1.0,3.0,15,2.0,1.0,9
41583,11.0,12,43,1,1,2,1,1,2017.0,33.2,8.0,1.0,7.0,14,1.0,16.0,9
41585,11.0,15,43,1,1,2,1,1,2009.0,9.2,6.0,1.0,1.0,15,3.0,2.0,40
41586,11.0,12,43,1,1,2,1,1,2009.0,8.0,6.0,1.0,3.0,15,3.0,18.0,9
41587,11.0,7,43,1,1,2,1,1,2009.0,6.7,6.0,1.0,2.0,15,1.0,1.0,21
41588,11.0,19,43,1,1,1,1,1,2009.0,7.3,6.0,1.0,1.0,15,4.0,2.0,82
41594,11.0,20,43,1,1,1,1,1,9999.0,178.0,7.0,1.0,1.0,15,1.0,2.0,2
41596,11.0,15,43,1,1,2,1,1,9999.0,175.3,7.0,1.0,2.0,15,1.0,1.0,21
41598,11.0,12,43,1,1,2,1,1,9999.0,180.0,7.0,1.0,7.0,15,1.0,21.0,38
41599,11.0,12,43,1,1,2,1,1,2010.0,49.0,5.0,1.0,2.0,15,4.0,1.0,406
41602,11.0,16,43,1,1,2,1,1,9999.0,168.0,7.0,1.0,2.0,15,2.0,1.0,21
41604,11.0,12,43,1,1,2,1,1,9999.0,171.5,7.0,1.0,2.0,15,2.0,1.0,21
41606,11.0,23,11,1,1,1,1,1,9.0,171.8,9.0,1.0,8.0,13,2.0,11.0,36
41615,11.0,16,43,1,1,2,1,1,2010.0,9.8,7.0,1.0,2.0,15,4.0,1.0,32
41617,11.0,8,43,1,1,2,1,1,2012.0,21.1,5.0,1.0,7.0,14,1.0,16.0,32
41619,11.0,13,43,1,1,2,1,1,2010.0,8.2,7.0,1.0,3.0,15,2.0,1.0,31
41621,11.0,23,43,1,1,1,1,1,9.0,340.0,7.0,1.0,8.0,13,2.0,11.0,9
41622,11.0,19,22,1,1,1,1,1,2017.0,2.0,5.0,1.0,1.0,15,4.0,2.0,9
41624,11.0,19,43,1,1,1,1,1,2017.0,49.6,5.0,1.0,1.0,15,3.0,2.0,9
41625,11.0,12,22,1,1,2,1,1,2002.0,29.5,6.0,1.0,1.0,15,5.0,2.0,9
41626,11.0,12,48,1,1,2,1,1,2022.0,36.5,6.0,1.0,1.0,15,3.0,2.0,9
41628,11.0,14,22,1,1,2,1,1,9.0,258.2,9.0,1.0,4.0,15,4.0,2.0,9
41629,11.0,0,43,1,1,1,1,1,9.0,268.8,8.0,1.0,8.0,13,2.0,11.0,9
41630,11.0,9,22,1,1,2,1,1,9.0,261.4,9.0,1.0,7.0,14,1.0,16.0,9
41631,11.0,12,22,1,1,2,1,1,9.0,259.1,9.0,1.0,2.0,15,4.0,1.0,38
41632,11.0,19,43,1,1,1,1,1,2019.0,9999.99,9.0,1.0,2.0,15,4.0,1.0,9
41634,11.0,20,43,1,1,1,1,1,2012.0,26.1,8.0,1.0,7.0,3,1.0,18.0,9
41635,11.0,11,43,1,1,2,1,1,2012.0,11.1,10.0,1.0,2.0,15,4.0,1.0,31
41636,11.0,22,43,1,1,1,1,1,2012.0,26.1,12.0,1.0,1.0,15,1.0,4.0,9
41637,11.0,15,43,1,1,2,1,1,2012.0,19.1,6.0,1.0,2.0,15,4.0,1.0,82
41639,11.0,16,43,1,1,2,1,1,2010.0,14.8,26.0,1.0,1.0,15,9.0,1.0,9
41640,11.0,18,43,1,1,1,1,1,2012.0,21.1,8.0,1.0,7.0,14,1.0,16.0,31
41641,11.0,9,43,1,1,2,1,1,2012.0,11.2,9.0,1.0,2.0,15,4.0,2.0,48
41644,11.0,12,22,1,1,2,1,1,212.0,24.0,6.0,1.0,2.0,15,3.0,1.0,400
41651,11.0,10,23,1,1,2,1,1,13.0,240.3,8.0,1.0,3.0,15,8.0,1.0,21
41652,11.0,21,23,1,1,1,1,1,718.0,1.6,8.0,1.0,8.0,14,1.0,16.0,3
41654,11.0,19,23,1,1,1,1,1,6.0,146.1,8.0,1.0,3.0,15,8.0,4.0,21
41655,11.0,22,23,1,1,1,1,1,7062.0,0.1,8.0,1.0,3.0,15,7.0,6.0,9
41664,11.0,12,39,1,1,2,1,1,8.0,645.6,7.0,1.0,8.0,18,9.0,18.0,21
41665,11.0,16,39,1,1,2,1,1,8.0,639.7,7.0,1.0,2.0,15,4.0,1.0,5
41693,11.0,20,23,1,1,1,1,1,802.0,134.5,9.0,2.0,7.0,2,9.0,11.0,31
41696,11.0,14,23,1,1,2,1,1,7058.0,3.2,8.0,1.0,2.0,15,8.0,1.0,9
41700,11.0,14,23,1,1,2,1,1,13.0,240.9,8.0,1.0,8.0,14,1.0,16.0,82